attachment_id	source_path	sha256	bytes
434	2019/12/OPRY1.jpg	494672c968cfc62cd4ea327f8f6198b11487af67867fcee0aad67cb071671038	294886
437	2019/12/SUGARCANE1.jpg	7423f765e5f8a63f6cf34c26152118eb2bab34fe4c7ffbd04d05dbc8446a0d35	209454
440	2019/12/Featured-1.jpg	203b26c553a9ebf94459019e96e56d748c20250e1e0a8b7ad104abf19bbcdeb9	2360806
442	2019/12/Sugarcane-Featured.jpg	e9615fd4c604f185c719b530ef61e2d20d4f44b35ac383531e783cca5ae9afce	134439
488	2019/12/Mint-Featured-2.jpg	2f0a3a18d2b76583ce99b438d55604d9d51835dd406c17ec057273df98f925d0	3941786
492	2019/12/Kat-Theo-Featured.jpg	1e753248cdda40a9210e6578b1c47d60ea80e60bad0bc53ba0e971179071193b	520584
501	2019/12/Vivvi-Featured-5.jpg	531185dad64939fc74a482a0e846d01e5ee519572fc6d077ec81b32c8878765d	3599369
510	2019/12/Burger-Lobster-Featured.jpg	11ed7cbf07f688c2e2a198d4293336f1f3e8073ec8e83ac8005979c7156ab9bb	148267
514	2019/12/Momofuku-Featured.jpg	6743604ba2b1178e7d99c733015fab4812fd1614266b4c2b4fe20d27963f9e73	138877
521	2019/12/Tribeca-Loft-Featured.jpg	2b314575be8cad1e6006dcfaa65d6c6f08033f0adf7c751791d234b6ec561a46	2149828
528	2019/12/Murray-Hill-Featured.jpg	a6163113f6b1fcdf2781a14da02ff8a72585b85bd8f65f5127f8ecb3fb5a6826	82683
532	2019/12/West-Village-Featured.jpg	34cda30452f9ae62692b887e926af5b1a3405f8654d43d467d40dd3499d8dc2e	124514
535	2019/12/THOMPSON_STUDIO-Featured.jpg	8c6488e7ab737acd3bda2b258403155dc8704ee5b2097f27189c83104a0e4721	1305029
538	2019/12/W23-Featured.jpg.png	1fb55f3d652e81f7ee56b89ba4cc34ce7c408bcf246ed3d9788865bc6e958932	539220
541	2019/12/Upper-East-Side-Penthouse-Featured.jpg	806893596fa92a46984af57e75b7bcfea6ee1926af0eb3810bf92adc9b3d8867	30375
547	2019/12/Featured-Rock-and-Rileys.jpg	ec2b3db90fdaff0f0d8d278c7f5a7aa5e062f7db2677a3d7d2942df4172d6212	1961046
550	2019/12/Gunter-Seeger-Featured.jpg	37e0d1f29943727403c65796957fb63f111656cabbf0a000b04782f91e002aeb	159681
553	2019/12/Mexicue-Featured.jpg	2aa425cba3ca6631f0d2e6e874d574e8378ab18cbc708760180d1a136999f61b	153666
565	2019/12/Washington-Sq-Derm-Featured.jpg	3eee1c9ff86b7e9e3bde7cca5bb8b383a34b3732c4bb5f2eb5bd72ff449a7293	173983
577	2019/12/Indeed-Updated-Featured.jpg	0370e914ae7e13f3e65f90e95b00501c15a4c01e6cb8fd98d812ca87e477d701	101878
578	2019/12/Gunter-Updated-Featured.jpg	deab843c3c68d3322e3f4756f4214214afe16a3918e367ad84521572aa5f9e2f	1318964
580	2019/12/Free-People-Updated-Featured.jpg	c0be878579cf586f6efa3c3c8878a7fe552c475c47d0939b58a9cadc180a2367	68620
607	2019/12/UWS_TOWNHOUSE6.jpg	a73c37fe26a540679c8db16b513126c48606a4889b1214198db82357584a05b1	260096
609	2019/12/UWS_TOWNHOUSE4.jpg	c9e4d82d47242bc45681265e41145211906bce6b6f21777ce0c1be7c0a899575	242376
613	2019/12/Horatio-St-3.68x6.74.jpg	1b21ff5972b3d6adc0c879b111136df85f81e39b920c0383ac8aca915ffb04d5	151115
615	2019/12/Horatio-St-3.9x3.jpg	c9767d94e9bd5dc3f1bf83497814045aa7f1488a359a10ca39a1aedc56c7d09e	61561
616	2019/12/Horatio-St-2.35x3.12.jpg	61be0b35ef4c64bc598e4552a2c0bb42444b0ba2c6871b5b816bce7be1d5ac4a	54429
617	2019/12/Horatio-St-4.50x2.86.jpg	12a25e53753f4b08022b39dbc074f9c8b5e87261e0b93b4eef9d72a963a60060	144049
618	2019/12/Horatio-St-2.17x3.12.jpg	2980dc438fe9bfbf11ef7b6503d7fd50aea3a61d87fcbdd91386c2b8b2ebd4ab	75590
619	2019/12/Streamline-Residential-Horatio-12-4.11x5.65.jpg	7ba79343b356e4eab546e75d6290852b255136d54f32ee0b0c19f34cce0d50db	90796
622	2019/12/Streamline-Residential-Horatio-17-1.71x2.08-1.jpg	fe37d517ad1635341af5af127ebb3554206c42ef31a67f70719c2f5bc2761ad0	38893
627	2019/12/Streamline-USA-Washington-Square-Dermatology-2.08x2.63.jpg	c7692216cf44e6758195cd343fe3269d8790663c3fced59bab5fdec843d56bd6	49515
628	2019/12/Streamline-USA-Washington-Square-Dermatology-3.69x4.36.jpg	79b08707db44ba9f474c6ff1ee99c015cefe34563d3863ecdc80d42f5ac4474b	120011
629	2019/12/Streamline-USA-Washington-Square-Dermatology-1.71x4.37.jpg	79118b5d9c93522d937f43c7975d9079e9c929d2ce0c99dd7082537a83652c02	47754
632	2019/12/StreamlineUSA-RET-Kith-02-4x5.65.jpg	c1eb1d80d0f9ca07e39a42ca65f3aef2708780c79542440f8265c407fbfa0607	204037
633	2019/12/StreamlineUSA-RET-Kith-12-3x2.jpg	6586a2728abbaae264b97999763cfc07424dee8589b68655d53f7f368216a72e	79089
635	2019/12/SL-_-Retail-Kith-17-2.155x2-1.jpg	954911f05b223df46cf6f8a50810bf887f548e127277f65ca3d0f896db943a02	4996022
636	2019/12/StreamlineUSA-RET-Kith-03-2x4.205.jpg	c7725ea81887e8b14aab4ea24c1e11f6e2ed85db88e46222ddfb12cc0c0ee783	122593
637	2019/12/StreamlineUSA-RET-Kith-13-4.3708x3.4.jpg	446d1eaeaf47eee851541c5c5be3c8e55362654a5c4eb49af84caedea58cd416	144785
640	2019/12/SL-_-Retail-Kith-08-2.155x2.jpg	28f199c1d6aa68606aa8bdd33fc248ef6a5ac1423dfa43c178f9a03863c4f678	69246
641	2019/12/StreamlineUSA-RET-Kith-03-4.37x3.4.jpg	75699087aa987daecd985e169a62c24cc4a0af52a2b6170f5169d197ded3a3fd	92367
642	2019/12/SL-_-Retail-Kith-02-2x3.jpg	853ecf97cec60762665f9bfa759655b207fbdfc35639857e446f9a6732b03eb3	85924
644	2019/12/StreamlineUSA-RET-Kith-04-1.46x2.jpg	eefe02c5d32880b871ef064b2618a291b5b8c87d34dd2e3828c13cd50bc9305c	60124
649	2019/12/Streamline-USA-Atrium-5.65x4.11.jpg	379879161f864be417da8ae81105addc550e3c6dccebb63653434d2fd7b15d54	198790
653	2019/12/UWS_TOWNHOUSE7-1.jpg	0d636ebf84ac451e321a48629cddca5b2924ca11f7dc134d6fb4521f44dee5ca	236847
655	2019/12/SL-_-Commercial-Indeed-06-3x2.jpg	cda362b97b7f601afb92c36f797c8a64ba56f5445813f42c9af02102b5e670dd	94785
656	2019/12/SL-_-Commercial-Indeed-07-1.4x2.jpg	11fc2c6819b95b4f12d91f1f375a53cb3bcbfcf0b9fb0b85546b41da9e532b56	48121
658	2019/12/SL-_-Commercial-Indeed-02-2.155x2.jpg	a0e3bf490ab41f8920ccbe6b4c3449cb16a908586b46bf377043f93d8c7ef318	81134
659	2019/12/SL-_-Commercial-Indeed-01-4x5.65.jpg	9814048f5c4fb0399c6dbf902205618706a5cb5196bb7b832a03e3e3351b0237	183726
661	2019/12/Indeed-Pic.jpg	4828437f758927519073145ea8d192d29796d383f799344a1d386cb32c65188e	237741
665	2019/12/MEX6.jpg	eace60d30b437f4a5966904bfe262ffd97ec232dc96d106e3ad5b35f77bcb213	145400
666	2019/12/MEX5.jpg	67e6a8dd2d3fed599ec80d80e69ca0255375419460fa18f07d49a77e5bfb6a47	116890
667	2019/12/MEX1.jpg	46e68217d02b2d8940ddf45c978ddce3f1afff7592306ab058773fc5801043a2	163934
668	2019/12/MEX2.jpg	65a5827ee5ff4d24e9ca0638bf3c7279c48c618b921d0cfeaa874719f1a9b56b	166900
669	2019/12/MEX4.jpg	ba1736f9fa0ae3824db341e1c6ae8fe04fec1f59cac2053d098ca5d2990b7a81	68945
673	2019/12/BLURRY.jpg	d04fd19cc04a34b6c63f3e29ed2c32b7f336bf1af0a76970f87b741ccaceb3a0	126306
676	2019/12/SL-_-Hospitality-_-218-W35-_-RocknReillys-3.125x3-1.jpg	fa61fd065bda7bd6812f121c4dd056774ab760d425d9d187184aa2d4a2552014	116533
677	2019/12/SL-_-Hospitality-_-218-W35-_-RocknReillys-3.125x3-2.jpg	5f5895eb2916b538dcb8a022fbdd4eb73ccb98f589ac7733b89b892be03056d3	4015434
678	2019/12/SL-_-Hospitality-_-218-W35-_-RocknReillys-5.475x3-2.jpg	d9644b156d4b7f8595792ea627361a81531853c2e6e577f1310d9f3ae22ae0a0	299468
680	2019/12/Upper-East-Side-Penthouse-1.jpg	ebc1af5e2be682098f4e124e29bc181a2db2ece5543dcf2c8e84cc6e9accca7c	31701
681	2019/12/Upper-East-Side-Penthouse-2.jpg	9018d1a4b10acac708b9b3a984ac6e06d148e49fbef5a0d6794c8020092ae26b	18768
682	2019/12/Upper-East-Side-Penthouse-5.jpg	ddc1e8f2d29903913ac0552b7535c4af5aa9c1acd2debcc90604108e580181c1	22962
683	2019/12/Upper-East-Side-Penthouse-4.jpg	e655b29205b936ae42cf36f2a3bfa1dd26e65f08a9d92a08da79cb6b76f1b8bd	26752
694	2019/12/THOMPSON_STUDIO3.jpg	8761de46864c39b393e96bd28f8bcb0210740704201d5c8eecfeaf0059a928a5	918678
695	2019/12/THOMPSON_STUDIO1.jpg	8b9a888127bcf91833b82db0696ecc67300bc60dd077068d87bed5d2734a6111	1095522
696	2019/12/THOMPSON_STUDIO4.jpg	573111af3bdcb30407ed6c2259a537fe2969c29ffa7540db1f68cfca3027a2a9	1155351
697	2019/12/THOMPSON_STUDIO5.jpg	24e8fdabcfd4ba231a2767b72fceb9723a740439e3379ca4ce8f6e10a9730635	1263542
699	2019/12/12.jpg	40d07803f4332cbb309f475c37c22860fcbf5b8f616686a9c3a89d51e773dc82	84980
700	2019/12/14.jpg	7624b63f2410e48ac4e55685a675782f168cecc502f5f1687ccd10fe1cf445cc	129193
701	2019/12/17.jpg	3e58d5f4690689744e041f46217aec02b6c9791df28339a60517d40e6f6c09b3	185322
702	2019/12/1.jpg	ab60f04a8e1e9ae414f88333eb26991863e6f8494f33e1661f6de90989169012	133215
703	2019/12/3.jpg	cb39f788fd099d354e84c2a606e525720cc4f54f3c9679ff46020a195e12aaea	129062
704	2019/12/8.jpg	00149bea8d1a379e86c2d40160025fc0e29b21d88a815bec11f851f481d8be58	116901
705	2019/12/9.jpg	2d829d07875026e6f9857de37b54f5b1303faecba3104878900e1862026a5eb2	156493
706	2019/12/10.jpg	d6b67570d97c0cdf599285b04d1be409b5c34c4bd031b165041dec6fe9d8c2ae	154516
707	2019/12/11.jpg	aa3c3e130ad3c8c82b85afc609d4d6aa6a581c8f7680f86b7538ee5e89f37c11	146410
708	2019/12/13.jpg	3c68a83dfb72d5c157cf8e38f315e8f5bfbed86006dfe1f11dfa35f9a3ce7d10	196349
709	2019/12/15.jpg	91a0681409813d110dea77323e29920f84348ba306df8fd86df35b605479b7b6	249803
710	2019/12/16.jpg	f41ca0f5cb76d0ef40e738b3ba0060fb31ae6e17c28b943cd27ee8a46c1ac113	327539
711	2019/12/2.jpg	64be618b193ffdf9998fe24607751004f92fd6a49a43b6bf2a0c69018c07b2cf	154579
712	2019/12/4.jpg	d255eb39537e9652fae6756dd7da9a0de1feda18f94146585cf53b15b171cc78	176939
714	2019/12/7.jpg	c11f8e6f212ba9e4ae1e3f3446cd7429cd62081f07d9ff9b0d3369fc2d3b923d	192449
716	2019/12/MURRAYHILL1.jpg	4f1ed30b99246036330dfed4072fb29aae974c4c498a29bc2de2fbee655b22f3	78560
717	2019/12/MURRAYHILL2.jpg	921dc6fa41323a03a56299d589a12db750e18cf507720ac9af04ecae8537ba63	48108
718	2019/12/MURRAYHILL4.jpg	471579a391ef418a3ae59c627835125937416a75760d35fbddca0249811d26b6	63950
719	2019/12/MURRAYHILL3.jpg	498d1de7ddd3456846b3c433feffb23f3e977d50cbe1b2ebe4c1390f1a768fce	72740
720	2019/12/MURRAYHILL5.jpg	488389556c86f91be3f9207efd05a398b7e33c4b08802aeb76a1423a7e973db5	86371
721	2019/12/MURRAYHILL7.jpg	6bbef00a284f5439b3d5c35b4f7f40e9f0f0ab4673696ce2cd26bf7fb0e63858	68053
727	2019/12/SL-_-Residential-_-215-Madision-_-Residence-3.425x3.jpg	4362f0860198d65da0a87d6a7587a5464615268c1dc59db95731bb0e66627b6e	91043
729	2019/12/IMG_1243.jpg	83cd88bdc9a67dad02da037dd6879ea55811c9df63e8970e158910a34a28ac13	1949361
730	2019/12/IMG_1244.jpg	37d56eef431275b49a1b5e05e2d754f66ba97a815b2521fd225bf8554dc9f32a	2154827
731	2019/12/IMG_1245.jpg	9279c026dcb8fe1f12895aac505a80a6d1b02302467e63cf888a9b9c89faed8d	1291486
732	2019/12/IMG_1246.jpg	c3615d67cb509ebf0c04f71e4afabbe104727af3beb119dd39e02321b6721c8f	2245594
733	2019/12/IMG_1247.jpg	e1148ca539d3c79d6fd176e091657d1b8c437911278328ea74a4668e79ce2798	2041012
739	2019/12/Hudson-Featured.jpg	3365df8378d49cecffbcbd745f70462906e2093021a4522f5012bf5ea586a128	126282
743	2019/12/i-7HqhMqw-X2.jpg	fed776fa5eabe836615315a045f2a75bf66892411650f516d113d52821ae1ba5	57409
744	2019/12/i-Khm4Tpw-X2.jpg	3d006af778bd32c479fda7da79fd861dd5e92ba44dc2570d9fcd95bd6a0911c0	71344
745	2019/12/i-pSZ2SP3-X3.jpg	ce6cb6e672d8d3431fa6c76621078e6c685744256eb15f7a8f27e9d609ee8eef	176586
746	2019/12/i-tVwN3fB-X2.jpg	9926c0ddd33fcee12a2714007dea1bd49008e21e87c754d2badca84fb7519b5b	129301
747	2019/12/i-CS9WgLM-X2.jpg	284e55b6aa7522108c53c770b30e09719b34435cd2c84c0fb07726fc3ba9ce5b	73776
748	2019/12/i-WcQdmRm-X2.jpg	59cede57534557a9c31e52be40f1a0e7c5d5a95e3cceccf229c4bb62e0f7c454	138463
749	2019/12/i-Dpjk2Rc-X2.jpg	0845b90c8d25996894c1394b4a19357034409eda0bbe3cc20c31a90d6c5099b1	76368
750	2019/12/i-Nssb2GP-X2.jpg	ee8a31b5e95d408cae8c8c5163ab0031089d64c5971be687c07e13b59ac4b88c	51467
752	2019/12/i-xTCMsVL-X2.jpg	a42e47cbfdd27760b487648205bead7f60099d49679a3a2654b2db7ca632f575	179647
755	2019/12/Hudson-Featured-1.jpg	3365df8378d49cecffbcbd745f70462906e2093021a4522f5012bf5ea586a128	126282
762	2019/12/20180215_Momofuku_Ko_0173b_WEB.jpg	ccfcaf7d9005814daaefa73ded59f7e66836fca3144b55c0271b667dd9c818c9	121050
763	2019/12/20180215_Momofuku_Ko_0206_WEB.jpg	d7a62fc830dcdd1d756fd936465d396fb0fb9f27f81c36712c7f8ca0d8e8e385	113705
764	2019/12/20180215_Momofuku_Ko_0173_WEB.jpg	8b489441503b90317aa4e4285cdf983fe1792fefca2ae4776f4c1450211ec1a1	129742
765	2019/12/20180215_Momofuku_Ko_0279_WEB.jpg	68ef7dcfd6ac344bba5e4498ea2aa41ba429d5f9a3e2beabfd1cc2eed0c01699	105752
766	2019/12/20180215_Momofuku_Ko_0280_WEB.jpg	01725dc0cfdf2064c6db6885489966a9b0bd6aa25ab56dd610fbc033db20a607	135312
767	2019/12/20180215_Momofuku_Ko_0459_WEB.jpg	92d8baec85f47d8b5728486738801b9f45bdf472adb7df684fdb357ecdf292bf	113716
768	2019/12/20180215_Momofuku_Ko_0368_WEB.jpg	f7ba91fd794d879f88164edf189e5054ceb6a037ba52ae3b57ee771301301a00	163647
770	2019/12/BURGERLOBSTER6.jpg	bca1d5f17210a8d69be9fe2f2964a6d0f294947a381df52d7c7a300d75fc7a79	134142
771	2019/12/BURGERLOBSTER2.jpg	96c7bc2fdd4f9b2a2bf4b3832620ebfb379dbc5ae6ae9ad9e1cde296f9ef1e01	117510
772	2019/12/BURGERLOBSTER7.jpg	fc290eb0d5b207aaaccfbe7ab42fcd3b7a7f2a0eb8d09b9dfbba29761f4fdcf9	153842
773	2019/12/BURGERLOBSTER3.jpg	9c1b0090dca7bf9334446edb775088dad8be6eb44eccdaecdd66de60b85797b0	137976
774	2019/12/BURGERLOBSTER5.jpg	21c000ede92dd8319ad5c55d8cc971eceac22f7de23984235fb4b6d5319b6cc6	73359
775	2019/12/BURGERLOBSTER4.jpg	9fb2239f28fad168a7aa8c9c2fce2f7a9e5832607eabc64325c30e0e2dd9983f	163564
782	2019/12/Spring-Studio-Featured-1.jpg	1d90d99be5da05bbbd70601a9cb3040a2b66884cd9f79301b3b26bc4fae0c245	84950
790	2019/12/11OF11-VIVVI-F.OUDEMAN┬⌐-03.jpg	b55f4d2dacd8ee3c97465e5eb8494b9df89b12423d4250747945a4887bf24122	4187777
794	2019/12/11OF11-VIVVI-F.OUDEMAN┬⌐-13-2.jpg	fe1364325999ba43f04f6d79e704927ebada638d73d35ba1c8306ed46d028035	1594750
796	2019/12/11OF11-VIVVI-F.OUDEMAN11.jpg	d62e98e117fe1ea40d59ef4c5a71e2a33abefe47c3980e2030387d1409766b84	752638
799	2019/12/11OF11-VIVVI-F.OUDEMAN09-1.jpg	f8012c2f8fd877da5209a1e729298595f4a3d2302b99881b8216b92062b3bd38	5562022
803	2019/12/11OF11-VIVVI-F.OUDEMAN10-3.jpg	0718629a01d7c762f56b2b1cf17baf61fdff429723239d56667305a899c0ceea	2852886
806	2019/12/11OF11-VIVVI-F.OUDEMAN12-2.jpg	811d131d97de137324434604f7ebbe372f09abbdb64617e137d26db8da5f81fd	2712370
808	2019/12/SL-_-Hospitality-_-2-W21-_-KatTheo-3.125x3-2.jpg	8f2077ddcd3e0bb0bd955fdc071a5dce9e936292e971a754acbdeb5181702c94	132768
809	2019/12/SL-_-Hospitality-_-2-W21-_-KatTheo-3.125x3-1.jpg	361323ade4402ca76a8becc00e073008099230547edf523d3de99e380879fd25	571580
810	2019/12/SL-_-Hospitality-_-2-W21-_-KatTheo-8.175x3.65.jpg	138dff70ffce3303d7cac2b2602236ccb2935c6d6e9ac28c53fe5f6f19f0fab2	391016
813	2019/12/Creme_Mint-Kitchen_HR-11.jpg	c9500a4c5ff460856f88e2a3043406cfa52e0a6e3f2cc8ae67bdacc6e39c028b	4177751
815	2019/12/Creme_Mint-Kitchen_HR-13.jpg	1366db79331dca8f31672e82febd4cbdecfe8f349b46a9a6eba50002a29e88bc	4812695
818	2019/12/Creme_Mint-Kitchen_HR-16.jpg	1ba3448e29f30dccc3eec6ad8336773ef3850f482a3c91c73ecc8e6a92552e04	4879156
827	2019/12/Creme_Mint-Kitchen_HR-6.jpg	2da6163c1fb4e285edb9bdfb43ee3333f22c5bb064cf02f3af3eda2c84563200	4336945
828	2019/12/Creme_Mint-Kitchen_HR-7.jpg	cbbc5abee8510ab7437b660369f18caab8019c5c5c58df673d4db4609f42540e	4777390
829	2019/12/Creme_Mint-Kitchen_HR-8.jpg	d9785e2257804ef77e0dae93201b1d69ff5fa6d9cb496a48ba6f605f10a59d6f	4171092
830	2019/12/Creme_Mint-Kitchen_HR-9.jpg	d1d70492b8f454e31a2ae2f49096704dcfc83062f6a7f946d4da34a7b32ff60e	3872625
833	2019/12/Creme_Mint-Kitchen_HR-3-1.jpg	526db12cc4e1478515f72366c4b61db1276d060eb4a694e881883052fe59c5c5	3497505
837	2019/12/Boqueria_West40_0518_LizClayman_210.jpg	b78fb28c24919745ba6684fdfa17d2238de9807002d60ec7063b763fd5d3a6a6	1112691
838	2019/12/Boqueria_West40_0518_LizClayman_211.jpg	8d77bff132bdd3d5549ce50df3ebf11e8fe26e6ad80505959c00a34026cc7a32	1235998
839	2019/12/Boqueria_West40_0518_LizClayman_212.jpg	f29481e3876c96c17c801eddbf768cde232433d648bd2532da57ed7cb555b706	2403641
843	2019/12/Boqueria_West40_0518_LizClayman_197.jpg	86f3fc2c67ae3866394e513eb0b79b8ee3034dff3f17f899bf60a955ba047d50	1544136
844	2019/12/Boqueria_West40_0518_LizClayman_203.jpg	13383c6fcd7571f23e73c277ddf233d1b26564222c3a2f9f0b2e5799e0cd052c	1530237
845	2019/12/Boqueria_West40_0518_LizClayman_206.jpg	1dcfc9133ca1618dbd5fb102698e245e55ae211b4c9a1c133dd19ce5ce52b25b	1900132
846	2019/12/Boqueria_West40_0518_LizClayman_209.jpg	2d3265f163a9840f0bb3aff9d39dfb6ddd16a22120db71bb75113d90a3bdb3ea	2041194
850	2019/12/Boqueria_West40_0518_LizClayman_128-1.jpg	b358dafd0e82cfcd3cab84d526353dd628d44d820cde54e072e78caec8daf1ea	4289717
852	2019/12/SUGARCANE2.jpg	9cd784a31a2cf11d881470d7323cc8559471232cb485707894f1bd75c34f250a	113914
853	2019/12/SUGARCANE3.jpg	cf2a3c7f18b21e21d7fdcb75f84fd7904e2ba2e6a44f73925660c7f79cbcbb41	115432
854	2019/12/SUGARCANE9.jpg	d9fc85b93d89cd6352e3df7f548f7ba4d1bd321c2aa9ea97e1499d73ee9bbc89	89142
855	2019/12/SUGARCANE6.jpg	378700ac7572e4622f1f25562f1380041f3edfdc3441e5d8e48b5e3bd6bd9604	120860
856	2019/12/SUGARCANE4.jpg	744353262bbfd8f390409757707c7681987f6bbcdec5659e35d0af7d681b3668	147000
858	2019/12/SUGARCANE7.jpg	3ae591acaaebb460c67bd41c1de59c6348e1b862b8052fe088dd7d1ae3376150	188546
859	2019/12/SUGARCANE8.jpg	4931c888ec781915d66134a7886c8c12dcea1f5004dab610ce95710c75315743	198077
861	2019/12/OPRY5.jpg	a1865dc9927a1ce5e871905d4143fd921ddeec57456725b9d269a9b958e216b7	24976
862	2019/12/OPRY10.jpg	89580b96255c29f6b7d526dff8aece21889883be5a9c3435971fe82face6e7bb	168369
863	2019/12/OPRY11.jpg	09d7a4735ccf33986e33b41caa0e80ce131afda5d6d63318914a4adb663bbd2a	265047
864	2019/12/OPRY2.jpg	d010ace09eb895a2f2c0147e663105c7e5e52c96b26e2754a59a4e447d1a783b	280523
865	2019/12/OPRY3.jpg	5a431dc512a1db72f82529f63970a9db9e949317eb4d28621549e0abdf427a42	244849
866	2019/12/OPRY4.jpg	b08f95d0732a229e3fa31363cf622b6d19c17c6ee472a4c6b9f52684bb0c6e41	260673
867	2019/12/OPRY6.jpg	d7e2776f7355a4b2b2ba22075f41f229fbb6b7619536b7dfdec0f0c730f1f0c6	243724
868	2019/12/OPRY7.jpg	ce90e3e8dadfaf0dc504a0ee5bb68fc58bd67db3fc75ac207ee8bd2148935616	199514
869	2019/12/OPRY8.jpg	e2bff6a362fe0352062ed67b22b231f00101ca200d577a02e3d12c27bba5b2e9	240977
870	2019/12/OPRY9.jpg	0224a0f4e43e5c0d97ce22352a9e87b695c06649804d5c535eb5c151244a4f95	205627
925	2019/12/Vivvi-8.jpg	a132c67520620236c363797e6bcd83f2fe0b0b94eba53b8da4077b0791fc704c	2302902
926	2019/12/Vivvi-7.jpg	4b72d44adf48a5975679118a861c6251776014bbaefdeec867a76502cb92a604	3377041
927	2019/12/Vivvi-6.jpg	4ebc6bff209d0e351b9216f69013e6363794566aff87a394737a14900ed6dd23	3113780
929	2019/12/Vivvi-5.jpg	c190cd9df10ca6325ab8cf1879811e2f3d8c5f11bf1bb95c8f9bd41499e27a88	3097377
930	2019/12/Vivvi-2-1.jpg	1aa46753a912ed179994c8d31e913f013d00a016c9748dff991dfba4d103c7ff	4589319
931	2019/12/Vivvi-2-2.jpg	4c5ce51087d783dc50d16f9a88b30794c3bfdcd4a1e1f0bdb564be190401e92b	3202486
990	2019/12/DSC_0062.jpg	24d8ffb384debc634d033a76ca415b22eaca6ddb4f890513f86300f1dbe91716	4564354
992	2019/12/DSC_0049.jpg	9cea61eb7b9a2c5f003695013d8e3dcee05abfaceed25f7aa168c6a42c07a08d	3167871
993	2019/12/DSC_0048.jpg	68cb9214a6e47f20d6670a2cf618d05605cf27291090543cb934ade6d16c3354	4376170
994	2019/12/DSC_0064.jpg	ff83074e4ccd5f7be968cc23c4107511ca11cb2e2d29c107366d818cc14bd340	3750842
995	2019/12/DSC_0058.jpg	ed8ca5cf9d20a3c683f89d64fbc6351fac8e564c59aa1826cf51600f0ed6e7d0	4658239
996	2019/12/DSC_0059.jpg	eb26403bcc1cc052905598c9aae2f6fd4e33b568b225ca41e824075ba312ea14	5302686
997	2019/12/DSC_0065.jpg	9020d655408685ae859a785e23cbc381296a79db5c7520b8b5dcba7d1e0a6166	5297412
998	2019/12/DSC_0057.jpg	88afa219fd68adc476a1068be7ecc290a79ae474417e4f0e8539bdc1314403f3	5470436
999	2019/12/DSC_0056.jpg	9d17eb255abb93a25e21e7a8c8671446c47bf35e11ad946e660be5d0399fa32f	3891183
1000	2019/12/DSC_0054.jpg	b0daea3fd0fd3f99e622e945b2185c2663c3f00fe8deb44334e472a3d9c5ecad	5560290
1001	2019/12/DSC_0055.jpg	41dc1bceb837571939668a1700a85d41842b6278a4fd088be6cf85ec27fdd7bc	5280036
1002	2019/12/DSC_0052.jpg	25b77307e649f66c7241d9c943be79abfd6cf4a29ecf0403f2f5c510dd3430ea	3700231
1003	2019/12/DSC_0047.jpg	22307f4ec30f163fbc1b2f84d9a5ec2b01a9726d086337a38f90503f53b04bc3	5335448
1008	2019/12/Screen-Shot-2016-03-02-at-1.48.10-PM.jpg	57ba86129313a021c684f46aa09c96b2971199033cd2c3f1421fbc706d43762e	126380
1009	2019/12/Screen-Shot-2016-03-02-at-1.48.15-PM.jpg	d1c3d410250a20a86890e69c7f090b00455accf02b8036ac45d35e3f92b944a7	193299
1010	2019/12/Screen-Shot-2016-03-02-at-1.48.02-PM.jpg	7f3c4caea5b6fc27cd9a2885a29880310fd28499322eb23db5145ca5ab4b47ab	148369
1011	2019/12/Screen-Shot-2016-03-02-at-1.48.46-PM-1.jpg	024126811399661d37f13e23ca52d1f99cdc85af0779afd45be77cf6a9e06bf9	90710
1012	2019/12/Screen-Shot-2016-03-02-at-1.48.52-PM.jpg	fd9a26f6b47e47c66adc3b07682a93ac879b6d3b9351dc4deb5d1d88cadde22c	218160
1013	2019/12/Screen-Shot-2016-03-02-at-1.48.29-PM.jpg	a7eb26ab62006d4e3d13e3a493b9209204fc2a415e5e26c7d538c8636f0e22f2	92099
1017	2019/12/IMG_3444.jpg	f7fda7ff948c2b90b1d4b13f356fa0b8dec09064eb75d6df5fbed483f916e3fa	2520508
1018	2019/12/Free-People-by-Streamline-USA-1.71x2.0.jpg	c0be878579cf586f6efa3c3c8878a7fe552c475c47d0939b58a9cadc180a2367	68620
1019	2019/12/Free-People-by-Streamline-USA-1.71x2.19-1.jpg	a557abe76192f1e6c07f35747a298681f8d2688378430b499c04baa68600afd0	90973
1020	2019/12/Free-People-by-Streamline-USA-2.1x3.71-1.jpg	4396fe78b0b72d474c189cad571c4f962697d1541c2aa5d571ae4a38bbbdce9a	91823
1021	2019/12/Free-People-by-Streamline-USA-3.69x4.36.jpg	4ca40dd1c25c4fcb5d66a2c249489003c6019ee250d5e1ee0ed01b9f4ea76485	179585
1022	2019/12/Free-People-by-Streamline-USA-5.65x4.11-1.jpg	6d11a4046673de68a2df50c69a9339aa92d6370cb154859e178a5ab27e016805	347879
1030	2019/12/IMG_1211.jpg	659156c047e710e5255ef1947b694bf8c9160998d588c4eae6a4bfbd6fdf7b67	2382558
1032	2019/12/IMG_1212.jpg	0b2b5293b84f7013a3afdb9d9b9d276a1023357f2014c3f8186dfe8f36712cf0	1807057
1033	2019/12/IMG_1216.jpg	99314b1d755bacc567ef57cbeb9f2da65d2aeab6b4074091ab4e5275e8be25b0	2150926
1034	2019/12/IMG_1217.jpg	63e070a5c2bffebe1f23b123606276a408ff8152ae61bc1d6389aa1d12a0e741	2121264
1035	2019/12/IMG_1215.jpg	ded3b5affa48e2b6904a136c84e258eb66074423442131459c2ec3971fd40da0	1861897
1042	2019/12/SL-_-Commercial-Indeed-05-2x2.155-1.jpg	d862b892d597302889b959f7e6613abf315b13412d0c8c4c28e2e1621b7887b5	104149
1044	2019/12/SL-_-Commercial-Indeed-03-2.155x3.445.jpg	0370e914ae7e13f3e65f90e95b00501c15a4c01e6cb8fd98d812ca87e477d701	101878
1046	2019/12/SL-_-Commercial-Indeed-04-2x4.7875-1.jpg	f36e4ef725f5f36f15b6e7c4946fdfe6650845e4b35fac7729c6af218b5c7d4f	145069
1076	2019/12/tersigni-palachek-residential-west-village-08.png	c359cf7c8d7df78774ab768ee9dee7f89519a68a55e711df088b0b2e73416de9	296414
1077	2019/12/tersigni-palachek-residential-west-village-06.png	58018dd0a4eb1678ff6ce5ad2940800fbee3407aacf9c6e4a2ae33636b735be8	285204
1078	2019/12/tersigni-palachek-residential-west-village-04.png	e89922b99e8fedb37942ef77b7e1fc022229f2ddfe17f07a7811b8e12b264905	322979
1079	2019/12/tersigni-palachek-residential-west-village-09.png	f6bdd5e7d224db8a916ee47828ccd4c7a7a0db9d572b1f2b2a049d3e05922fdb	421340
1080	2019/12/tersigni-palachek-residential-west-village-07.png	25591dcbd545bf8672427acddd82b48a2a7f0d99f40337d9a65bb7966e8abd73	276017
1081	2019/12/tersigni-palachek-residential-west-village-03.png	fecd8ae0b10f6b122f266027c61bf2561e83eff671e634e263195c836ca226f1	325949
1082	2019/12/tersigni-palachek-residential-west-village-05.png	06e1cb21cc76f7ea4d61c985ea67756eae8b052a51c072840340e7f93fd9af06	285533
1083	2019/12/tersigni-palachek-residential-west-village-02.png	320ba9e5c4ce20bbccc9ed002b89abaa384ddfe527e051df7d5d924df73939ec	308470
1086	2019/12/tersigni-palachek-residential-west-village-01-1.png	995cb0d256098f60101e9fb515d8e790fa0941e63aed5bf75e7ec5921c7cc685	479404
1097	2019/12/BlackHenselNYC_10retouched1.jpg	f4d803d7461fbdcbe999968426e370d83b2d98985aff13e56b47f3130857c11c	3431360
1098	2019/12/BlackHenselNYC_041.jpg	eb41fbe1b5edc0b387f8daa74c715bed62f8e70dce839303f8a14e7b6c94d232	2253856
1099	2019/12/BlackHenselNYC_031.jpg	c7fb53fca2fb965737a9f66e088c3e0e024208ef58b96a693de5dc3655ac3909	1801831
1100	2019/12/BlackHenselNYC_061.jpg	6510f17a14155b84764df67df64491c690a55616f436242746f017f627da6646	2068030
1101	2019/12/BlackHenselNYC_081.jpg	792b2188ea52f3b8b568d2126424e35b8a8db17d3dd56d7d8a3352f141bd9f6a	1609462
1102	2019/12/BlackHenselNYC_011.jpg	6d524072decdd591ebcb462b413f904592422ba0f08016821cb68cc9156b86ec	1854382
1103	2019/12/BlackHenselNYC_021.jpg	3dd916d2b45615419fe76a17e7a07b14b4e5570b3c152c1f7e4b8f9116e77eb3	1982998
1104	2019/12/BlackHenselNYC_091.jpg	780d8a922a9954e8c130cc37834932a20e25daa1dbd57c60a00c3baaf54d3ecf	3031417
1105	2019/12/BlackHenselNYC_071.jpg	5e53e5442c98eeafb67adc5db2a6125f9341653b9a1b123e4072033142381bf6	2488761
1106	2019/12/BlackHenselNYC_11retouched1.jpg	bb40212f2fdaadf4c64c05339ea5c82c3e6e048bb5cd83a66477eae010c8b175	2607563
1107	2019/12/BlackHenselNYC_051.jpg	0e97c24cb88c2199d8c9b2d98fde0c1dbdc60e5590349dd2d696932314479e24	1971485
1109	2019/12/SL-_-Residential-_-215-Madision-_-Residence-8.75x3.65.jpg	66081625f12c78f5e489cce907490304435a60cac14fa0b189dc5e99ba9d441a	2575446
1110	2019/12/SL-_-Residential-_-215-Madision-_-Residence-3.125x3-3-1.jpg	eb88cf682f0f6e7539c26c6c7d94a5b4eadd359b89acbd770a25cced1490aa42	123131
1111	2019/12/SL-_-Residential-_-215-Madision-_-Residence-3.125x3-1-1.jpg	d496ececa2c158fec9ffd8e4799d9b0950d7f2edfccb80c7f44b853adc03afd8	80335
1112	2019/12/SL-_-Residential-_-215-Madision-_-Residence-3.125X3-2-1.jpg	379a274f89fb06ea7baae5134303c9e5b0c1ae4a9cc61131718499589aa84c9f	79244
1113	2019/12/SL-_-Residential-_-215-Madision-_-Residence-5.475x3-1.jpg	9f9ac91dc56a24d810dd214247ef67c2275750fbdade4b53ab4199b64e7aa7e3	130716
1114	2019/12/SL-_-Residential-_-215-Madision-_-Residence-3.425x3-1.jpg	4362f0860198d65da0a87d6a7587a5464615268c1dc59db95731bb0e66627b6e	91043
1118	2019/12/tersigni-palachek-residential-manhattan-townhouse-04.png	394a038dd2305f87682d5f0b9d3579ffc129c9c3baae004b4425bf551b9e24a8	375359
1119	2019/12/tersigni-palachek-residential-manhattan-townhouse-05.png	bdded971bead13630945dc7c23b999634764916075fe9b183458f5d6d46fb27c	387919
1120	2019/12/tersigni-palachek-residential-manhattan-townhouse-03.png	80080163c9081b5f0dc2f3927128b339d8678276802443309ad701c9437bf780	385678
1121	2019/12/tersigni-palachek-residential-manhattan-townhouse-02.png	9674f368e6be8c33aca93c8674003513f10079ac1db46bbdb01cb2eb315f2cb5	416217
1122	2019/12/tersigni-palachek-residential-manhattan-townhouse-01.png	82ff0cd784112815c4408f7b009f7083690203429d438ba4f8ba3dc5c2914583	447796
1123	2019/12/tersigni-palachek-residential-manhattan-townhouse-01a.png	5ec442a69511cf7f3818f3be8b5a275b72c63be799f3953a55fa1652b595afaf	432940
1124	2019/12/tersigni-palachek-residential-manhattan-townhouse-06.png	d18797a0decbc53def0e2ba40c360f59e2d608e92b15a6d9d3a126fea453f678	352418
1125	2019/12/tersigni-palachek-residential-manhattan-townhouse-07.png	323de47ae78fdf72285aaf0bb113bfc602fc693e6806d72351cc3c29326e998a	529705
1126	2019/12/tersigni-palachek-residential-manhattan-townhouse-08.png	a89a377da04905421fd5f530f486ec0324b241e95c67954965b34e71e52e7b84	530113
1143	2019/12/Streamline-USA-Atrium-8.0x2.25.jpg	c99507dedb7ac5567f1483ce156aa278934c2e38dcbd201d4a686ec69323aef4	226864
1144	2019/12/Streamline-USA-Atrium-1.71x1.90-1.jpg	62bc702084e674a2fab6293d109c2bebe1f94080fcc76989004d58d165bf2537	71345
1145	2019/12/Streamline-USA-Atrium-3.69x1.91-1.jpg	3345eb3392cdb3ea6c244df9bf99a6d355e461b1087dbf4176de1686657b9c43	97850
1146	2019/12/Streamline-USA-Atrium-5.65x4.11-1.jpg	379879161f864be417da8ae81105addc550e3c6dccebb63653434d2fd7b15d54	198790
1147	2019/12/Streamline-USA-Atrium-1.71x1.91-1.jpg	9148d0e635857c9141d8e672c64e65daeb793de6a047d734178b6d2fa01cdb93	46592
1152	2019/12/IMG_1071.jpg	776ce32b6206a2e4a8479676884797e179714c3650274afd316f2da25ea1a3b9	1864792
1153	2019/12/IMG_1070.jpg	59f0b469487e8e713cb3389f615fb7814e867c16f885ecc87acc3440feecb37e	2205643
1155	2019/12/IMG_1073.jpg	a62a2c0486a9b5b342b7fd88753f918a52d0eed63820f335117ccc1a7f9739b6	2719545
1156	2019/12/IMG_7210.jpg	d98d80dab203e931c3edb31bc07a7d4494067c90840730a796da3aba19af47b4	1586800
1157	2019/12/IMG_1077.jpg	c7cb8e33b6a270722547c1eefb7d81af4e5d78bc2d8f374325e857acef58632b	2207256
1158	2019/12/IMG_1076.jpg	54ad7557ecc26ab2912ecc64daea5862609a2ce6a46d40116f9b6bf4b0d5d259	1903093
1159	2019/12/IMG_1074.jpg	b0448223b7e5ee9cf3e286d25e88681de2ecf71787ae08e989faf58f1c915b2b	1923918
1160	2019/12/IMG_1075.jpg	0226ede7a8d59cea47445f5c717bda906d97ef015cd137302e23a299007f4ccc	2287872
1161	2019/12/IMG_0126.jpg	8cb6532cf94af14733dcc07b387109e4858957a8247eacd8ca836872f620a2d7	2403202
1162	2019/12/IMG_0127.jpg	6d5a98bd3fb6eb11cefe22b5cb5aadcd1d2eb51586acf65821b038ec1a7e5611	2324086
1164	2019/12/IMG_0125.jpg	ae0f21d70a50424a9bd911d2436e0e521b8f45177a513ec59509178c1e2f4f93	2364540
1165	2019/12/IMG_0124.jpg	1c4539c283329de2407931ec78cef9a416ef9f6c0cfb1866f577b518a4997df6	2416858
1168	2019/12/IMG_0108.jpg	cd5b10d5f845aa95fdba358a348817750a163e4ea53e8ab99cb8a9bdfb2ad87b	2385290
1169	2019/12/IMG_0109.jpg	5453e49edfba10257a26d2f2e3bb6b9b34e06ab762eb91dc2778a02c42472ad8	2490836
1170	2019/12/IMG_0121.jpg	f4e24be72d8e5c156128c3023eadacb40cc43e8ac157f7a397ba00cc87d26940	2363980
1171	2019/12/IMG_0123.jpg	533e77a7efaa5be9a8ec13b4af362702944f9d3659410fbd0d4024b0cc0c3ee7	2382464
1173	2019/12/IMG_0107.jpg	fe16a4b941899b69d6b599741337ebf770ad602e44f9dd183d72396575416f0c	2699899
1175	2019/12/IMG_0112.jpg	978ae43b09be40ddfa982b9133a9b4c89c484db0379c42bcc87d470d43eab023	1858229
1176	2019/12/IMG_0110.jpg	653138d27ae9547acffeb29236c95cba9acae9e42d6b6b358f9419057686ea5e	2189141
1177	2019/12/IMG_0111.jpg	c1ec6c6f45a1750d81beadadfa6e1145892703625721c992a53c046744cb415c	2173249
1178	2019/12/IMG_0115.jpg	d55e73109c2ccf9afc24b4daef5ffd7a7195a0f2440beae28285ebf78571a99a	1713600
1180	2019/12/IMG_0116.jpg	4daf368648f1537a417fb35460e5171d4c764ff38ec55e24800cd4129f057639	2151650
1181	2019/12/IMG_0117.jpg	136e0295930b91a19d31bb13fba0b8df2b558956fae9e73d96337e9ea9f350a2	2651835
1182	2019/12/IMG_1084.jpg	61dd0a68edc5bfe65ae42b6887c02b3d4a945cc346ae1c261d38df4a70df692c	2008642
1183	2019/12/IMG_1085.jpg	a2592128223ab9e4191315838e6980618042632877090feebdf6b315e8a1ec1b	2338585
1184	2019/12/IMG_1082.jpg	bc622a0809f84047fe12ea26efa036cd008477a831cb48b76b4e804f1e22b05a	1768017
1188	2019/12/16041_pr_springplace_5-5-1621862-3x3-1.jpg	ac0320a74e6acbdcd1c27ae3f1e1f883a2b31d8742cd218d8804641020094770	93523
1189	2019/12/8.75x2.25-spring-1.jpg	6731d5a9f0ab3b570dfef7a20abc835f3cb95fd0f3d979475bf21f71ffed8c54	408575
1190	2019/12/16041_pr_springplace_5-5-1621784-3x2-1.jpg	0946351d23529bab193a3cb3da609d536e495c55ba01e10893abf02a57004e64	68930
1191	2019/12/16041_pr_springplace_5-5-1621884-3x2-1.jpg	f3c365de2cf27bc8dcbd07b7b149fbeca81c484eebcf6ef44f796c701107d9ed	65000
1192	2019/12/16041_pr_springplace_5-5-1621823-3x3-1.jpg	70ad044d71538b8d8529f3118722f09ec635de3f424389f5b92b44fce2262957	88239
1194	2019/12/Streamline-USA-Spring-Studios-29-3x2-2.jpg	55a400f3532442b16b1e08e161f3df81a5f4aede34e41efb12e0ff51e50efee9	117326
1197	2019/12/Creme_Mint-Kitchen_HR-15-1.jpg	96a1a4581bfa95076cb9f7442852bd3764908699285dfd64ba904babc6bee3cb	4190875
1198	2019/12/Creme_Mint-Kitchen_HR-2.jpg	622f26dc85265a35e90001a31c121cac4b7d281915d85601976a299d0963dfde	4450649
1201	2019/12/Mint-Featured-3.jpg	8fc454ed3b3603611541640c54e481c86d0d93cae200049a0c2f77b3f46e70da	5013489
1202	2019/12/Creme_Mint-Kitchen_HR-6-1.jpg	2da6163c1fb4e285edb9bdfb43ee3333f22c5bb064cf02f3af3eda2c84563200	4336945
1203	2019/12/Creme_Mint-Kitchen_HR-20-1.jpg	cef8418aee27c699c9171ba701c3dffd32ab7465285faa81da90ec581d166458	5033443
1204	2019/12/Creme_Mint-Kitchen_HR-13-1.jpg	1366db79331dca8f31672e82febd4cbdecfe8f349b46a9a6eba50002a29e88bc	4812695
1205	2019/12/Creme_Mint-Kitchen_HR-19.jpg	ea533a63663128c7628e9a3dd986ded95fc3593aa2cd2fe05f7bbe411efe48a0	3929283
1206	2019/12/Creme_Mint-Kitchen_HR-4-1.jpg	430505952c20b7f6a35b9281e7715aac0820227a9071a0f9a2f21e1365ba7c74	4184045
1207	2019/12/Creme_Mint-Kitchen_HR-14-1.jpg	aa35e100d3e95d0ace3ef68b150d219fcf57fa597ed33740a222a4bbf2d3025a	4179440
1208	2019/12/Creme_Mint-Kitchen_HR-7-1.jpg	cbbc5abee8510ab7437b660369f18caab8019c5c5c58df673d4db4609f42540e	4777390
1209	2019/12/Creme_Mint-Kitchen_HR-16-1.jpg	1ba3448e29f30dccc3eec6ad8336773ef3850f482a3c91c73ecc8e6a92552e04	4879156
1210	2019/12/Creme_Mint-Kitchen_HR-5-1.jpg	2d8c7b803d27f6ec9e92b26603e716c1bd068321dff01461cc1cc8c80f98812a	4697606
1211	2019/12/Creme_Mint-Kitchen_HR-17-1.jpg	87c934406fe5c4c794aaca72f5acee624f9149c271447766930576465438698f	3883571
1212	2019/12/Creme_Mint-Kitchen_HR-9-2.jpg	d1d70492b8f454e31a2ae2f49096704dcfc83062f6a7f946d4da34a7b32ff60e	3872625
1213	2019/12/Creme_Mint-Kitchen_HR-8-1.jpg	d9785e2257804ef77e0dae93201b1d69ff5fa6d9cb496a48ba6f605f10a59d6f	4171092
1214	2019/12/Creme_Mint-Kitchen_HR-12-1.jpg	7d8562996522603cffdf9538f788fb57b1bb358c5c0b9142b9afbc879c7d42d5	3726453
1215	2019/12/Creme_Mint-Kitchen_HR-11-1.jpg	c9500a4c5ff460856f88e2a3043406cfa52e0a6e3f2cc8ae67bdacc6e39c028b	4177751
1216	2019/12/Creme_Mint-Kitchen_HR-18-1.jpg	5654ddbb59505f9b3115aa3bf81bdc2dc6f4f96828963211e9c8333c797528f2	4082377
1829	2019/12/Gunter-1.jpg	45961625338d3efd1386946570d007e635c2bc21bf0830eedbc0b9e94171685f	72275
1830	2019/12/Gunter-2.jpg	bc655a19078c68c72348f1bad352d79f2c213b898e30b1a28846d5944eaecc9e	60631
1831	2019/12/Gunter-3.jpg	f5f2cbda96b7f131f4a0e221124ebcac2f945f82a9944337f54232dd7e854278	88208
1832	2019/12/Gunter-4.jpg	23aabfe2d7bb521b2e876ae03133db2f9145f863988d0d8a28ba3eadeb6fed5b	77324
1837	2020/02/UES-8-e1595540404244.jpg	e4febd89afa0ab1ccb1de520875feb6b458e15cb0fcd21d9c11197e79b203f0a	29843
1840	2020/02/46883486.jpg	8936603391f57d812fdb96b0c2496bf1382bd2ade5777bc2733174fe6fe54ba1	37513
1841	2020/02/UES-4.jpg	42e68949f7d4b0c5313753ca9a88ebc38b7f46597ce71b0dc063485e061c30b0	52365
1842	2020/02/UES-5.jpg	4b6efcd98bd206743ce442721bb7d5a787167a524a8d1209708555ebc0883ad1	63188
1843	2020/02/UES-6.jpg	07752d205582e7dee05f111e498bd7788c37803bd3994f8be5cb66e3390b216b	53600
1844	2020/02/UES-7.jpg	b51d27605e7f4fc432880edfd6d05dbef8493c8510cf41da5f06bec6d0384a77	40780
1845	2020/02/UES-9.jpg	41f6f38a8e4a782c551cc5b9dd30a0bf3b14bd7a34f3f4199957c237fad26c16	34024
1846	2020/02/UES-10.jpg	df3067f0bc7bb8cdc48430f4525a3657521c559660fa94a433289a4977d45169	42768
1847	2020/02/UES-11.jpg	ad6f75539b516b97d7c0db44578d37569fe59064d63662eb73d85f2aeff17a7a	32103
1848	2020/02/UES-Townhouse-3.jpg	01a5b19a1ca3ec26a8757a63b82420905961b4330bd5fa7eb013fbb7c21382a0	39050
1851	2020/02/UES-13.jpg	b06348f27de9c1ed046aa520cc117a669da7c45e9ca7813e639617f8ac18c4b1	68605
1852	2020/02/UES-12.jpg	56fa783b34e0a0355d5e5e5469ade5883b2a6e9d9e6cea33ce70c98345a2d3ce	33343
1853	2020/02/UES-Townhouse-2.jpg	46b1f020ad937d5535248f9a6b754e2a85f6699c0317e0df3c35d22b3ee0cbef	78754
1859	2019/12/Versa-1.jpg	cb68554152df496fbd29407ad9b2e8819a57de8e64212055e21d7d94e8c3da43	214654
1860	2019/12/Versa-2.jpg	174232c4890e516e5b37731c5b4f7c33ccbd79a707d6384d89c71fc08592ccc6	278637
1861	2019/12/Versa-3.jpg	cb364c11b7188f0da493e22a166ec6c055a8b35286d98ce82c52854cf131643d	272430
1862	2019/12/Versa-4.jpg	2305239b0aeddec144a98b37975c3b7dbd2fdc26d57448f8847e1dee9e96a637	325402
1863	2019/12/versa-canopy2.jpg	288d4be8d54975a3c18497ab3b9040cdc440908edc168688041dde867d045b2d	434054
1892	2019/12/SP2020_3-1.png	e9ea49a20cea355f068ca55440685670f2d951a57c234815002bf9b47432e765	415264
1893	2019/12/SP2020_2.png	3790778783a2e7e2ff653fa752e0e862acdaec7dcc1ab2f8e91ff64e4a355b16	414223
1894	2019/12/SP2020_3.png	89a0ca5aae83d45870f11cc93908a401f115612801ee9e040880794d390cb43d	403059
1895	2019/12/SP2020_1.jpeg	a5ac87cc96aa70787cab51172b24e151bf6870cc6a64d5eca249971e924a324e	47776
1902	2019/12/Spring-Studio.jpg	1a0944554d39d1b9e606ab78d94b5e8ef8782ba1c0a98b33157d68200e02a00c	143695
1914	2020/02/DSC_0850.jpeg	a9a46c268ea50cc8a5461c69e90a3629ddbb5b44270e083284cd0f9580cdb5ca	3534555
1915	2020/02/DSC_0857.jpg	351f365c6478a72561a80842d249ec6c7258bbf52a72cc88844b9862d48eccdc	6697135
1916	2020/02/DSC_0844.jpg	620acbd5ee68b0ce7f0b55c9dc475d16c1aa5679825fccb75d5ede543bfda590	5985020
1917	2020/02/DSC_0847.jpg	dca65700ea52ee8f99a01c30a4f7f9083daca396a01c2d9bda548cc967293834	9048789
1919	2020/02/DSC_0855.jpeg	44cdde33af7ba7510103f82f8920217b45ed02a44957250f22c7bbf2e3efa22d	4621026
1920	2020/02/DSC_0860.jpeg	ccdbcd9460fc0241f683b5ce8557159ffacc102ef525d07c1e6c4480253c68da	2107174
1921	2020/02/DSC_0862.jpeg	1ed46f3e290586ca943ac035536e3e3a4761bde39a7a4576c7f971864d413dd8	4572267
1922	2020/02/DSC_0863.jpg	e196a5345190ff4b1ff81acdb04982ca4169155c6e111f2e0f7a2a1d0dffc615	5346766
1923	2020/02/DSC_0867.jpeg	0fdc0ebdbf3370b64ad0b22ffb447e54d575f0fe71432cc4a5df67f35d67cc70	4732199
1924	2020/02/DSC_0870.jpg	197c1e0dd7e0bcca7b9b2ade70f0219af90d185adbf4b34a01aad39dba706304	4302970
1925	2020/02/DSC_0871.jpg	db460709c9db6bf36c4b6f602d1ad3409c4da4682463724634cbd9f2f5b2a39b	9331160
1926	2020/02/DSC_0873.jpg	1de0f20a2b546fa2cfea99e7f5226555e7a6997e51eefdf82db6f29ac968e0c7	5774677
1930	2020/02/DSC_0872.jpeg	92536ca7e6be865455803fac04e8ffb03438e25f0e418d359fbf792a8095b045	3592418
1936	2020/02/DSC_0853.jpeg	3492bff5d5e9aa97f2c61eb8a8d31f008b9832e496a8c193a687ee0ceb394e7b	4495224
1937	2020/02/DSC_0858.jpeg	a0af80de9582e04c65b53ac9ecba8bab173bb7c3ce5c3648245741dd7b677a36	1277178
1940	2020/02/IMG_8618.jpg	c4a02ef64f9a6d87fee0ea3d615ffd422c23fbf4628ec3ed81c776c02e9e4342	2142986
1941	2020/02/IMG_8626.jpg	95251711d786dc70843b91a7ea6bfcddbeb2b51b5ae28ace206a81bbbc9050e7	1971426
1942	2020/02/IMG_8629.jpg	91410d31d5f1e7deca90a9901bdc5f22aeb1f975bded473ad0ee274d26a2b530	2239816
1943	2020/02/IMG_8634.jpg	de644d82969b2286a5e762df216bd0a10015ea0a3a29fc2bdcb87e4a31f36879	1726797
1944	2020/02/IMG_8635.jpg	e9df3ecc40c0d903a1e46af3ed90cda550941e1e5a0ded68a539737d17e3ba35	2164465
1945	2020/02/IMG_8638.jpg	a801ac3453431cc1ccf476fae0b78a1d67402b6c34acb10bd7635fd83e469d36	1518696
1946	2020/02/IMG_8643.jpg	b9eb3e957ab9421910db19d92e8f4cc76cbc290a95e63fd5cde69e3c0e5c79a1	2209709
1947	2020/02/IMG_8644.jpg	b516534244f892d32f5a0bc68ebbed17afca875269768d437aae99a0a4fff0ea	2835551
1949	2020/02/IMG_8645.jpg	3bbec8ac45b1b606545beff731213ad5afaab65d8ec02375778b23289cad3196	1981398
1950	2020/02/IMG_8647.jpg	66e82aa38157372cbcc7f3b1ae6ee085d35ec23e6e7e495a2224eaa90d970dc8	1523466
1951	2020/02/IMG_8648.jpg	8862638a5cbf824137466d2383ec6afb11e2dd8ba850cd508022d1e4c1db5c4e	2963568
1958	2020/02/DSC_0839.jpeg	4c6537938bd5727386e8217e91f9b0015ec23df1cfe729db546902812b843fc8	3718825
1968	2019/12/1-1.jpg	ab60f04a8e1e9ae414f88333eb26991863e6f8494f33e1661f6de90989169012	133215
1973	2019/12/wash.jpg	7dd81ba8d690874baf9f61e630d0de5d95d0f451762ea084659ef4d36ece0a4a	75571
2307	2020/05/20200416_118East64th-3362.jpg	b7af7d8f843e4c2e411cb167804219aee6d53b11b6090538ffe623a6f3b1308c	112607
2308	2020/05/20200416_118East64th-3402.jpg	c6b642f1477663a6544e83803a396aa90b99a356a54f82c8b6854bf63201acf3	64974
2309	2020/05/20200416_118East64th-3417.jpg	06982a173183a81da0784b6bfc5a397fa255f2215c5866b7348a13e0201db189	141702
2310	2020/05/20200416_118East64th-3332.jpg	da71bee170381708e8d10aa066c54b9db2d55cd6f753e3a72158564afaf4e515	175343
2311	2020/05/20200416_118East64th-3422.jpg	748c0a78ca9161180059881b8f4e827757e1cc4c998da67a48abacc33a34216e	105963
2312	2020/05/20200416_118East64th-3327.jpg	f042f9dfdc92f77fbc56209851a7e0e6978b59b54f00c1c49dd1816ac7ed6928	101447
2313	2020/05/20200416_118East64th-3412.jpg	f551ea248190b64cf026c8dfbc9765058b5f61a1dc63f250c2b42154d4df066f	133961
2315	2020/05/20200416_118East64th-3322.jpg	f36113897b5d1055777a1f875ab24e6860ae588e627a3d40aea5b4743ffa803b	109390
2316	2020/05/20200416_118East64th-3307.jpg	69f305dbe5c97c16cbf4739590be258ec2b34b6db9d7653fd3d46d3a704affe9	73740
2317	2020/05/20200416_118East64th-3282.jpg	d239f3bf93933ebce80f00f2b4d7799f5663d06aed77539b969eb0e2ee6aeb24	97872
2318	2020/05/20200416_118East64th-3162.jpg	ad4cb42c06abdb17077eac74e39d74a02c3519b6b5092a16ae2afdb84c228c3d	100910
2319	2020/05/20200416_118East64th-3102.jpg	23c01834ca8816311e33398c015f6c2f1fda86cbdbf46e69a26464caefad3af3	141130
2320	2020/05/20200416_118East64th-3037.jpg	233d59b09a113a6c5b47b324efe931e58ef79d4598e4f6d2364a6b2866ea521b	107843
2321	2020/05/20200416_118East64th-3152.jpg	b7affce3582935c6f6a04d614eadef2a2025d4de16d583cf6658bcfe824952d6	102139
2322	2020/05/20200416_118East64th-3182.jpg	55af6d32dea835b1f722c59eaad1b7036565e46b462ff3b0ce78366c79d158f3	95602
2323	2020/05/East-Side-Townhouse-Featured.jpg	2e05cdab22949eb483d69b14a6a7ba27fa7d1ca5b6a881501e8f5281bdd8fc3c	153000
2325	2020/05/20200416_118East64th-3112.jpg	e57ec30b3fbdee40c3aae1eafbc609bbe652a346e0c7def028e690d2f2932520	140543
2326	2020/05/20200416_118East64th-3227.jpg	b786aac00a0d97a21b8e52085e816f7098d598314387cd7518a7680fbbac4277	117441
2327	2020/05/20200416_118East64th-3067.jpg	79e9146d35c035e3e946844c25c2b3d9a7503d5daa09562510b7bdf960e14789	124242
2328	2020/05/20200416_118East64th-3242.jpg	9745aecd07bf670a3f18df767f98c54fc430eecfcd53c6717db5a44b1266464e	73317
2330	2020/05/20200416_118East64th-3302.jpg	3450116dbf57c8644979882d9653150859db758144180d5ea0b114781aeb3c52	128019
2331	2020/05/20200416_118East64th-3172.jpg	b8ce0522d2eefeeacf0592a265ffa433da37ea650889e3cb0df9a307d0135e0f	88247
2333	2020/05/20200416_118East64th-3232.jpg	0d890674265a9d1478e535b9931c7d10266826fdd332cc6dd4a7bee7326bb69b	176313
2335	2020/05/20200416_118East64th-3297.jpg	d4f451382cd4fa58463af3fce54124b090444ede9760d3ed1bcbdd51d1bf723d	123784
2336	2020/05/20200416_118East64th-3277.jpg	e959ee794e0df4a0769d4cafd82fca09c1983e4e9738a3afb9a6add66cc3bdf2	133348
2337	2020/05/20200416_118East64th-3132.jpg	f66068016749d99d1691cc5a4007f4def0ce337772579c99341880e14bf621bf	104986
2338	2020/05/20200416_118East64th-3142.jpg	87e229da38ebe527687484ce7970d77e7e73e21d8536fb862a81704f9b58d398	101971
2339	2020/05/20200416_118East64th-3212.jpg	fce902940ce0cfaccf91aaf780301bbb2748758e830c447dbbfa64cf0d8cf4e1	127579
2340	2020/05/20200416_118East64th-3022.jpg	b44c04170d2757c54fa258f1178398e38cda2c13f20a3a44c20a3b0298aae645	154827
2341	2020/05/20200416_118East64th-3077.jpg	b2a13f820c904343d80c601ad36b36161fee2d579845d9a9ac8dbb10dca962b5	150769
2346	2020/05/20200422_161West23rdSt-3688-Edit-2.jpg	d0616bf18f458626df0792cf26ffab8e913a0777db48b03a3b5d2bec858cfb9a	263069
2347	2020/05/20200422_161West23rdSt-3612.jpg	5ef872fe0c63467a8a603e361d398e46326b24d9e253a58f5d73a3243dc590bc	161698
2348	2020/05/20200422_161West23rdSt-3617.jpg	56e712ba102e894a9ab59a5333d66b1bb6694a48ee795c44d552d4993accb669	215842
2349	2020/05/20200422_161West23rdSt-3698.jpg	fe237789d9b9b7b6ae587e8a53f242ebaf99f35df31488ae21b97001a327fa8b	217809
2350	2020/05/20200422_161West23rdSt-3592.jpg	a29a93acaca1dfe46267f835fe24c9b94705edc9774a1e196d588a2b3c5ff71d	148925
2351	2020/05/20200422_161West23rdSt-3677.jpg	d9ff23a08016913d3d43e4f22c7cc6c11041b083ad1696fe9ea5515f60ec9450	213655
2352	2020/05/20200422_161West23rdSt-3572.jpg	b04b01b246f8320139b603b30b7770a30ddc3e213e953e6b83e7ffc27fad4aed	148763
2353	2020/05/20200422_161West23rdSt-3662.jpg	88fd63b94a52a1bbb19c5aa084e2f89c0ebcf7366040bba26ea06dbae6b538b3	199216
2354	2020/05/20200422_161West23rdSt-3632.jpg	8358d2df728ec27dfceb71d94b15b1d7036044d625135eee3905e7d90b17e53e	176657
2355	2020/05/Motel-23-Featured.jpg	427b402f4970cbd21ca537223a52bcbf2e04966f937e4c58139d42c36852abd1	215114
2356	2020/05/20200422_161West23rdSt-3602.jpg	5e55d8757ef49634d936bec753fbc4577f6e6b8e28e9761e41e58462b33e95d4	187929
2357	2020/05/20200422_161West23rdSt-3667.jpg	b99899ee350e735f8ebe6845020ff9447364fc4774b203175a3efd226fe83757	191308
2358	2020/05/20200422_161West23rdSt-3587.jpg	63b58876c650c8c1d3ddd5cb8afe24cadd402d6765b47f8631d8b0689cd524d0	168268
2359	2020/05/20200422_161West23rdSt-3657.jpg	67f6488a1bb167a8793e963607344aa37db6a3c40676963e20952bca280afef9	186552
2360	2020/05/20200422_161West23rdSt-3672.jpg	cdffc12b54a2b875bf365495d97366e9d3488fde1a1b622c8158dd171ee88f73	175676
2361	2020/05/20200422_161West23rdSt-3652.jpg	e2c61226be305bfef88e4f29d68e9334b02a263ae18f58eef998ae78b708dc59	181941
2362	2020/05/20200422_161West23rdSt-3642.jpg	5db3f811923351f13539dca3b865cfdb5dadd32b693ab7d6a1a8b4a69b7c2cbd	174245
2363	2020/05/20200422_161West23rdSt-3637.jpg	f9cfea272bf0e6eb1e9f433f10e01f40b89be177de537745e0a8793a87535d87	169654
2367	2020/05/IMG_1257.png	d4c061c49d6a7dcf41f0b6343857fdb91e24bce6990074dfd6e452c2302b8f0c	3267350
2368	2020/05/IMG_1258.png	de7b43738c7466641213254150f5b88431657c6efb8435f67d76f972ddc93c29	2761939
2369	2020/05/IMG_1261.png	cec9abf2787dbed83c40f128d6ed75a733ee97b9ae802a75394eb95cee178cf8	3383277
2370	2020/05/IMG_1266.png	e38a6514d092cefe77b448c3fd09e633f711d61192d846365942d3c4f17446f4	1809799
2371	2020/05/IMG_1256.png	9e44bdf661671091a963861146ee15b94db6a99b098564b0bc35807a060f10c8	2847663
2372	2020/05/IMG_1260.png	68ea859f5a8bd1cc459e109f1b8162d5c5a6c4692c1424f29e512f5e12668be4	2956309
2373	2020/05/IMG_1263.png	7a2fb940fe3bacfb28c402ce1ddc465343f4935b6522ea8e6dc0b4eff0f856bd	2930128
2374	2020/05/IMG_1264.png	9fc945ed9cd2e83c03d233da701e2ac136fb7fa51c658b1d98d6230251719a05	2957964
2375	2020/05/IMG_1259.png	84d851fc5d2b54cadbe53f6a4301822594224354d222a5b8767a675570dfc4f5	2526483
2376	2020/05/IMG_1265.png	6b53e4aa87bcda05126ff3479bbc037162de470e0929c30514b427535cf75606	2830134
2377	2020/05/IMG_1262.png	1133cf1cc46982d825f860515cfabd43048f6dc3fe1fafcce20d1c0a57cfd1f3	2659275
2378	2020/05/IMG_2543.png	bdb0584463bac519f708b5088a039e173b59a7f3b5ee45ce82ba5e421fbcb938	917136
2379	2020/05/IMG_1267.png	1bb9318bed535a9de4dff37ab6f631545560b02b501ed6a5bbe8d8eaa560f18f	2476945
2380	2020/05/IMG_2544.png	f9f15954785b64eaf182712565054d7ab8b386a0b20007f3c7ec0749107e5928	981686
2381	2020/05/IMG_2545.png	27842b7b52cc1f26867df4672d4562a9dba43dd74f1f7817c22558ab280d5d68	943204
2385	2020/05/20200422_2ndAveGroundCentral-3773.jpg	29c1e31495179b8be5c92e0e83ac782117c5469226bee4aaeaa2d6b49bbc4b13	246657
2386	2020/05/20200422_2ndAveGroundCentral-3728.jpg	fb817b75d31776482d39fcfa2637f6cdb97093c135e7ecae7968e913b1faeba6	237570
2387	2020/05/Ground-Central-Featured.jpg	c71cbb22b496fad7166ef89c5c739337c7c25a0fec841f3da8158a9c1200a36c	193861
2388	2020/05/20200422_2ndAveGroundCentral-3763.jpg	f6e1c5767f8e25d588674bda4606356a953633127135dbefe044d1b72616b4b3	231176
2389	2020/05/20200422_2ndAveGroundCentral-3753.jpg	f3c5a585ac994c90b385ab189419f9856c2f05dea909de08de8b8ce2ecdfb4e5	226140
2390	2020/05/20200422_2ndAveGroundCentral-3788.jpg	40e02ea1a18f0bc0e50e22ca1b0da9657b25f39624e5048c91aa180572f9cce6	259074
2391	2020/05/20200422_2ndAveGroundCentral-3708.jpg	73de3bba235ed347af86d451ca146f9acbcca3ffa90ee60d1a5fbb044a319288	237541
2392	2020/05/20200422_2ndAveGroundCentral-3733.jpg	8e05330766a372f88dfa119c2c914f2bccffbeb9e6b0688cf0cc8cadc9daaaa3	229062
2393	2020/05/20200422_2ndAveGroundCentral-3718.jpg	827553aa2f39168fba63a01e77f056baf3d039b0cff898ac647f65a573d4a346	179130
2397	2020/05/IMG_0458.png	2e3178aa595e02c64f8dc871f242762f65d335beeca1d44e7cad59b4ee439877	4285889
2398	2020/05/IMG_0457.png	91e7e9c0f5c90ad84421ff281d58c9164f1d317fd99f564d4bf6723731dcc61b	3529640
2399	2020/05/IMG_0449.png	df9c496bcf0d17b0ebba888ada75ff5be4a1d47cd4beccb72c8037973e076180	4031674
2400	2020/05/Jackson-Heights-Featured.png	1d3d6639e7c99ce5f06b64f87dc0e4eed762d1a56b4d1ada95c4c75b4ad5570b	3676436
2401	2020/05/IMG_0462.png	c3ab6edc290a764a53dd2c79f963fcb5c1df1bb72af2858423e121e09a3ce06e	3022533
2402	2020/05/IMG_0448.png	c3ac39caa646c93ee7631e616693df546e2c3da38ca4677beb573a3a9311fee2	3370458
2403	2020/05/IMG_0450.png	54843d8dd37bed1b2a38232b9ffccd4274b2647df25446040d8e2bc1432f55c7	3983176
2404	2020/05/IMG_0452.png	30e8e83613928cbf1a3bcb405443e9ca8e2f80fdd7a654d037aff57dcde556e8	3928711
2405	2020/05/IMG_0455.png	9a1afab6f4d4d3c9a3d640fe94b0252ffcd58ce23f769d8ec13c28494283e66e	3497818
2410	2020/05/IMG_7306.jpg	713ff283bd099868d0c4897f71765535d29d60ae42b2b74972c238528e6a39cc	129755
2411	2020/05/IMG_7300.jpg	67e44969fd353629de20596a838cbccdbb0b996b84600d9a414f6ff6b8d22218	189827
2412	2020/05/IMG_7299.jpg	e79f081a2801471b341d43a1ea5a14c511a7605f9f689040a3baa1287ca4032b	149758
2413	2020/05/IMG_7302.jpg	8cf1b0e3a77e5870c16e7122bbf47c5c23ef75785427b9df425f9a4b690cc2b3	161743
2414	2020/05/IMG_7313.jpg	2c206ed3ab300615c964a71457ef88c1cd51692c98c4a88614f12af79e7ca996	226885
2415	2020/05/Upper-West-Side-Apt-Featured.jpg	2366078848aa8358f93a45b968d5537041f3cb7c878b174f1ed4798a7655168e	121095
2416	2020/05/IMG_7318.jpg	30ab777140fcc2e2a77f95f305127ed9720948f406159993a96409005ed3a676	183570
2417	2020/05/IMG_7311.jpg	20bb494eb1ccc8bd629fc5f52055bb057a2d41f29acabad31d77f413d353179c	119461
2426	2020/05/20200507_444W17MyDarlingIvy-4826_27_28_29_30.jpg	7d0ee85a6a6ed7e204cbc2cd723731626c20e80fb9c3391a8b6b71f27da3d5bd	175938
2427	2020/05/20200507_444W17MyDarlingIvy-4836_37_38_39_40.jpg	cf7d23f3dd6b2a96085b9d2986210513002388ee59dfce25ef6dcd29242b9330	148752
2428	2020/05/20200507_444W17MyDarlingIvy-4841_2_3_4_5.jpg	e1429e16d83cc22c23ccd6e5d80d7da48f680b193f22350933dcdd185c9a96b3	151746
2429	2020/05/20200507_444W17MyDarlingIvy-4846_47_48_49_50.jpg	a57ca50b4c61f2d395593bfe2c48defabbc469b5578ae48a9e9d6ac14b4d3a0d	164207
2430	2020/05/20200507_444W17MyDarlingIvy-4851_2_3_4_5.jpg	03b26329885756ee3a915b17a869380e6c87a6b97040eedbd5b42780b659abf4	185328
2431	2020/05/20200507_444W17MyDarlingIvy-4856_57_58_59_60.jpg	b419a3a2795e553edede3f5b0bd99056d1a7d8ce5de61906862dbcedd78209f1	178738
2432	2020/05/20200507_444W17MyDarlingIvy-4861_2_3_4_5.jpg	437cce8e3c9ec0550d74503562d9362469a380f31c4f7bcdc18fdb96ad62c2b5	176232
2433	2020/05/20200507_444W17MyDarlingIvy-4866_67_68_69_70.jpg	fdbabfb82c6cac20b5a951ebe9e7b4e9b951008e12adc136228952188b6bab89	150362
2434	2020/05/20200507_444W17MyDarlingIvy-4871_2_3_4_5.jpg	09f3d7f761f47b702852612df85e0996ed925f6213261afa029e97364924fdc9	178143
2435	2020/05/20200507_444W17MyDarlingIvy-4876_77_78_79_80.jpg	20c137432cc3e23e67808f4ccbbbbda02233bd3a0d9e5825d0a4ec0e12a37a22	158636
2436	2020/05/20200507_444W17MyDarlingIvy-4881_2_3_4_5.jpg	aac62055e45cb3a4c4906991911189365dcf0c04c41534be46f28f79ebe1c812	155482
2437	2020/05/20200507_444W17MyDarlingIvy-4886_87_88_89_90.jpg	11a4869868f911bd04185a782c8bdc3bba0c0fda62cade2019d0a0c574c60a2d	160577
2438	2020/05/20200507_444W17MyDarlingIvy-4891_2_3_4_5.jpg	62a0f6f92de7c38fea3b32b163f3b7f4e6bcb933aa351a606df5eebc8b1c4c2e	179951
2439	2020/05/20200507_444W17MyDarlingIvy-4901_2_3_4_5.jpg	3da9accfcb262ae0951fac5fdaa1a6e8a79e900344ad36c5fb75d5a6243f2ae1	147626
2440	2020/05/20200507_444W17MyDarlingIvy-4906_07_08_09_10.jpg	27b4173fd11086cafb400eef48d19db12fb105e8562a55ca0c93a30cdee722ff	159534
2441	2020/05/20200507_444W17MyDarlingIvy-4911_2_3_4_5.jpg	c7c3b760b3ace60b2c9e1412f607c3ca75dc017de1941c96b9c81b68e26e4a80	176638
2442	2020/05/20200507_444W17MyDarlingIvy-4921_2_3_4_5.jpg	ceec5e5a14db2bc6d927544baefc3a7ead5b00db8a17701d2adcdaf6868cff18	150151
2443	2020/05/20200507_444W17MyDarlingIvy-4926_27_28_29_30.jpg	9dc2aed785b90745e299df2d2d20e6da0352cad5a89d2d0309f51f2dd5e310a0	182701
2444	2020/05/20200507_444W17MyDarlingIvy-4931_2_3_4_5.jpg	a8bf54db662d7bc4089718b1066b87e20421a4604a7753b672c574a41c797979	146464
2445	2020/05/20200507_444W17MyDarlingIvy-4941_2_3_4_5.jpg	57740eb23d2eaebf3719929ba47a126145e7ba5ce2f834bb1490a8debd4f20ac	161754
2446	2020/05/20200507_444W17MyDarlingIvy-4946_47_48_49_50.jpg	7018d99c30d983353c8452f8a3b79c00b0f691d3ae2085aec3bc1e5ebc72e60d	158095
2447	2020/05/20200507_444W17MyDarlingIvy-4956_57_58_59_60.jpg	692f862175ec54a86c9eb13f2c2de2c4a5ba27718a7071ef31dd5fa5cc35e07d	156221
2448	2020/05/20200507_444W17MyDarlingIvy-4961_2_3_4_5.jpg	97eb5ddf5db30f78ace3fbedcf17ae23142645a40af1d6aaa1c6495dc2bc722b	172468
2449	2020/05/20200507_444W17MyDarlingIvy-4966_67_68_69_70.jpg	c0ad9cd34a94d42f916ccf608fd7175e7f084931954bad1894a9c1538242990a	194025
2450	2020/05/20200507_444W17MyDarlingIvy-4971_2_3_4_5.jpg	d073aaf1c5f3185348d73e6fc615b9eb3abc31bd683d33245b5e3cd7976535df	187530
2451	2020/05/20200507_444W17MyDarlingIvy-4976_77_78_79_80.jpg	5a075412c259680cb5054ac66a26fc8f4c23b90c049562427bc721833f1e7af5	187681
2452	2020/05/20200507_444W17MyDarlingIvy-4981_2_3_4_5.jpg	706a94d61d5d36fae0735bfd2f08dd735170c702c528b0807140269280d35800	129539
2453	2020/05/20200507_444W17MyDarlingIvy-4986_87_88_89_90.jpg	43700d31ceba989db29bae3dc9911aa3e923ddf48fd1c35b46cc1258394c1925	151969
2454	2020/05/20200507_444W17MyDarlingIvy-5001_2_3_4_5.jpg	43d126ef544ff82b6b5a5cbadff456710747d4c6d7dd7557c790650356e3fbc9	164224
2455	2020/05/20200507_444W17MyDarlingIvy-5006_07_08_09_10.jpg	c0984d9150d6cf97665bc121ce457de3b74a7213cfc888944d791318a4f15f90	250357
2456	2020/05/20200507_444W17MyDarlingIvy-5016_17_18_19_20.jpg	7071a8d7dc5d15f8209487e5ca87ba5c95b5efe511fafc0bfa45fdb416c4264b	233080
2457	2020/05/My-Darling-Ivy-Featured.jpg	e24979354194c7779e3615f204257b100366b5631a7fd6fde2648b92e5d5508e	157061
2507	2020/07/5th-Ave-9496-copy.jpg	f9dce54e0880fde4ccb1bf2900a723b03d636b2bc049d368637bc43846d0d44e	18241
2508	2020/07/5th-Ave-9495-copy.jpg	bae75c7fc130c22fd30bfaf958cc04b71f0e55ea3763114b786a1ba60e4e59c7	21083
2509	2020/07/5th-Ave-9494-copy.jpg	50d87b8d8026ce196c11873135f4207c6d919e80330bc000be08c27491498e69	33426
2510	2020/07/5th-Ave-9493-copy.jpg	0e0e0a51df09fad26c934e09f3e69592fc0a9d19f1b23f79459e6aaace9e36fc	22165
2511	2020/07/5th-Ave-9492-copy.jpg	f14dcad84736013fcb454482a1d52a8f4246b2867fe32ee70ee88212f8e02e72	20382
2512	2020/07/5th-Ave-9491-copy.jpg	9240d53aa16f4d71436481e3cb06c2187b91a1beb061a319368b48bd530efd28	18618
2513	2020/07/5th-Ave-9490-copy.jpg	25e9443132ebcf759a35cdd66128fb686b7fb9a93773ad70187388f5bc7ba6ca	24659
2514	2020/07/5th-Ave-9488-copy.jpg	8d6dd116e09c7ac7dc1aff5fcb1a85eaf20a56367dfbc29f369e8e85ace84a47	22194
2515	2020/07/5th-Ave-9485-copy.jpg	c87aae87a4fac7a48bc1021a14fb397d746ceeb6888f0e66e1326c3256224620	18040
2516	2020/07/5th-Ave-9483-copy.jpg	d4330379097da59723cecbcd055d7496ee8d765453449b6901d76cf31a14cd3a	31354
2517	2020/07/5th-Ave-9481-copy.jpg	b5364c25159ac152423e8a119a38ae12d904bce1bc085da282e4521e7a2eb504	19724
2518	2020/07/5th-Ave-Featured-copy.jpg	4465ca8dcc3024ea74deb7fc32f8d3aed1d6ad36b31695e8ba71d16bcbb6fe19	19647
2521	2020/07/IMG_6905.jpg	3549aa2db5740103c2c8f3dc6ae93b09cb85554da0f5c74344175f8c448c56ae	104318
2522	2020/07/IMG_6910.jpg	61a7966739b0d2a97f8401eaae315282349b806d40944628b38200a9777b9a68	81029
2523	2020/07/IMG_6906.jpg	d08a76653adf44ac842e534e339460427e3f612f28cea01c9951562ae59ae4ca	84366
2524	2020/07/Haus-Featured.jpg	3ceb15bf49d5cbf91ebab5d1499b7bbf2f2d9c36e4097692b4fc720e6e1ac02a	54100
2525	2020/07/IMG_6913.jpg	bcc3ccea398286c2cbe15452a230cf381d6c44688210d10773dd82f460c3d8ff	55845
2526	2020/07/IMG_6917.jpg	1ad9ecbb351ad64580eb1c3dbfb765b0be1ec411bb0e6caf221482f14bb7e92a	89514
2527	2020/07/IMG_6916.jpg	fe093d20db6e6e5dbf7ffac1483b99f5030c26615d1e5fe11af7768c6e1c2464	78388
2528	2020/07/IMG_6914.jpg	cb7586ab442101a26ca3e8c41676efc2f682e0d6c3745f1aa5710b675e8bd561	53450
2529	2020/07/IMG_6915.jpg	00a950e9c99a1d225289cd9f6c40d76d96c8bb06d7ccbb6944762090d8dc3772	122956
2530	2020/07/IMG_6909.jpg	14b7a1400ce5fdd86da17f16181ff7cc5fb535eafb4c453795123748feb89898	57021
2531	2020/07/IMG_6908.jpg	a3f175792f473d5ccafc3c517d38790cbbbd828d94251f6c2451550dfc58aee6	114774
2597	2020/07/West-Village-Townhouse-Lrg.jpg	19c9b5583050c246ead01b2caefc34c237e9fc1fd8c157ae049b7263d1c30339	24326057
2652	2022/02/20210219_55HudsonYards-5373.jpg	7c860815ebe40755d03f2044969171b02797b2d94d6d908aa32c277cfd8ee109	9414965
2653	2022/02/20210219_55HudsonYards-5368.jpg	2e7f003e458eac27e6a77a0680be592d94d3134870b4c8014a63209476bbba3c	9294227
2654	2022/02/20210219_55HudsonYards-5363.jpg	c44a811ce80a944819ffc74d50220e5516a04cb5541e74a7e94a2dd416b81301	10630980
2656	2022/02/20210219_55HudsonYards-5353.jpg	83f23f45e455e7e28e1d39660604f219235037d0e3a25a3be08e29bfe3127a0c	8733335
2657	2022/02/20210219_55HudsonYards-5348.jpg	d55c64beda92869de5da95196c0886e3892d58b51a1071b0cda13a88016155d2	6460501
2658	2022/02/20210219_55HudsonYards-5343.jpg	14cffcf387276dfdee0440b5293ab1988a17cda0f9f5a7727e216db623b19142	8258956
2659	2022/02/20210219_55HudsonYards-5338.jpg	1478558fe2a5ebefb4adf7464894cfe66fe3c8a956310da56a5045fd9fd9410a	8627673
2660	2022/02/20210219_55HudsonYards-5333.jpg	e95a63329253397e6c32691849338ff53ee259ddc9c75d5f86df9daeae1232d2	8025727
2661	2022/02/20210219_55HudsonYards-5328.jpg	0a8ab39552a07a54dcb427e1cc53d5dae2f372f74ab9743b5fe8c73cd15fed43	8021718
2662	2022/02/20210219_55HudsonYards-5323.jpg	40049bbbf50ae32b8464760d055060879585743661fba8b6e74927ff0e507a1e	8328348
2663	2022/02/20210219_55HudsonYards-5313.jpg	8e50755995cf6cf29d7a69e5da0edd2b08cfa04c31b701cb07dbee5f9b98a9d6	8876331
2664	2022/02/20210219_55HudsonYards-5308.jpg	ee9b56a9bf3ce9d5b595704363fce49371b80bcacc57cc7b74879f370544083d	7771522
2665	2022/02/20210219_55HudsonYards-5303.jpg	8630087a8b11a02fa862778d01bc76db0e4fa574229ed592cb035a9f99c84d4c	7864440
2666	2022/02/20210219_55HudsonYards-5298.jpg	c8575762b259ab434440e5008230ab7fc87f032c3df8f236271cc98297c51e94	8739686
2667	2022/02/20210219_55HudsonYards-5293.jpg	d934f717b52c6eea8ba7e33541bbcb22eaecfaaa642d233a009c209cd002c235	8856665
2668	2022/02/20210219_55HudsonYards-5278.jpg	ca4af205c33e57ed1b86e7b84507787c9774a96691778502a5c94d31e1e666ad	8763222
2669	2022/02/20210219_55HudsonYards-5268.jpg	71fd57d97f006823f75f6b088028b8aeaa9f698ab97b5c9575700bc78bea923b	7229889
2671	2022/02/20210219_55HudsonYards-5258.jpg	948b3d1d102ce497003e2fcd670707e2ac943f2559f19950d76aeb096dc29be7	9173745
2672	2022/02/20210219_55HudsonYards-5253.jpg	ee3612c770b00bc9864b11eb35262221c21b35d499ed4b1f7cb0a6a4bf825fe3	5150591
2673	2022/02/20210219_55HudsonYards-5248.jpg	a693b5dd29e826e20f6b03cb8041279e5e5cf2c676d872bdbde929cf434f3fc9	5622028
2674	2022/02/20210219_55HudsonYards-5238.jpg	6b969c1d6fe734cc19be53c1c0b61f8b83bf91164a12a0d1cbfb39cd76cc1eff	9213300
2677	2022/02/20210219_55HudsonYards-5223.jpg	fefcc1418fd5f80094d05731ef212a0039c36ff28d85b1a0ca1f931b6a877c58	8916330
2679	2022/02/20210219_55HudsonYards-5203.jpg	80a45966603e3474ebb6f597f61d4848fd518dd166ac1bdf02fa1ce8acd6818c	4988400
2681	2022/02/20210219_55HudsonYards-5193.jpg	83bb9fccd4223df403bf3b8850591fe7a23f26007db16aa5e20868c87907a7f5	8941300
2682	2022/02/20210219_55HudsonYards-5188.jpg	180fbb590a560e86db823a3ff1385f485521a942cc020fe2d2f7d0cb86574a01	7458517
2683	2022/02/20210219_55HudsonYards-5183.jpg	3621b5d98fc70c3f78c103f7e773ae3883ec8558bfd19c4cddaf847462a01793	9775772
2684	2022/02/20210219_55HudsonYards-5178.jpg	b1907d1d18dca3420fc7348613a8dc58909d1a095cfd6e7be8a18a14e0f90d2e	8943518
2688	2022/02/20210219_55HudsonYards-5158.jpg	1679501322b09790a8d81747313e9462b083319adf53037440e92e25b465c917	8439610
2689	2022/02/20210219_55HudsonYards-5148.jpg	aadbdca95a292c3d1e813b39ebf28304059282fd8ededef6ed4cab4fc4373dbd	7165229
2690	2022/02/20210219_55HudsonYards-5143.jpg	11b6c38b2758f1a4940a1851b539c3a18aadc64eeaf30dea92b0e935125ad209	8018486
2691	2022/02/20210219_55HudsonYards-5138.jpg	9e0716445058e8de2fe4d6a276881b019c92b9e7d059e5591d07a5f927d1d95f	6996266
2692	2022/02/20210219_55HudsonYards-5133.jpg	0cce49fa094ba5f1172062eb730527b3a673ec8b33e562913ecb0efbc8da6404	6907387
2693	2022/02/20210219_55HudsonYards-5128.jpg	e52932145fc76a2706ba8ab5ef61c7ad288edd446b9acdac8020b90b48721393	6440673
2694	2022/02/20210222_HudsonYardsMall-0127.jpg	27403834bd949ffe25f0059665cc9386720cd7fa0ba503207b2ed3f93b736d15	8599449
2696	2022/02/20210222_HudsonYardsMall-0117.jpg	e2b865c7005dd38df981e2cd3d5dbf3bc50ed9d14aa1d02133ed3e7540f0ef58	9770303
2697	2022/02/20210222_HudsonYardsMall-0112.jpg	850a6102113f6265416abad4c3fe7d68ab3e445df40e9d180c74b727ed98938f	10501883
2699	2022/02/20210222_HudsonYardsMall-0102.jpg	ac8b46973a37ac4298c65e8a558d0816bbba42cb6bf359c5e69c0963ace0d8f0	10815188
2700	2022/02/20210222_HudsonYardsMall-0097.jpg	4caa389342d1220baa7c7e3b3d6dca1899966070b0e6dd61d59a7bfd82ade896	10381332
2702	2022/02/20210222_HudsonYardsMall-0087.jpg	1ae19f1fc304f4b6b0a7df9b5d990f36b561949854dd83cdf718b2b11ad3ca63	10255048
2704	2022/02/20210222_HudsonYardsMall-0077.jpg	8f8bfe778ee507e42a1124e94b61cbc085e571a92378c76fb38b3d98df6c59de	10421043
2705	2022/02/20210222_HudsonYardsMall-0072.jpg	3cd258f8998b9f5176913d9478b7a4ffadfe82bb294021cbc0f74dc88d3d8ef5	10362013
2706	2022/02/20210222_HudsonYardsMall-0067.jpg	1ddc28c38bbebc98ae77490d21a6761ba14ab72d631c66a9c357245546150fe6	10278948
2709	2022/02/20210222_HudsonYardsMall-0047.jpg	61469b47b4f2b19dac0b284fe0162ad42d3d65cb3a513d8dd978633061d25ee0	10328537
2710	2022/02/20210222_HudsonYardsMall-0042.jpg	4f9ad2fb15415c3fcd6e739ab529e78d3214c50c1c35168f00430e0414ad69d6	8578409
2711	2022/02/20210222_HudsonYardsMall-0037.jpg	f70caaab06ba1317025224d995804b8b51b96dc3c32bcfbbf02bfcfcc01446ec	10633492
2713	2022/02/20210222_HudsonYardsMall-0027.jpg	cf9c1d64f308506deca40f63997b5cbf9c07404fd5ba181236f5ffb6e565ef2b	8959585
2714	2022/02/20210222_HudsonYardsMall-0022.jpg	e1a40975c29e6c111e4daa31cc813f3b30dbc95328564f4adc5ed8737ff5a793	9385524
2715	2022/02/20210222_HudsonYardsMall-0017.jpg	0fc6554c87c151c742508be403e7011f973cdac190c50b2b1033491c736b295e	9278442
2716	2022/02/20210222_HudsonYardsMall-0012.jpg	38f8e6fa3fc4530fb1c3fcf166ed7f495a09cf3cf89123defac794d3ea3ec63b	9528841
2717	2022/02/20210222_HudsonYardsMall-0007.jpg	adac05d1bec1f3c6dbaff00cbbaf0099415a34973b9934800223677ac6264d6f	9663394
2718	2022/02/20210222_HudsonYardsMall-0002.jpg	f74dd926610dd0c8fbf99001dca97e3c55eca9ddbbdeefbb8c26f84ee160282b	9726991
2726	2022/02/20210310_425West53rdSt-3752.jpg	c305f14828a47fd5ad4cff4a7e00b308e689b33568b46c62bafbadb6ded38eb0	132519
2727	2022/02/20210310_425West53rdSt-3739.jpg	00f89c9bb990666991b38e577446da887a315832597665b69eecd1e087be63d7	214681
2729	2022/02/20210310_425West53rdSt-3719.jpg	b332b0998e1e50c6ef5d4edd442003033ec06445641e907b1d16b3aa53ff3078	174492
2730	2022/02/20210310_425West53rdSt-3709.jpg	70d02eeefe7976fb293c465a6d5a55d27d65451508f7398e95cd7fe7af0887dd	202562
2732	2022/02/20210310_425West53rdSt-3699.jpg	b1e7a71437ace608abee35ff130b3b153b5eda2c0494aa6296f1419ec89397d6	152367
2733	2022/02/20210310_425West53rdSt-3684.jpg	0158e7ac1828b3f0f052bdd835d1134ea309453b2c6f5149ec1663b3248a88b7	173587
2734	2022/02/20210310_425West53rdSt-3679.jpg	21843e3255b39738f8936d76c6ecd6b445c4e3fea1692ebcfccc7df5fea995a6	231171
2735	2022/02/20210310_425West53rdSt-3674.jpg	c824f18334e4e896a1f428f9f0cc561478e27e3725dd78bc30224251f017fa35	240110
2736	2022/02/20210310_425West53rdSt-3669.jpg	df801773e9696c40cdeed783ea0628d1257716aa119b6ef11d146d7830f0aedf	252942
2737	2022/02/20210310_425West53rdSt-3664.jpg	baf3e0d21c469dcdef22753a8ea5af7ef54e8a8ef1e79d748a1aa96242318c03	245864
2738	2022/02/20210310_425West53rdSt-3659.jpg	458e2241aa38c394bc1d8b4f423c24a7d7816f66a3599c9346b79ad02ad5b4ad	186652
2742	2022/02/20210310_425West53rdSt-3639.jpg	1cdbcc526e316215e32b31a98262559c7e0e06366fd02f44d9ce97cd11b43a2e	214998
2743	2022/02/20210310_425West53rdSt-3634.jpg	3663bb821c3f181a6146f2c63d9c1c9104662f6ad70aa3dcb7fc2a9908d9e0d1	162946
2744	2022/02/20210310_425West53rdSt-3629.jpg	dee17afdcb4d4c41e88b9e53d3fffaf1fdf5af98fefbb54aa5987f02f8895ef9	170572
2746	2022/02/20210310_425West53rdSt-3619.jpg	9ecd50ca2df53f9c1512c1ac7ff6b79f7b97ba3d8eba5ba78643a5d70cbb8eee	136445
2748	2022/02/20210222_30WarrenSt-0273.jpg	ff62e467565cd12a81cce52fe47e7c6916f45a89d1adf8e22c3d01dae391e796	212734
2751	2022/02/20210222_30WarrenSt-0258.jpg	7b67a535687cc6c254e1a0f71f19bab6563f65dcc77032ecb22777ad05ab4727	127103
2752	2022/02/20210222_30WarrenSt-0253.jpg	d32999e739706f64e6c93121161f99454a1ecde6f864ba032b6554e524ace173	138299
2753	2022/02/20210222_30WarrenSt-0248.jpg	c2b55c68eaab64df19bc014bb5810670b614caa2f3bf8c1180b9baa26470d13c	139645
2755	2022/02/20210222_30WarrenSt-0238-2.jpg	acdc127108b142435942aa04472ce693e470760961c245e39aea910f224e7aa2	216491
2759	2022/02/20210222_30WarrenSt-0228-2.jpg	c4103f31e41a192ceee517902b132012a96d29b3488d4f08d16135932cc08186	227541
2761	2022/02/20210222_30WarrenSt-0218.jpg	8a5f747010a0f5102f8b6f45ddda64939ab4c6d856acf1c09b9b23021613c58d	130696
2762	2022/02/20210222_30WarrenSt-0213.jpg	eec20fca49a4607df16535354923dbd9808052b415f5f6957fc7b53dfc0176d0	151584
2763	2022/02/20210222_30WarrenSt-0208.jpg	7c2c42be8501669a6c89300c7a93377d557a613e93313776e3029b022a243576	175683
2764	2022/02/20210222_30WarrenSt-0208-2.jpg	5554d0c0e3881f3635c573f4296736eaf1c5cf2eca45baad8d5b05bb06a71d87	277998
2767	2022/02/20210222_30WarrenSt-0183.jpg	ce7aab9e860f69762cb4783fd0db57f245130383f860741f611bff4361bed57d	172277
2768	2022/02/20210222_30WarrenSt-0183-2.jpg	06ca013a9f5576edb04a1ce345e3dd224a158d841eb2bfb728e973bd99b306fc	296310
2769	2022/02/20210222_30WarrenSt-0178.jpg	9096a1b00d47a854d6cc0d4c287dc2e15149b8ca633931a38d6d433ed7f4e180	162795
2771	2022/02/20210222_30WarrenSt-0173.jpg	6b92e79e721c9b83a9f77ebfefa213862326ac735839ebc7739d1e2cc395db4b	167055
2773	2022/02/20210222_30WarrenSt-0168.jpg	e744f062e4da80b0d542d654468b2cbf111b2e683b44e25018900260cdde25f2	136192
2775	2022/02/20210222_30WarrenSt-0163.jpg	071085cc86288a6e03034bb89d0684198e2f4887e3c81704a501f6ac398e4812	143500
2776	2022/02/20210222_30WarrenSt-0163-2.jpg	4c59cb13154bec1ac988c8ae90ab3b280718689a0b669535a44199d93e95ee62	227340
2781	2022/02/20210222_30WarrenSt-0133.jpg	28592f032592f673fe1b7ce028198af565976c2c219447d3cb071a57fb7dc87b	108485
2799	2022/02/20211202_118WyckoffSt-1184.jpg	8461824dbb9c1a936a7419679c64349fa7e1ec082e366639f143348e37c35a7f	6049936
2800	2022/02/20211202_118WyckoffSt-1179.jpg	57e540f1a281e02b0123985ddabad08ad1268976a294d22cd5dc038e3b3a5db9	6552245
2801	2022/02/20211202_118WyckoffSt-1174.jpg	306e9851d9ab40ea2f545f79e47f87ebc5214922f6b2ad503c4bdc33b52e6c6c	7363349
2802	2022/02/20211202_118WyckoffSt-1159.jpg	0e747911ad97d47066f9b5aac271a129cf23c926b1518d72515ef9952f9b7cd4	6942021
2803	2022/02/20211202_118WyckoffSt-1104.jpg	b3a66b04336ca1b9c7ffb281bcdccf8fead467c0f2d384e2e8070f722e71b9ed	7584284
2804	2022/02/20211202_118WyckoffSt-1099.jpg	0937bd5848f131bea50469347e489ae08fc7910eb3414ef12678e6170a277511	7984285
2805	2022/02/20211202_118WyckoffSt-1074.jpg	61a3a83f0a9a420e61f7f4e8b5d5be418779886770f67a2a19d2d8973db5983a	8020995
2807	2022/02/20211202_118WyckoffSt-1039.jpg	357f67e57ca3f2bcd53631e0479a620c6f8666e7e8ce98c3d1e9ba742b775be8	6892901
2808	2022/02/20211202_118WyckoffSt-1009.jpg	c2e73f139e436837d8269b6b0fce8f0326048f6177887cda02acdecf2a02d1b4	7449588
2809	2022/02/20211202_118WyckoffSt-0994.jpg	ecca35c599e41a00927833a8357b089cd97758f467eac33130f6b64be4e25598	6604327
2810	2022/02/20211202_118WyckoffSt-0974.jpg	6d22f2f2a78f02c65d4e64b6dcfc77e5fd90e56463f1449378ef0432860dfafc	5802866
2811	2022/02/20211202_118WyckoffSt-0964.jpg	92d123c15dda472abce424df26321ae511f74fb15e9849478ce00a1fe9a38cf4	7348764
2812	2022/02/420-riverside-158.jpg	88b7b6587c5f525f4ea58ed0421dc6de55055893a938f99279a503a10dabed80	219477
2813	2022/02/420-riverside-75.jpg	0d10c48420310a88ee56576bbca95c6575ef28235488b55494aaa0c00699cf01	222897
2814	2022/02/420-riverside-50.jpg	9d50c1f3a13ff1c829e97a77f76fb4f3ec20410dd2afc6940c55a7b9f2dfabd6	230982
2815	2022/02/420-riverside-36.jpg	94127f10d0393e1c6749299546898ce80476c2ff9e054cb8d5bd09d4694ed3f2	262033
2818	2022/02/420-riverside-265.jpg	9d130808176d716cb7e9a5700b1db87d02ef4cf3516c755021fbe539f9d9e68a	171654
2819	2022/02/420-riverside-254.jpg	c2a35cb4da497d2cf53bfe655d41bdb131a21da75a8c1b0f711314eb39937c15	311203
2820	2022/02/420-riverside-249.jpg	7943702bac68495b9b5a550306ae9f37aef068df2e5c63c94cee4b52ffb224f2	275568
2821	2022/02/420-riverside-194.jpg	815546785b5d4e3babe69884564a8ebcce285ff08e2c656085a0453c88a5a353	183102
2822	2022/02/420-riverside-150.jpg	4fa3d1a34aa25f891622e51df5f3510c8edd27a228405a699a989b4fc7d4a9af	221877
2823	2022/02/420-riverside-134.jpg	b228726be3da6203ddac6df02e27cc5068969ad617456c2198a79a3b55ccbc6a	196306
2825	2022/02/420-riverside-121.jpg	2da733ca4014b36fefe29ad65409c86a7f716ce0588d084b3d4014370272fe05	160720
2826	2022/02/420-riverside-102.jpg	24b5e62d510e73af46454a24374488b6cc6e954fe1c91c704f89fa09480317a2	194183
3227	2019/12/20210310_129DuaneSt-3795.jpg	942733655433f3cf2f66bbf3a93df97d182be945e4abd4e762073138603dfff3	258955
3228	2019/12/20210310_129DuaneSt-3800.jpg	d8b4604c7268dc7cb52c57aef635188550cfbda07695c2cdd338773cb61a2d80	190979
3234	2019/12/20210310_129DuaneSt-3835.jpg	ccb5e68824ae3e1ef82b83ea4ede23e79b54d558706a8625f57bcf74e965b425	155107
3235	2019/12/20210310_129DuaneSt-3840.jpg	fd6ffe5a5b9a8d9e9ebad4bdd8dddd57725ea86ea555a5a65b55977525e1ae09	168999
3237	2019/12/20210310_129DuaneSt-3855.jpg	16b6d542b7b92380dbc6b574c836979e3adcc0f51acda9256b062b3d0176542e	178215
3238	2019/12/20210310_129DuaneSt-3860.jpg	6e1f86594cf60deb3d926135e3e436d6103ac24e10bce064c5f390ac9c202607	332553
3240	2019/12/20210310_129DuaneSt-3870.jpg	8a60745468b0a45c5ae91cbdbdd131020095c77f248ddb70b775ce4f42683a4e	298914
3242	2019/12/20210310_129DuaneSt-3885.jpg	85300ec3147516f7719227d974c70f7d4a7ed69b62ee0ed8fa42cd47053cb02e	243082
3243	2019/12/20210310_129DuaneSt-3890.jpg	e45f4a348d6c664602239719e814a12d799b701983d445440fcc46fda0570f33	250663
3246	2019/12/20210310_129DuaneSt-3905.jpg	4b7d575dd3600f746f79bce2ff17339807750d749b7de67d6b493ce96fa79a08	260146
3248	2019/12/20210310_129DuaneSt-3915.jpg	c4705ce8191c6a86256cb6e21cc67cc243e3f3929ce390f2955d83dc159bcd99	240599
3249	2019/12/20210310_129DuaneSt-3920.jpg	bafcebb063942f93edd49c85b3802d6fc127a9cb9752a415aa65dfd436a7ee9d	257208
3251	2019/12/20210310_129DuaneSt-3935.jpg	e0d9e0f5829b8886f035520157e0933da160f13da25e179b4fa84d63ce4294f1	312329
3255	2019/12/20210310_129DuaneSt-3960.jpg	b9fb920f70329642c5346a82ef148956926ed5f4101a11b93b8a2464228729dd	309837
3256	2019/12/20210310_129DuaneSt-3965.jpg	931b6e47e78de112d240c84b644a9ad3e3ad3f6904c0fefd0f97a2e7634e86ed	321222
3258	2019/12/20210310_129DuaneSt-3980.jpg	f1c12030391392f85d2d466451bf8e0832931ebcec0e0470374c2cd506723131	260437
3259	2019/12/20210310_129DuaneSt-3990-1.jpg	7b7ae574b2b5445462f797268b30271bb3dc6de6d77f17d665bea112cfcc1284	264504
3260	2019/12/20210310_129DuaneSt-3995-1.jpg	3db3f25bf7cc6ed80c7a8adad2fa51c131533e5fa9abeccf179d213f538dcc72	290212
3261	2019/12/20210310_129DuaneSt-4000.jpg	0821396703d09b2dfcf3f4de72325ed6ab93bbe4ae764dfa6cbefad1c574413c	317295
3262	2019/12/20210310_129DuaneSt-4012.jpg	bd1d4998f61f785d79088417aa52a38c326e22675633d69bd01b16b450531cb9	315574
3264	2019/12/20210310_129DuaneSt-4025.jpg	5f553e094365d3d02bddad79b52ea70be9c9a8a45325aee13912c54af20af401	383389
3265	2019/12/20210310_129DuaneSt-4036.jpg	f3c53875afa267ab34ae6f4b34fa3ff0e13b217b2ab2ac662451aea295fa632e	316096
3268	2019/12/20210310_129DuaneSt-4050.jpg	5bc4e043bed8bb8ffafe77ffab1fad7b6a0edd5b1dc88f1e80a8641a800ccb45	217940
3271	2019/12/20210310_129DuaneSt-4075.jpg	f6d3df9d2764591c0720c374c1d998698a01decfbb5c985b11fe3fa7053714fd	328569
3273	2019/12/20210310_129DuaneSt-4090.jpg	3cee11b578e4df44c2bd54431d72de70d928f4a7f4e53e194d7cb0ea099f5762	285828
3275	2019/12/20210310_129DuaneSt-4105.jpg	74f35c691e4c979e798f94d2f7725c50b7b5d1611085442a73464ac85cc819ff	285548
3276	2019/12/20210310_129DuaneSt-4115.jpg	ce653c797a5a9a53da600e276cea114b1b82d321db9edfeb62c649aa5331c563	281821
3278	2019/12/20210310_129DuaneSt-4130.jpg	c25cbf0db3f5383db17f59480bc0154902ecaee04c8f6217be2c1bea0507696a	209965
3279	2019/12/20210310_129DuaneSt-4135.jpg	3daf14f4af775a0082fbdbc7b092ad635053f243407205e3f17465aace90eadd	219396
3280	2019/12/20210310_129DuaneSt-4140.jpg	8dfde6bd9c778ae0c01737a3275139f2936a78fbae1284c7a14f555d6808e20b	280225
3282	2019/12/20210310_129DuaneSt-4150.jpg	f27dd8fc46bd7c7ff4242d05fc0599eb3314aee885988a019bef0d0165f4fb19	379153
3283	2019/12/20210310_129DuaneSt-3830-2.jpg	6422a6692aa2e1d7839af36cc5e6dcffdd4bd604fd71dc7e2c8e2f8244a1bca7	5927474
3284	2019/12/20210310_129DuaneSt-3975-2.jpg	240980d0ebc4a53636157ae1e0736eb4af8e9010ec0b58a705b1d0063afcfcb7	8204418
3285	2019/12/20210310_129DuaneSt-3990-2.jpg	a40362c23e9fe78c57098e4a7d0ad25717d1976126dffed0811e53ddbfa7aa10	6934309
3286	2019/12/20210310_129DuaneSt-3995-2.jpg	736b8eb7e52e669bd3f3bb85d1089b237641790e216972a22b7ba72f0ba3ef9f	8213842
3287	2019/12/20210310_129DuaneSt-4145-2.jpg	c0dae8ce288bad88e5d6c22c382e01b117c25665541a59b83b29e6054632d0df	7953272
3290	2019/12/20211021_129DuaneSt-8040-1.jpg	04cc4ef22ede7502eba37d390d773b4aacffff4f033b91bc3ac08de158b1b2f1	10809628
3292	2019/12/20211021_129DuaneSt-8110-1.jpg	4a3f628ed4af91708924e94bfc831a9aa313585b047e3594e69073b92eb72a8f	8888069
3293	2019/12/20211021_129DuaneSt-8120-1.jpg	dde44761e5ebc15daa3c6576bf87a2a5e7a1cfd7a78c1949eb0db7ad13a72162	8766607
3295	2019/12/20211021_129DuaneSt-8159-1.jpg	f588e2f0bdde28aeda40a2f2bac450efcda66c5ae9117a0b2875e10530be2b83	7727078
3296	2019/12/20211021_129DuaneSt-8169-1.jpg	47e3c91424ff35ae01a72af3e3edf3235c4430268dd2b4597285daec628cfe7d	7599553
3297	2019/12/20211021_129DuaneSt-8194-1.jpg	8e98d11264dc03b20b4f28838d256c0be86275e0c80c375e63ec085b79363123	9008759
3368	2022/04/ee6d879929ab0d084e90815fbbff4813-uncropped_scaled_within_1536_1152.jpg	2c7c34642e8d634c64e6ea93c72f8e82702eaa49432fb490b089181bc60789d8	116806
3369	2022/04/848062e8ee51ff06a726cb7358ad3ea2-uncropped_scaled_within_1536_1152.jpg	d251f1c77a51711ea423bd483a8631a0fee71331e6573a4aac8aeb01fd6f83dd	126467
3370	2022/04/767502abfdbb486cd3ae0ee39baa9a0c-uncropped_scaled_within_1536_1152.jpg	1566a19fe5c5a5c08ce11478d4e9b55e958b49ad1968e0ba3ad64c94cf508722	113076
3371	2022/04/814e93958eb585920f50930a1fb5306b-uncropped_scaled_within_1536_1152.jpg	9fa89363938ac53d9afc0f90aae39956d6948a2fb9295260432587e5592cf078	98575
3372	2022/04/750d5420b506f7fe2f94b8630b137980-uncropped_scaled_within_1536_1152.jpg	45f24c5638058356aca980f4974b51119e0e04ac98d83ee4c9b6852e44bec552	85829
3373	2022/04/504b0c1f305405c0ff49ecbbe8eaea8d-uncropped_scaled_within_1536_1152.jpg	8a4e8655b16a5a6b4f08ac7b0d1e86266c235c75499b955f6528e8fb5e9cb32b	89606
3374	2022/04/81ea9a2ef6bd668b1cc5fc8dc8aa5b48-uncropped_scaled_within_1536_1152.jpg	cc1cafa9523f4e5b50184d1527b486e9197e8d0a928d5bc7393eca6194b2eb11	113456
3375	2022/04/75feff340a22624f9bd43cf1c42decc9-uncropped_scaled_within_1536_1152.jpg	692c07093966f8e01673572eefc3b1c9b2aa80db0725592cb56de6ed13e7a180	109704
3376	2022/04/18cec58e4ea6d745bf37a047da1d07d9-uncropped_scaled_within_1536_1152.jpg	c4822d624fd51f0e512d92d6afa60b6088def29759bf6353111f01b9a25045b9	120217
3377	2022/04/1.jpg	7cac71666f35fffb337c88662522d13c3f08797fbb09921c2d878527e7b20527	142427
3393	2022/04/2022.01_NYC_Wald-kitchen-Jeann-Nouvel-bldg_2023-Edit_By-Petrini-studio.jpg	dd7aa3531d1b3b3911d479005f9b2c4d09d2b4b36ad5b92b75cbd06bfa3ad673	8277439
3394	2022/04/2022.01_NYC_Wald-kitchen-Jeann-Nouvel-bldg_2038-Edit_By-Petrini-studio.jpg	f0941d0ed62dee73665b8ed92f8170b182a35296fec488b3b883f490fe837fe3	8304102
3395	2022/04/2022.01_NYC_Wald-kitchen-Jeann-Nouvel-bldg_2053b-Edit_By-Petrini-studio.jpg	fedca3675a4608e2d3320faa30ca73bb3d2ef2b5dc13122a3f387539c5a0957b	9231507
3396	2022/04/2022.01_NYC_Wald-kitchen-Jeann-Nouvel-bldg_2053-Edit_By-Petrini-studio.jpg	6abc7f66dda829629739d00121d4ebc0b78033b519101db5d51c0704afa824ec	9526882
3397	2022/04/2022.01_NYC_Wald-kitchen-Jeann-Nouvel-bldg_2058-Edit_By-Petrini-studio.jpg	e4f74b56912453b76ebc68e5100a762c9595a3867e4a9d44584f74a778c5bf4e	9466063
3398	2022/04/2022.01_NYC_Wald-kitchen-Jeann-Nouvel-bldg_2074-Edit_By-Petrini-studio.jpg	a919ba3ab43820b9dbe87e1da55e94066654db87248912d4c29bdd029aa19bfd	12706548
3399	2022/04/2022.01_NYC_Wald-kitchen-Jeann-Nouvel-bldg_2107_By-Petrini-studio.jpg	c7a4ef44b97fe3904f2176bbe88bb542f62698e28bcc909fd6fc1bc42c1feb20	10175573
3400	2022/04/2022.01_NYC_Wald-kitchen-Jeann-Nouvel-bldg_2113-Edit_By-Petrini-studio.jpg	9f4d3fa738133edd838c8a58e1f77b0e6648a42172d631b1b49475f2d64b25d8	9230799
3401	2022/04/DSC02034ab.jpg	701f6b0abbb89d16dae89c18f0609c24ff15dd3e04d9ef14efe441e0a92dd297	8136260
3403	2022/04/DSC02059.jpg	5d5aeaf99f67db247b060a75912439c2e15a4c11b7180b1f866a72c8e50bc63c	12075429
3404	2022/04/DSC02067.jpg	7ff9f97e782db2e71dc936ca57d8ce1c4ebbae88e700e80ef2df5fa811bbc6c5	12495542
3405	2022/04/DSC02092.jpg	aca07b8b25894afba754b098db22b9c205c213e603becbc5370b105852f8898a	5911504
3406	2022/04/DSC02094.jpg	180ca9cf737e503379ce923db4fb02e2ffb94433d300249701ec841ea89ae41d	8951021
3407	2022/04/DSC02097.jpg	bce1e802f939c7363492bf3c43cbc7ae1805f44691fd0312c46ff7678ae54a86	10510746
3408	2022/04/DSC02103a.jpg	55139150ee82d7c9825a833bf9353ba97e9665ec3a3b990be06679f4842322a2	9781030
3409	2022/04/DSC02106.jpg	ba9bc15a975d82dcf96cf8926fd8b66163178576ad0a473680bc33a0d4fe761f	10312503
3417	2022/04/IMG_0141.jpg	d290649d14f310564bebeb023ce2e3980f5ae1c7a8d50134e88c935c5ebb4386	8681565
3418	2022/04/IMG_0142.jpg	fda5324242e60b2d5c98f3bc7402a8dfcaee9f1eabaaaa54f92c02303b5aba20	8263942
3556	2023/05/20230306_92LaightSt-3109.jpg	4ce8ac03edf4f6d5c9b48662b280241a4eca567f36e0da3545b8e1cedc9ad1df	6901359
3557	2023/05/20230306_92LaightSt-3114.jpg	9dc47dcbb3fec0adc416b4414c26c8cf5f58061772699e1272c9f1f974c0e61c	7667500
3558	2023/05/20230306_92LaightSt-3119.jpg	9c5de7aa59b08a86bc62122ca7bf4a716e4955f45679e138f3dd33c78608cc17	6129858
3559	2023/05/20230306_92LaightSt-3124.jpg	44307e57abd00424e59e2d7cb6e388cbcd82a2683c409be60094980f518576ab	6335355
3563	2023/05/20230306_92LaightSt-3149.jpg	091522e012589390a0376b72f16baa8f428c35d8b533cb989e051ec0739d9e5a	5879589
3566	2023/05/20230306_92LaightSt-3164.jpg	cc2dfc7e0054ba1bf198b9b9fcee26f555d87f76ddaf0afa2f41d837eafc64c0	5939903
3569	2023/05/20230306_92LaightSt-3034.jpg	64de8c6bc31456ecaa511be6daf5a472d2227b5375ea8d85492e81bb972e423d	5195719
3571	2023/05/20230306_92LaightSt-3044.jpg	481ca5cebcf7135c7843f90349e7bf6113dffcb5a6c8dd18c6635109410be91a	6831059
3572	2023/05/20230306_92LaightSt-3049.jpg	68d6b72451adf6bbb69243acca4093532ac13988888019d47f7f737a7fff239a	5625543
3574	2023/05/20230306_92LaightSt-3059.jpg	a6c16dfb5bd8373c04e477e6f0012a7cbaf676e00b31ea04b3e5b7543f7365a6	7930816
3575	2023/05/20230306_92LaightSt-3074.jpg	03d25ce24a8d65859d3c267ddb4ace08231bc5f7333890a4efa4e97c7b27a70e	5659852
3576	2023/05/20230306_92LaightSt-3079.jpg	636feddc880f98a2564a35d064bc2630cb2d838bc7eb0e2d9a5067cc6fd1770b	7985417
3579	2023/05/20230306_92LaightSt-3094.jpg	d1ece85c0de40dc38aaecb05b3aded2f40b3fcf6aa65ad8b05d38a2563a1448b	5140754
3581	2023/05/20230306_92LaightSt-3104.jpg	fdb2830c166728c96f0742344dc63674f37d8c813ce7da2b6ca35cb1238cafc8	5878042
3583	2023/05/20230306_92LaightSt-2964.jpg	a182b71bffb529691802808be6bb3473992b6fbef491bc664da038fb7aac3964	5784371
3587	2023/05/20230306_92LaightSt-2989.jpg	43d4b62b877ec235c555a04b3901aa2e15c922e355f6360053d81b15ea3bb11b	6429414
3589	2023/05/20230306_92LaightSt-2999.jpg	e14ba6a195a135b22bbdeeae6aed4109cb80b1d0ef73260b40673c47415f5ebe	6092887
3597	2023/05/20230306_92LaightSt-2954.jpg	17f9ecb71be1d5317564b0053528559f477da9583cf8ad48f0bbd99dfd40c2d0	7741486
3598	2023/05/20230306_92LaightSt-3184.jpg	c82ffc38e415173a0e2a893f715e3b8b1e61bf4efc6f7884ae5e3dce89f7efc7	6698045
3611	2023/05/20230310_10ColumbusBadRoman-1369.jpg	8cea79e555c4f56f7e6f7fdcb898c136db7a5fb663dd81a68450666545b178b6	10269356
3612	2023/05/20230310_10ColumbusBadRoman-1374.jpg	fc8cfc02889c4e1d4f80e9ea17deceb6b095b6b97a3412b49a56447ec26c0e7d	10183484
3613	2023/05/20230310_10ColumbusBadRoman-1379.jpg	f031ccb4d4e0d8ee39ec7708e18b42ce0e485c628de4160a2accb26bf47bf03e	11465302
3617	2023/05/20230310_10ColumbusBadRoman-1349.jpg	f182634b0fe99037b0a236c26a33b8000159b19918a0177651ceffb8bd00757c	12301391
3618	2023/05/20230310_10ColumbusBadRoman-1354.jpg	0b9ecc550e4f6029de07d11b0857ee32b62a32cf33ba6f43d18c22372467206d	12264490
3619	2023/05/20230310_10ColumbusBadRoman-1359.jpg	aa021dddca09982bbfd5232ba55c03cb428a61c6c4babfebdc99571be419432a	10477630
3621	2023/05/20230310_10ColumbusBadRoman-1314.jpg	25e4c62f5777a2f983d5d5c29a941a1e8b5f6919b49e7d80eea311f860d545db	11277115
3622	2023/05/20230310_10ColumbusBadRoman-1319.jpg	34cd529042cb10b0aeefcd454327312d556dd73ae02b9518c3d67a4a60d80bdd	11930556
3623	2023/05/20230310_10ColumbusBadRoman-1329.jpg	4819cdea30408d9d47cc5b9fab5397a806992456986173cff675bf68cce301cf	10596936
3624	2023/05/20230310_10ColumbusBadRoman-1289.jpg	0b437dcaec9dac98892e7217a6e1276bec12df49de170772a4ff1f9e85cef1fc	13065146
3625	2023/05/20230310_10ColumbusBadRoman-1294.jpg	4c8fa1f5961b050ce5dee48b9573289822ef16b55b0bb9809bed51fba2fe6f10	9959870
3627	2023/05/20230310_10ColumbusBadRoman-1304.jpg	5ca3ac6b7eb99388e06d79e14e1ecb06363e4bda739e335d5f3a5d02dabba7b5	12646162
3628	2023/05/20230310_10ColumbusBadRoman-1269.jpg	8f5417a425b0d4e00532ceb59bb4fa717fca5a8966cfa9834e8f292a0abdaed0	11955735
3629	2023/05/20230310_10ColumbusBadRoman-1274.jpg	5a30eee889624ef4af328f135e187d6f8b47cc467ffa3bc6f92ba073b2e33cfb	11493719
3630	2023/05/20230310_10ColumbusBadRoman-1279.jpg	7aa70db32b7f641525ebee1127013e6c53eb736ff4e9084180837c2936805348	11311537
3631	2023/05/20230310_10ColumbusBadRoman-1284.jpg	4d8be6b9caa3dbea9ded40c8f7c43769d4e7dc35f777ce09541dd5ad0dcd9b20	12028178
3632	2023/05/20230310_10ColumbusBadRoman-1244.jpg	09d5ddb1945e79ce87a9d23e0cfff882382b7f5df3718183bf97f8c9432d9a6b	8925353
3633	2023/05/20230310_10ColumbusBadRoman-1249.jpg	ca73cb542e4de27c0193d478b6ed3620ec9ef888351c9c798c330e377c0c9b63	10775328
3634	2023/05/20230310_10ColumbusBadRoman-1254.jpg	03aad8d626eb2d394e422aabfb2bd3f65a8c137ff5954384f4538299b8da95b4	11223731
3635	2023/05/20230310_10ColumbusBadRoman-1259.jpg	c861b3d2c77f5b2a3613b60fcea4ac51d51cf4729205e18c2287ab90df6ccda5	12483920
3637	2023/05/20230310_10ColumbusBadRoman-1219.jpg	c36da633dc2d3fc56429f4c8753d1bdd8b4657770e94c13a89cd540b0db4ac34	10271355
3638	2023/05/20230310_10ColumbusBadRoman-1224.jpg	24534085234333f6d7423367873a8ba1ba19eb6ec77d1904a9d9a063db1fcda4	11034004
3640	2023/05/20230310_10ColumbusBadRoman-1234.jpg	a7c939c416b334f279ce534d717882ca8a3fad00f78549d52e2665fbbe6484b3	11466337
3641	2023/05/20230310_10ColumbusBadRoman-1239.jpg	89404e26b3eee50fa31fec793080e1d18b40654f239b2696a0c227ae7d807c1e	10582030
3642	2023/05/20230310_10ColumbusBadRoman-1194.jpg	e028d5d34dd895ddd8834c2037cc57cf5795362eea855abb8dcff003dbea147a	12537533
3645	2023/05/20230310_10ColumbusBadRoman-1209.jpg	a02b60c92794fe5a4905572ee47e9502662451e0196325dba8aa9eea8ee3879c	7465176
3646	2023/05/20230310_10ColumbusBadRoman-1214.jpg	9be519237d5294c195ef822dc7dd391c65bc9dfd406d73f60b8f4a3b70e5b642	10078100
3647	2023/05/20230310_10ColumbusBadRoman-1174.jpg	7613c35b21699234d6ab1eb4926fbb6df830be382668965f72279023cfae8fcb	11307252
3648	2023/05/20230310_10ColumbusBadRoman-1179.jpg	bb1289722cd26f02c6bc7106c255ef157186893c185f74f258d8678740248d93	10740103
3649	2023/05/20230310_10ColumbusBadRoman-1184.jpg	0dbba5d2940991a369e056872192d99a2aef792696e3250ce09022bc90f3259b	10752250
3650	2023/05/20230310_10ColumbusBadRoman-1189.jpg	0503f3f8f7281314fafcf67ec0b4cb016806dac0ce384a62492d8d5b646ba27b	10754224
3651	2023/05/20230310_10ColumbusBadRoman-1324.jpg	9f0268e072db6284a34e699fee9eab2493fded70579360579947b7aae9fadb12	8681586
3653	2023/05/20230310_10ColumbusBadRoman-1149.jpg	df94342f3a36843e7330e3515b4d76707fc9dd847011c6b42957cdd2450c8679	11823980
3654	2023/05/20230310_10ColumbusBadRoman-1154.jpg	b81d979ae64280f92d158ea41845072688980c1654fb7baa41204a1e808661ad	10973983
3655	2023/05/20230310_10ColumbusBadRoman-1159.jpg	c1bc0fe99d23445e48590ad2a74388f50ab76f1ab031019eaf9983f52da591b9	11846816
3656	2023/05/20230310_10ColumbusBadRoman-1164.jpg	ad58fd7ef7377f3f313dccc66557b6eaa4695551df5d6cae308968572e0d6361	11693696
3657	2023/05/20230310_10ColumbusBadRoman-1169.jpg	ca3d24e8377ac2516f83c9fd91e3a281d0515ea8fd7f8836a41761d18c81f451	9233994
3658	2023/05/20230310_10ColumbusBadRoman-1119.jpg	d026d1cb88d8f7964c9b53aef4a6794a611aba3a16ebae82610a891e51c1428e	10835526
3659	2023/05/20230310_10ColumbusBadRoman-1124.jpg	50ec3dee93a7ec1341bab28407f249248c7d12a3519bab9d86265605211c0bbe	11663926
3660	2023/05/20230310_10ColumbusBadRoman-1129.jpg	fd7f90cf2c6c1dd2f9c73fb139db11006eff9c19d21d967831b5f2083fe65276	12226200
3661	2023/05/20230310_10ColumbusBadRoman-1134.jpg	b5b990f4a3d2573a01ae807d183dd8fd4dbbba5b69004459e5f57d76c610bcb2	12435575
3662	2023/05/20230310_10ColumbusBadRoman-1139.jpg	4cbe1dd5d888f89b1dcbd29ab099a3a21134ca9fcd457eddc0c2846d023b03bd	11577875
3663	2023/05/20230310_10ColumbusBadRoman-1084.jpg	302b473970de04d8dfee1c1e1d9f2c4a10beeffe1c6760202cb36481b9cdde05	12116763
3665	2023/05/20230310_10ColumbusBadRoman-1104.jpg	5fbfab62562b0d5e0cde8012176875cffef6267deba754eb814ef3de138e462c	12001869
3666	2023/05/20230310_10ColumbusBadRoman-1109.jpg	084117b803737cae285b34dba1e62bd9f90894919b61c6f2e4d6222b207cb75c	10251569
3667	2023/05/20230310_10ColumbusBadRoman-1114.jpg	c69a5fe6784f86b083f9be4dfb68636ac9bbe742f167b84e2928f9c00ef802e5	10573385
3668	2023/05/20230310_10ColumbusBadRoman-1089.jpg	f5839eac23c62e72dc8dec140f12008c972d84719a3437ab9d58147cde17cefc	11145449
3683	2023/05/20230320_406BroomeKetchyShuby-0752.jpg	1c9b3f08bc226a7f29fc05464c51584bbaf551d9f0de835b191af04bdfbe6754	11711447
3685	2023/05/20230320_406BroomeKetchyShuby-0762.jpg	dc996fa1b898cf477b602a7e0806ed841954eafd3a175ad42fcb88c92ce18d2a	9682577
3686	2023/05/20230320_406BroomeKetchyShuby-0767.jpg	50701e8b441b635aa46537ba7f585b4aab3ee7e665c3ff170dcafc342ae52563	9916920
3687	2023/05/20230320_406BroomeKetchyShuby-0772.jpg	e2ac688ca9d04859fd3a1ebaea5fd416018276de2021bb100b0500471fa7a93f	10259206
3688	2023/05/20230320_406BroomeKetchyShuby-0777.jpg	932fec0cd6e0e63c4ad5a961ec021d61be385f507acf6bc3d95db67581fe033c	7170532
3691	2023/05/20230320_406BroomeKetchyShuby-0702.jpg	2176563224603dba624d083cf0436ed75a3f2bd320543fa9acd15e41a1dbd25a	10216885
3693	2023/05/20230320_406BroomeKetchyShuby-0712.jpg	b03a6116d69d8306aa7c40e45a4eba3454ba74e603dc0a9e5668d7a74d269982	10436168
3694	2023/05/20230320_406BroomeKetchyShuby-0717.jpg	e90c0fbcfcc7a421d8dfa35ec745d154084eb8ae757807685e92c68792a4dac9	10478617
3695	2023/05/20230320_406BroomeKetchyShuby-0722.jpg	409c88fc35feb29dfaa355a25e422ec4c6e0bacc882583b16f5afc37b523d117	10171364
3697	2023/05/20230320_406BroomeKetchyShuby-0732.jpg	9cc064bc6708463c4e398bf7852182e7ff6a33b0581e1ee5d76c8d0265404ab1	10501050
3698	2023/05/20230320_406BroomeKetchyShuby-0737.jpg	dd8b95294aa31ee806ff300d17b5024537ba785bb86e86ae9dc640b587f569e3	9335007
3700	2023/05/20230320_406BroomeKetchyShuby-0667.jpg	c39894269166a52990070a062e51a70b215f039557bc323adb91bac453d42527	11721196
3701	2023/05/20230320_406BroomeKetchyShuby-0672.jpg	d053f75b8b506748c48ad1b150729275875308a4220c023d5cb687cded6cf801	11215930
3702	2023/05/20230320_406BroomeKetchyShuby-0677.jpg	7e4813f404979c0dede8de53c8e434087fc0f3ff30041ae0aef5aed3a3198b2a	11382714
3703	2023/05/20230320_406BroomeKetchyShuby-0682.jpg	cf9c0ceb1f788118c4208aeabccbe414b854319c4b91a3e48a201f56309a8547	9179141
3705	2023/05/20230320_406BroomeKetchyShuby-0692.jpg	5cf91e739e0995a234cc357f28daeffced8e9c83158bebc3cecab6b40deaa438	8450584
3706	2023/05/20230320_406BroomeKetchyShuby-0697.jpg	577e7fcad087459a949cab9a6fce239734fac90774436cb450bda8b1ab1e0f29	10764140
3707	2023/05/20230320_406BroomeKetchyShuby-0627.jpg	e48d015eb68dafba44cab41e8c580e4ee7d4ef0fe242ae5fc50c5271f597fbdd	11754730
3708	2023/05/20230320_406BroomeKetchyShuby-0632.jpg	782e4da68650a47905f00f7cd9da7b86961b979b8fda02915c4bdb128cf04dbc	10803680
3709	2023/05/20230320_406BroomeKetchyShuby-0637.jpg	7b55d0e2e89269b2c386bf50580629c1d099a84d274d3aff24c65a50c8f0445c	10460322
3710	2023/05/20230320_406BroomeKetchyShuby-0642.jpg	54f8fbd51901ecc5559e4c3e4b254b8c2213b9321c2cc64c7bd7d5a5fb005020	9226289
3711	2023/05/20230320_406BroomeKetchyShuby-0647.jpg	a6f1f652e94c67f3537f86cd18e7773f36b51b7c4eca383bfc8dcfec6bae23f3	11204838
3713	2023/05/20230320_406BroomeKetchyShuby-0657.jpg	01917169d1ddd46081cb608095334bc064a8eb8f2a215a149ba1cc006a6172ab	11513229
3724	2023/05/20230306_700ParkAve-3404.jpg	595dd596440ec691c0472f78fb15f81d97ff3fe66acf65585ff598d52fb3dad9	7807973
3727	2023/05/20230306_700ParkAve-3419.jpg	1339a7556c0698afa9770cb3a5179a8eed46abc91d15c6cc6264f5c18ec04bdb	6784634
3731	2023/05/20230306_700ParkAve-3324.jpg	eae048b0d154e03c01f6be77325272c54ad3214fcbf3560fb4540bd272cca7e9	6995435
3732	2023/05/20230306_700ParkAve-3329.jpg	bee7a1b89afb38e4c5280e0028ab84db73ca2306f817231b4c939341c49d5d2f	6627032
3734	2023/05/20230306_700ParkAve-3339.jpg	49f6fbd0af399a52dd8d4c7188c84100bf06250666d9748b15f25e00a225413a	5390395
3737	2023/05/20230306_700ParkAve-3359.jpg	76ce067daf856ea246fb8682eceb8c364a4174dd77c4ff184f45eae6f1612303	7302208
3740	2023/05/20230306_700ParkAve-3374.jpg	23dc7aa9380dad324b82282625773264d823c3ac24211bf7ab9c3ef1ffff090d	6241909
3741	2023/05/20230306_700ParkAve-3379.jpg	63c1f2c666f018b7ed9bf3fe59e56735cc9f7df4e8e897e294a98e2cf59c2d8e	6549846
3743	2023/05/20230306_700ParkAve-3259.jpg	e013e43ee3a8788c79fbf2355efa9c07fb36a0ad5557d8ab53465f52758bcef9	7744271
3744	2023/05/20230306_700ParkAve-3269.jpg	5c5094b72090c434ad033234afbedb6d3b63317118eca693fc22f3ed2edabd75	7735227
3745	2023/05/20230306_700ParkAve-3274.jpg	dbb0ab8b6bf99b7623bdb7b61680a319b6395c98c6949e8f3d7e20b6a1c45fb0	6661426
3749	2023/05/20230306_700ParkAve-3294.jpg	c2d1c769c8d7978adb3728958a7b04abb77adf9e6a29e592d1137736d24f42cf	9120155
3750	2023/05/20230306_700ParkAve-3299.jpg	1e349533df4ceccb2e8271e49acb4b27977fdcdf39bca4db6fabbc4b596c9916	9355444
3751	2023/05/20230306_700ParkAve-3304.jpg	7cc57bed7bf6c2575e97f9fd9cd8b42a4c21fb42499b297eebf32ef3840c5e4f	8585103
3753	2023/05/20230306_700ParkAve-3204.jpg	41f29fc0bfe5289b3cd002662affb4dfd64ef1064fb80aaee2f9219c49d8f9a4	6055846
3756	2023/05/20230306_700ParkAve-3219.jpg	038ba2b3cde526493649efe04a2e53b84738ecceed7f52a031c47d56d8825faa	6491709
3757	2023/05/20230306_700ParkAve-3224.jpg	b7a80df2d9c6d0dbb75b71eee01eb8ae93dd8b168e562df805ff86218fe1573a	6696556
3759	2023/05/20230306_700ParkAve-3234.jpg	31c24488c51203f9559884683ddacb7786759de046d916608e487e51b931cf93	7309922
3763	2023/05/20230306_700ParkAve-3394.jpg	b38d58084e55062c979807b712cda2fd9ee3934c3882a019b92f11accb0beefa	8040842
3766	2023/05/20230306_262MottSt-2919.jpg	879eadc3c7a04100b1377820303e9ff88b6393cc4ef30ea434bc1c6abc0a1753	9663265
3769	2023/05/20230306_262MottSt-2939.jpg	06176555ded6c11fd2ccf0ecc0c9aa267216b38ab9613a471795e8ac332c78f7	9714023
3770	2023/05/20230306_262MottSt-2854.jpg	c71badd04a14984b781a7623b4f206084fd16c1b2c7a6fc1d2bda342023017ae	9504370
3771	2023/05/20230306_262MottSt-2859.jpg	a0f81de4405b12794b66c8d393fb1656dec3e51557a31959a2a37c1c5d466ab7	9958623
3772	2023/05/20230306_262MottSt-2864.jpg	59d7b6d2023d12936fe888bcb2792eafc47b07f29d06d682907a4613fa435313	9984031
3773	2023/05/20230306_262MottSt-2869.jpg	9ee7df1889aa920265cc2c4c5cfdd87598559745671c4058faab49b472284a0f	10101807
3775	2023/05/20230306_262MottSt-2879.jpg	16deb9558c4c71cedf6753a37a10b43ddf0957797836bac5aba2a5f1cb10dd57	9008311
3776	2023/05/20230306_262MottSt-2884.jpg	1aa2bd5c938b676298fbdbfc9d726d4d1112ad5a6dc5de4570132c2d1d00923a	8839365
3778	2023/05/20230306_262MottSt-2809.jpg	0a3e3a29bfd30cd56d370a94579aa3469c10523588c5f325a26a8db944ccf348	9919766
3779	2023/05/20230306_262MottSt-2814.jpg	a506971c6b14ece76ff8b7d97c6deb5a04461c628a2472b61e609254d1506dd7	10214643
3781	2023/05/20230306_262MottSt-2824.jpg	d58c43b1bcd71aeba75cd1bdbcdd3009fe79e622ac23bdd1ad6d797ae5215ebf	9739262
3782	2023/05/20230306_262MottSt-2829.jpg	12d90ea1b619c963f6c244251ff8535b4788f88daebf8f3f1270f32e5da3b59d	8996786
3784	2023/05/20230306_262MottSt-2839.jpg	deadbbaa0f65543f8b2f63ccf71882bd10cdb5ee728ecb1bef70f4b56c35032a	10226811
3785	2023/05/20230306_262MottSt-2849.jpg	e11f014be6f9742c07e8bbf2b12eeff0ea59b3cb3fbd4284822ebeb36beecfca	9663455
3786	2023/05/20230306_262MottSt-2784.jpg	f8f6cab474e8ab14d417c348e7d5244c750a0705c1ed2665844f1c158b666164	9778012
3787	2023/05/20230306_262MottSt-2789.jpg	76c084d3e5ddb9a60e87a48461b057d10b8a523b30fa2386ca5f842ed1f09c81	9575378
3788	2023/05/20230306_262MottSt-2794.jpg	163b1979d380157e5198a9d38faee030037cdf2e2f6ec2db12deaf63a47f0a84	9244723
3789	2023/05/20230306_262MottSt-2799.jpg	c816893df26a97f141d7fb6549fb8e271e74f142ae8094d21aaf20c355d26d53	8915711
3790	2023/05/20230306_262MottSt-2804.jpg	4180d684db044cf0fc1a3aac848812f31809978372fb06195cb86d04b548c0b5	9407297
3791	2023/05/20230306_262MottSt-2894.jpg	bceae3b6a8f7b862041e86b4b03bbbe90606e0793eb8b25e7e8bec0d75c219ed	10283039
3793	2023/05/20230306_262MottSt-2909.jpg	12e6b742fca8a1796b3d9039dac1d6212779a4d4326a3f6f5b6870332d9ddacf	9663721
3794	2023/05/20230306_262MottSt-2914.jpg	2ef1fb7620cd9b2de6ce523961ec46887a8e01c81e9570fd514b9b5e18aac21a	9559755
3799	2023/05/20230310_171FirstMomofuku-1469.jpg	33ce6916cd300423e063c9a31b0d8a4e6223e5d1d6e7024d94db5a01482a688e	6650107
3801	2023/05/20230310_171FirstMomofuku-1479.jpg	1da7d6154c1558dc5c0111f06bc9cb3a2563ecfdd03bc741317892bf7d771e09	5745596
3802	2023/05/20230310_171FirstMomofuku-1489.jpg	450099e2424494000b8bd4be9ce2cf18aa7b8e3b391df8542003dbfc1531771a	7395691
3803	2023/05/20230310_171FirstMomofuku-1494.jpg	77e29e81afc30a56469e57928f5922e9a4ba6d83ed5afac4eb4f4f0bf5a043ec	7319187
3804	2023/05/20230310_171FirstMomofuku-1499.jpg	4734678b3f745a0040685136c70576fc4bf4ad9642d4e2639faee90da1cdd33e	7334158
3807	2023/05/20230310_171FirstMomofuku-1529.jpg	354568c0a00ca4e32e707dfe3396fbd153a70f58cda25bd4daf11daa4bcdbfd4	7155043
3808	2023/05/20230310_171FirstMomofuku-1534.jpg	934650794b7f7984764f1e8f69d6dd8fc04e165f4cca0e54807bb9951205e758	6779287
3809	2023/05/20230310_171FirstMomofuku-1539.jpg	71fd62c28381335018e78ff5716990d2765e0302455b61d335320ab8d44b450e	7587678
3811	2023/05/20230310_171FirstMomofuku-1424.jpg	7f0b5ab985fd72281a6a10f464c035c272eecb4d0aa6deb7ced1b5b717406323	6710066
3812	2023/05/20230310_171FirstMomofuku-1429.jpg	c20e78cc6e6cd68d0723791190735ed9c0fe888392a0a8d3fc4035654310b13f	7436995
3815	2023/05/20230310_171FirstMomofuku-1444.jpg	927e9768ac34279c348c5d5850c3ef835701d300171cdf52593bfe05b88facfc	8801748
3817	2023/05/20230310_171FirstMomofuku-1459.jpg	a692b7ad9899f8adadbcdf633e4a3e2c46cc83fe0a9133aa66ac1bd5c5bc71b7	6811620
3818	2023/05/20230310_171FirstMomofuku-1464.jpg	ed623dc943e404ba564179dd7854206da62c450893cc2160ac2cb0bb095e3ec0	6905991
3819	2023/05/20230310_171FirstMomofuku-1549.jpg	e3cdfffcc7e16b4c985d63822f9afb16aabd2931fd2fbe475642393766dbbf08	7324473
3820	2023/05/20230310_171FirstMomofuku-1554.jpg	19c9bf9493472906ec89b66cca92d84bd358474f8a904ecfda7d7b72417bda82	7426048
3821	2023/05/20230310_171FirstMomofuku-1559.jpg	f1b6deba818c429cc9b159bc2d2ae12051ff5ffa187eef66d20682d8bb6a2c74	6414636
3898	2023/05/pV6WCuFm.png	da1287e4aaf65c1ae0b4796f02707ac10b9b5df1e8e97760fffa105e848a6ac7	4621852
3899	2023/05/yGdWGXjE.png	66c285f2d73435fb7dda982307e1db7ff473c0213a5cc9e49cef9d7c4a550c00	4116992
3900	2023/05/WHRG7_L8.png	77783eb43b5da2152e2a56c01976b90a7a7484c1ff738ddabcccb03e9713fb83	4275257
3901	2023/05/tS1BrvuU.png	4fe687efddf7da58af42cfc0cc66953cb337bd81e0490644c77e24f60602e7c0	4569178
3902	2023/05/nM8EAOYL.png	3a466fe721bbfa6b71856e1e8bc844b3dc3e9b94b2f957d0c49f38a489ac6bc6	4026424
3903	2023/05/QaCmYq6o.png	5c8c5589bad9c3722ebc043949014e2958ed42a02f6c9c88abfc6f396dcd2eed	4144504
3904	2023/05/MN3ggzaE.png	1796797639a3e33b6f5f54e20026eb6afe276c89269c0bf6eb86a3d8f726b4f6	4443509
3905	2023/05/MPQK_fKt.png	c2e1a17599e418cabd027ce628e114ca6ebea10095ad67089e0ba0210e9b1c78	4724708
3906	2023/05/KYFGpmK-.png	12528625114b357b825c910d8a7f8cb4bacdb7c851463835a53ecaa6df411ecb	4599350
3907	2023/05/jqXbTe4c.png	cde709f35c5f39a2e1a9e59ff2fcc3baf97c70032c01993f3af27cd15ba231e1	4632712
3908	2023/05/k50AaJrR.png	249f7ba1eaa545526dd6806e85a41653ecb210858b825949c66fb40f4fe9b23f	4306502
3909	2023/05/JbaudPAU.png	3db8cbe1e0a54439e4f77e096b4dbbb52b79c8509926431d23f53eae38b176cb	4711078
3910	2023/05/HQLr22IJ.png	a2635123d87ee60a841e2acc1eca00dbe5d5acf3fad90aff93addef9dad22cfa	6720403
3911	2023/05/HTitThJb.png	558543f2413d9d51d435ad019fb81ebfd43bcd4e0be89676bd239b0510cd88c9	6528454
3912	2023/05/er1u9Vib.png	6b4d4ae2d4d8c0679d8a3ab7ce19bdb3fcda9c8beccb6ba9dc86cff5dd4d9581	4078771
3913	2023/05/ax_PJ9Hg.png	7f43d62ff3577e9848f947930661a64a9d7b468d73297d99d0cc301aae03cbef	4853427
3914	2023/05/0_tPyqHa.png	ee2666ab2b8a462d5d94fb2475b69c955ab2423ee60f2af159aca95c5cbfe13f	6423649
3915	2023/05/28MOItsz.png	fa7a99cb991fe754cae447972af3e31a43ed19cdf5134948fae7358a7603ebce	5099447
3916	2023/05/3jZi0pAh.png	a16056d7d2d4f371851a00d7c63e2c9e0910c865604f770397f385304e273238	4348001
3917	2023/05/5URfRJ9e.png	c8f2b29a2ea8571ae8941ebc82f41c0c7718290796f292548362cab74f9f54f4	4013240
3918	2023/05/a5Dmw-7R.png	1c7b65e32f439d7753e59f66df05aaaa154ca1bc5bdaf72da29c1266e6f3d77b	4409490
3924	2023/05/up-NVbb.png	4b185320080b5c94a79dfa72336bcfa031283b6da91badeeee7e4dcec297d43d	4654818
3925	2023/05/0IoIH6b4.png	e21ab2ebb94da262425a5a65dcada73d5721a9beec2de6ff77b00e136ef6f88c	4648173
3926	2023/05/5xCs3wN5.png	3bf86b6d34f049c514de527822b874845ce475be8e9a1a66a3b73dbce597cec5	4107619
3927	2023/05/8jwKxYSO.png	1f870194f0d7585d0edb2dcededc348b93d798d2c4e8dc8e289575e1a9e0de9e	4160842
3928	2023/05/aE07q2Oz.png	388b170d4019a2ef318d002119525c6a96a216e4e3f7406ed14ec8add0ebb725	4067893
3929	2023/05/BUGe4tAy.png	61a14569c1999bf16d3bdc14b73f8b939af2093576be2a701834428323d5a4c8	4172449
3930	2023/05/exO_TEfq.png	4845a932f0ee6204efc46314f734ade3aa66ef44ede36eae27fc3b3ffee55d94	6831807
3931	2023/05/FTYyaK0I.png	4c4997d9e2dd5f4f93dad20c306e5441fdc799a56f85331c50fee25d5a2710d2	4405472
3932	2023/05/kYGMIkIJ.png	a251d02ead367b18eaac3fd8d1e1a48c064b86c6ad42a13cdbfa3a957f4c4cda	5074753
3933	2023/05/nRraX3Xr.png	177a95bc8d7097d8fcdfbf10c419d649eb48e4f9c59e5b79673d6b86563950ab	4485614
3934	2023/05/QVmRDF9j.png	fc67d7d1b08c603acc706cadd0383ec9fbfa07de347bb412a16884b0cb00a380	4196263
3935	2023/05/rXEhi671.png	777f741ee3bf1f745c0cd86a85ada4f54ed4b1245a94922ae4b5b89ace96b4bd	4686745
3936	2023/05/t-2-bhzc.png	94cf15afc20058693e19711ad1b70e7950295176b4e8a1ad57bbea17c843c8b5	4245138
3938	2023/05/UYzIKSZQ.png	8cf154c13cbb271141b2f1c9f17ceb3f36687dafc044f9b9096df93e893e58a9	6965222
3939	2023/05/VspGumor.png	b33a53562ab4c84a7e964883fe2b73223ab8ba3b2a9a2c222ddb33b13277fc69	4772259
3940	2023/05/w13IACwl.png	de04d1481873dd3bf988b5a467d9a58b5c5f3540c340b1e06b173108d3e4e4fe	4446033
3941	2023/05/xL-Dh7eY.png	f4ed9b7a13a982b036379c11b7570a92d121500b344aa58cec72fdb9641e1539	4427034
3942	2023/05/ZGAatUwy.png	8366045a1f3e2dd8b329e77a05a1f11e06ebc20e3677088479f3ef740bddd391	4820834
3943	2023/05/ZPqUWFvo.png	bc44a9f18b7622c98e1f0f1b3afc83b48f84bbe54b31ec08cf34adf0b75d2844	5874501
3947	2023/10/gPGeBN2.png	ee6ba74edd957d8a1e7ae4fb137c14bcde76c532c961051dc040048ef1390416	5532920
3948	2023/10/0Nv-gP_C.png	03e54d0be09f55568d7a0e5b948dcbe53c9e775c6f0cc994359b6ef083305bb5	4616467
3949	2023/10/42aV-lsp.png	eeb8c7febb0e8bc25a341727fe1e7bd768128fef88cdc042d71e28c6ee2f4bf0	4699994
3950	2023/10/50oCW_b3.png	01646ba5e9e8a37d54531e6a46b70ecbcd3785bc8a47c16b3391df0af0fd3d9c	5365758
3951	2023/10/B3WVFByK.png	39470465f02b720d7c24cecf6d773ef4521582051e7204157f618f93375872fb	5368637
3952	2023/10/Bhg72j4I.png	c3e6f2fe87c7d69aef7bd44e25bf85bc7ef3be6ee288323ac4d3efc9c9cf8083	4802546
3953	2023/10/bjdGcsBQ.png	acddb2e9a04b16e4feb4e6d7e508ac046476478b0b33689cb76b107bd6e4b38f	5265843
3954	2023/10/cPH1Np1J.png	99e5fb8d13e091ec7aa405c5a2eedf13a20681bdba5995d49494d8848a825e1e	5630126
3955	2023/10/inxgtHse.png	b57521d02f5ee85bdcf3d3a22d8b2df56b70403d9b73c7ff9a9a84fb10320f1c	5389083
3956	2023/10/iUL4bg6I.png	9f8522e3f40487b1ae614cc2ae820e31828b148be30079018f57d222febda907	5237631
3957	2023/10/jujlwux2.png	466c0d06b02e63c56552b731c4c32ef5c94716913a301cc61ae8d5945105450f	4947612
3958	2023/10/kqPJIYO5.png	c2ce30fecc98a484169e5a7ff998db052b609fc08c1f78378e4c84f2ff868506	5005024
3959	2023/10/p_hdLg16.png	fe4aff2b169a0d8380913f23cb415bb360d3c3f6aa03dedb7562825c11a0a106	5002776
3960	2023/10/pJ8ScVZ1.png	9459c8318c4bb6aa906fa99ede43661b74305dfbc386059499ca73677d20c8df	5056653
3961	2023/10/POirSLT_.png	7d4880cef694fedae0404c139ed64004f878622abbaa0852e1ef6a8d28e0a9b7	4930900
3962	2023/10/VO0lnQyd.png	ddb2a6f2d8e7df9c36f731a7d6afa2f42bedcd3389652944024f49eed645be40	6427092
3969	2023/10/cy3ewAA.png	671f51cbfed386378db37d70ae6813597941b3339812a3bfdc5d65ceda98219d	4757739
3970	2023/10/tn_eMKH.png	f1b57c2821c29f0bc3f85ef5a8d01adf03028615bfe0046864a87b3a2006c257	4150204
3971	2023/10/bFgPyUc.png	0f2233b8f9de918d926d37f6b103696ff02b2dfd4291cbd11198466b74b3d70d	4595702
3972	2023/10/5bYk0H-W.png	fa2103a5e9f354f239d695b17ecb1fddcd88b6800456e14a1916d13e2003a8b8	6678335
3973	2023/10/5JVsSAfX.png	cc2dfff5b492e4b319f5f5e9db7a148fa339d615f19222d8cd9010d35451b750	5023004
3974	2023/10/8XzGWRIe.png	93343d0ba2d82096f8e3b67272d97696fa243e37a4fb5b381983fbb28c4c0d69	4594706
3975	2023/10/a8qS-y5g.png	ac34eed354423d22859468ced5683d917ecdde39c64d400b7240d281977752a0	4851026
3976	2023/10/DdpDaK1U.png	c84b21754a2f1741e18f3645f79db5b45a67af4e6232a20bafa5ef447542f4f8	4766971
3977	2023/10/fFTRw7QE.png	61a8a6dff651181e69221ef0e6844add276102f2ab9b4e05cd805e5778fd3a15	6742450
3978	2023/10/hAixnmTg.png	e49928dd63de17e2228926471241907490325caa75496f3151aa1610093cc47b	4301365
3979	2023/10/i_Nug0I7.png	0c68bfde34b7ae4f3eb8210f6f6be03bde4f14a9edccba538d57294ea15dcb6c	4436402
3980	2023/10/i19SRx_V.png	fb884c21e68036ba8a0310bc738193864a9d1449482f1f44e43b219602495746	4540800
3981	2023/10/Mc30PuxF.png	0f24759a2045e2f72305e7a683dd25e869d44840835a2815fc620d0ef9ec7c92	4193755
3982	2023/10/mO7hW0q1.png	050da792fa09a3f3752d6f123a415a83640083ce9019a55772395282702c2e12	4534943
3983	2023/10/r2zePbz6.png	4b25c6ac54cc1ce384278e4fa384f7c89e3d1b477cf932a11c724fbe2e2d8610	4683048
3984	2023/10/UTt2aYWB.png	f776354e7f1167e3f332a46cf7fd006e207ce4d5f3adbca60d5bce694e5e4a1a	4695468
