id	file	original_file	has_larger_original	width	height	mime	post_parent	alt	title	uploaded	url
12	2019/11/logo-@2x-free-img.png	2019/11/logo-@2x-free-img.png	no	494	160		0		logo-@2x-free-img	2019-11-27 17:31:45	https://www.streamlineusa.com/wp-content/uploads/2019/11/logo-@2x-free-img.png
15	2018/07/Overlay-Grey.png	2018/07/Overlay-Grey.png	no	1920	1080		0	Overlay	Overlay-Grey	2018-07-10 09:50:21	https://www.streamlineusa.com/wp-content/uploads/2018/07/Overlay-Grey.png
17	2018/07/logo-@2x-free-img.png	2018/07/logo-@2x-free-img.png	no	494	160		0	Logo retina	logo-@2x-free-img	2018-07-10 11:49:05	https://www.streamlineusa.com/wp-content/uploads/2018/07/logo-@2x-free-img.png
18	2018/07/logo-regular-free-img.png	2018/07/logo-regular-free-img.png	no	247	80		0	Logo regular	logo-regular-free-img	2018-07-10 11:49:06	https://www.streamlineusa.com/wp-content/uploads/2018/07/logo-regular-free-img.png
20	2018/07/favicon-free-img.png	2018/07/favicon-free-img.png	no	512	512		0	Favicon	favicon-free-img	2018-07-10 11:54:56	https://www.streamlineusa.com/wp-content/uploads/2018/07/favicon-free-img.png
21	2018/07/cropped-favicon-free-img.png	2018/07/cropped-favicon-free-img.png	no	512	512		0		cropped-favicon-free-img.png	2018-07-10 11:54:59	https://www.streamlineusa.com/wp-content/uploads/2018/07/cropped-favicon-free-img.png
45	2018/07/architect-photo-02-free-img.jpg	2018/07/architect-photo-02-free-img.jpg	no	600	700		0	Architect picture	architect-photo-02-free-img	2018-07-10 13:29:23	https://www.streamlineusa.com/wp-content/uploads/2018/07/architect-photo-02-free-img.jpg
46	2018/07/architect-photo-01-free-img.jpg.jpg	2018/07/architect-photo-01-free-img.jpg.jpg	no	600	700		0	Architect picture	architect-photo-01-free-img.jpg	2018-07-10 13:29:25	https://www.streamlineusa.com/wp-content/uploads/2018/07/architect-photo-01-free-img.jpg.jpg
51	2018/07/bg-img-02-free-img.jpg	2018/07/bg-img-02-free-img.jpg	no	1920	1080		0	Background image	bg-img-02-free-img	2018-07-10 13:48:10	https://www.streamlineusa.com/wp-content/uploads/2018/07/bg-img-02-free-img.jpg
62	2018/07/bg-img-03-free-img.jpg	2018/07/bg-img-03-free-img.jpg	no	1920	1080		0	Background image	bg-img-03-free-img	2018-07-10 16:54:54	https://www.streamlineusa.com/wp-content/uploads/2018/07/bg-img-03-free-img.jpg
64	2018/07/services-01-free-img.jpg	2018/07/services-01-free-img.jpg	no	400	300		0	Services image	services-01-free-img	2018-07-10 17:14:34	https://www.streamlineusa.com/wp-content/uploads/2018/07/services-01-free-img.jpg
65	2018/07/services-02-free-img.jpg	2018/07/services-02-free-img.jpg	no	400	300		0	Services image	services-02-free-img	2018-07-10 17:14:35	https://www.streamlineusa.com/wp-content/uploads/2018/07/services-02-free-img.jpg
66	2018/07/services-03-free-img.jpg	2018/07/services-03-free-img.jpg	no	400	300		0	Services image	services-03-free-img	2018-07-10 17:14:37	https://www.streamlineusa.com/wp-content/uploads/2018/07/services-03-free-img.jpg
83	2018/07/bg-img-04-free-img.jpg	2018/07/bg-img-04-free-img.jpg	no	1920	400		0	Background image	bg-img-04-free-img	2018-07-11 06:32:12	https://www.streamlineusa.com/wp-content/uploads/2018/07/bg-img-04-free-img.jpg
85	2018/07/bg-img-05-free-img.jpg	2018/07/bg-img-05-free-img.jpg	no	1920	400		0	Background image	bg-img-05-free-img	2018-07-11 07:47:09	https://www.streamlineusa.com/wp-content/uploads/2018/07/bg-img-05-free-img.jpg
86	2018/07/bg-img-06-free-img.jpg	2018/07/bg-img-06-free-img.jpg	no	1920	400		0	Background image	bg-img-06-free-img	2018-07-11 07:47:12	https://www.streamlineusa.com/wp-content/uploads/2018/07/bg-img-06-free-img.jpg
87	2018/07/bg-img-07-free-img.jpg	2018/07/bg-img-07-free-img.jpg	no	1920	400		0	Background image	bg-img-07-free-img	2018-07-11 07:47:14	https://www.streamlineusa.com/wp-content/uploads/2018/07/bg-img-07-free-img.jpg
88	2018/07/bg-img-08-free-img.jpg	2018/07/bg-img-08-free-img.jpg	no	1920	400		0	Background image	bg-img-08-free-img	2018-07-11 07:47:15	https://www.streamlineusa.com/wp-content/uploads/2018/07/bg-img-08-free-img.jpg
91	2018/07/image-01-free-img.png	2018/07/image-01-free-img.png	no	590	450		0	Image	image-01-free-img	2018-07-11 08:23:40	https://www.streamlineusa.com/wp-content/uploads/2018/07/image-01-free-img.png
92	2018/07/bg-img-09-free-img.jpg	2018/07/bg-img-09-free-img.jpg	no	1920	1080		0	Background image	bg-img-09-free-img	2018-07-11 10:18:07	https://www.streamlineusa.com/wp-content/uploads/2018/07/bg-img-09-free-img.jpg
95	2018/07/architect-photo-05-free-img.jpg	2018/07/architect-photo-05-free-img.jpg	no	600	700		0	Architect picture	architect-photo-05-free-img	2018-07-11 11:16:43	https://www.streamlineusa.com/wp-content/uploads/2018/07/architect-photo-05-free-img.jpg
96	2018/07/architect-photo-04-free-img.jpg	2018/07/architect-photo-04-free-img.jpg	no	600	700		0	Architect picture	architect-photo-04-free-img	2018-07-11 11:16:45	https://www.streamlineusa.com/wp-content/uploads/2018/07/architect-photo-04-free-img.jpg
97	2018/07/architect-photo-03-free-img.jpg	2018/07/architect-photo-03-free-img.jpg	no	600	700		0	Architect picture	architect-photo-03-free-img	2018-07-11 11:16:47	https://www.streamlineusa.com/wp-content/uploads/2018/07/architect-photo-03-free-img.jpg
98	2018/07/bg-img-10-free-img.jpg	2018/07/bg-img-10-free-img.jpg	no	1200	600		0	Background image	bg-img-10-free-img	2018-07-11 11:47:39	https://www.streamlineusa.com/wp-content/uploads/2018/07/bg-img-10-free-img.jpg
102	2018/07/projects-01-free-img.jpg	2018/07/projects-01-free-img.jpg	no	620	460		0	Project image	projects-01-free-img	2018-07-12 09:30:21	https://www.streamlineusa.com/wp-content/uploads/2018/07/projects-01-free-img.jpg
103	2018/07/projects-02-free-img.jpg	2018/07/projects-02-free-img.jpg	no	620	460		0	Project image	projects-02-free-img	2018-07-12 09:30:24	https://www.streamlineusa.com/wp-content/uploads/2018/07/projects-02-free-img.jpg
104	2018/07/projects-03-free-img.jpg	2018/07/projects-03-free-img.jpg	no	620	460		0	Project image	projects-03-free-img	2018-07-12 09:30:26	https://www.streamlineusa.com/wp-content/uploads/2018/07/projects-03-free-img.jpg
105	2018/07/projects-04-free-img.jpg	2018/07/projects-04-free-img.jpg	no	620	460		0	Project image	projects-04-free-img	2018-07-12 09:30:28	https://www.streamlineusa.com/wp-content/uploads/2018/07/projects-04-free-img.jpg
106	2018/07/projects-05-free-img.jpg	2018/07/projects-05-free-img.jpg	no	620	460		0	Project image	projects-05-free-img	2018-07-12 09:30:30	https://www.streamlineusa.com/wp-content/uploads/2018/07/projects-05-free-img.jpg
107	2018/07/projects-06-free-img.jpg	2018/07/projects-06-free-img.jpg	no	620	460		0	Project image	projects-06-free-img	2018-07-12 09:30:32	https://www.streamlineusa.com/wp-content/uploads/2018/07/projects-06-free-img.jpg
108	2018/07/projects-07-free-img.jpg	2018/07/projects-07-free-img.jpg	no	620	460		0	Project image	projects-07-free-img	2018-07-12 09:30:33	https://www.streamlineusa.com/wp-content/uploads/2018/07/projects-07-free-img.jpg
109	2018/07/projects-08-free-img.jpg	2018/07/projects-08-free-img.jpg	no	620	460		0	Project image	projects-08-free-img	2018-07-12 09:30:34	https://www.streamlineusa.com/wp-content/uploads/2018/07/projects-08-free-img.jpg
110	2018/07/projects-09-free-img.jpg	2018/07/projects-09-free-img.jpg	no	620	460		0	Project image	projects-09-free-img	2018-07-12 09:30:36	https://www.streamlineusa.com/wp-content/uploads/2018/07/projects-09-free-img.jpg
111	2018/07/projects-10-free-img.jpg	2018/07/projects-10-free-img.jpg	no	620	460		0	Project image	projects-10-free-img	2018-07-12 09:30:38	https://www.streamlineusa.com/wp-content/uploads/2018/07/projects-10-free-img.jpg
112	2018/07/projects-11-free-img.jpg	2018/07/projects-11-free-img.jpg	no	620	460		0	Project image	projects-11-free-img	2018-07-12 09:30:39	https://www.streamlineusa.com/wp-content/uploads/2018/07/projects-11-free-img.jpg
113	2018/07/projects-12-free-img.jpg	2018/07/projects-12-free-img.jpg	no	620	460		0	Project image	projects-12-free-img	2018-07-12 09:30:41	https://www.streamlineusa.com/wp-content/uploads/2018/07/projects-12-free-img.jpg
117	2018/07/logo-01-free-img.jpg	2018/07/logo-01-free-img.jpg	no	400	400		0	Logo	logo-01-free-img	2018-07-12 11:27:22	https://www.streamlineusa.com/wp-content/uploads/2018/07/logo-01-free-img.jpg
118	2018/07/logo-02-free-img.jpg	2018/07/logo-02-free-img.jpg	no	400	400		0	Logo	logo-02-free-img	2018-07-12 11:27:23	https://www.streamlineusa.com/wp-content/uploads/2018/07/logo-02-free-img.jpg
119	2018/07/logo-03-free-img.jpg	2018/07/logo-03-free-img.jpg	no	400	400		0	Logo	logo-03-free-img	2018-07-12 11:27:24	https://www.streamlineusa.com/wp-content/uploads/2018/07/logo-03-free-img.jpg
120	2018/07/logo-04-free-img.jpg	2018/07/logo-04-free-img.jpg	no	400	400		0	Logo	logo-04-free-img	2018-07-12 11:27:25	https://www.streamlineusa.com/wp-content/uploads/2018/07/logo-04-free-img.jpg
127	2018/07/logo-05-free-img.jpg	2018/07/logo-05-free-img.jpg	no	400	400		0	Logo	logo-05-free-img	2018-07-12 11:27:26	https://www.streamlineusa.com/wp-content/uploads/2018/07/logo-05-free-img.jpg
128	2018/07/logo-06-free-img.jpg	2018/07/logo-06-free-img.jpg	no	400	400		0	Logo	logo-06-free-img	2018-07-12 11:27:27	https://www.streamlineusa.com/wp-content/uploads/2018/07/logo-06-free-img.jpg
129	2018/07/logo-07-free-img.jpg	2018/07/logo-07-free-img.jpg	no	400	400		0	Logo	logo-07-free-img	2018-07-12 11:27:29	https://www.streamlineusa.com/wp-content/uploads/2018/07/logo-07-free-img.jpg
130	2018/07/logo-08-free-img.jpg	2018/07/logo-08-free-img.jpg	no	400	400		0	Logo	logo-08-free-img	2018-07-12 11:27:31	https://www.streamlineusa.com/wp-content/uploads/2018/07/logo-08-free-img.jpg
131	2018/07/logo-09-free-img.jpg	2018/07/logo-09-free-img.jpg	no	400	400		0	Logo	logo-09-free-img	2018-07-12 11:27:32	https://www.streamlineusa.com/wp-content/uploads/2018/07/logo-09-free-img.jpg
135	2018/07/bg-img-01-free-img.jpg	2018/07/bg-img-01-free-img.jpg	no	1920	1080		143	Background image	bg-img-01-free-img	2018-07-12 14:39:15	https://www.streamlineusa.com/wp-content/uploads/2018/07/bg-img-01-free-img.jpg
139	2018/07/demo-screenshot-free-img.jpg	2018/07/demo-screenshot-free-img.jpg	no	1200	630		0		demo-screenshot-free-img	2018-07-12 17:06:25	https://www.streamlineusa.com/wp-content/uploads/2018/07/demo-screenshot-free-img.jpg
186	2019/03/demo-screenshot-free-img-1.jpg	2019/03/demo-screenshot-free-img-1.jpg	no	1200	630		0		demo-screenshot-free-img (1)	2019-03-01 07:47:08	https://www.streamlineusa.com/wp-content/uploads/2019/03/demo-screenshot-free-img-1.jpg
187	2019/11/logo-regular-free-img.png	2019/11/logo-regular-free-img.png	no	247	80		0		logo-regular-free-img	2019-11-27 17:32:53	https://www.streamlineusa.com/wp-content/uploads/2019/11/logo-regular-free-img.png
195	2019/11/logo-regular-free-img-1.png	2019/11/logo-regular-free-img-1.png	no				0		logo-regular-free-img.png	2019-11-27 17:32:57	https://www.streamlineusa.com/wp-content/uploads/2019/11/logo-regular-free-img-1.png
196	2019/11/bg-img-03-free-img.jpg	2019/11/bg-img-03-free-img.jpg	no	1920	1080		0		bg-img-03-free-img.jpg	2019-11-27 17:32:58	https://www.streamlineusa.com/wp-content/uploads/2019/11/bg-img-03-free-img.jpg
197	2019/11/bg-img-08-free-img.jpg	2019/11/bg-img-08-free-img.jpg	no	1920	400		0		bg-img-08-free-img.jpg	2019-11-27 17:33:00	https://www.streamlineusa.com/wp-content/uploads/2019/11/bg-img-08-free-img.jpg
198	2019/11/Overlay-Grey.png	2019/11/Overlay-Grey.png	no				0		Overlay-Grey.png	2019-11-27 17:33:01	https://www.streamlineusa.com/wp-content/uploads/2019/11/Overlay-Grey.png
199	2019/11/marker-free-img.png	2019/11/marker-free-img.png	no				0		marker-free-img.png	2019-11-27 17:33:02	https://www.streamlineusa.com/wp-content/uploads/2019/11/marker-free-img.png
200	2019/11/bg-img-07-free-img.jpg	2019/11/bg-img-07-free-img.jpg	no	1920	400		0		bg-img-07-free-img.jpg	2019-11-27 17:33:03	https://www.streamlineusa.com/wp-content/uploads/2019/11/bg-img-07-free-img.jpg
201	2019/11/logo-01-free-img.jpg	2019/11/logo-01-free-img.jpg	no	400	400		0		logo-01-free-img.jpg	2019-11-27 17:33:04	https://www.streamlineusa.com/wp-content/uploads/2019/11/logo-01-free-img.jpg
202	2019/11/logo-02-free-img.jpg	2019/11/logo-02-free-img.jpg	no	400	400		0		logo-02-free-img.jpg	2019-11-27 17:33:05	https://www.streamlineusa.com/wp-content/uploads/2019/11/logo-02-free-img.jpg
203	2019/11/logo-03-free-img.jpg	2019/11/logo-03-free-img.jpg	no	400	400		0		logo-03-free-img.jpg	2019-11-27 17:33:06	https://www.streamlineusa.com/wp-content/uploads/2019/11/logo-03-free-img.jpg
204	2019/11/logo-04-free-img.jpg	2019/11/logo-04-free-img.jpg	no	400	400		0		logo-04-free-img.jpg	2019-11-27 17:33:07	https://www.streamlineusa.com/wp-content/uploads/2019/11/logo-04-free-img.jpg
205	2019/11/logo-05-free-img.jpg	2019/11/logo-05-free-img.jpg	no	400	400		0		logo-05-free-img.jpg	2019-11-27 17:33:08	https://www.streamlineusa.com/wp-content/uploads/2019/11/logo-05-free-img.jpg
206	2019/11/logo-06-free-img.jpg	2019/11/logo-06-free-img.jpg	no	400	400		0		logo-06-free-img.jpg	2019-11-27 17:33:08	https://www.streamlineusa.com/wp-content/uploads/2019/11/logo-06-free-img.jpg
207	2019/11/logo-07-free-img.jpg	2019/11/logo-07-free-img.jpg	no	400	400		0		logo-07-free-img.jpg	2019-11-27 17:33:09	https://www.streamlineusa.com/wp-content/uploads/2019/11/logo-07-free-img.jpg
208	2019/11/logo-08-free-img.jpg	2019/11/logo-08-free-img.jpg	no	400	400		0		logo-08-free-img.jpg	2019-11-27 17:33:10	https://www.streamlineusa.com/wp-content/uploads/2019/11/logo-08-free-img.jpg
209	2019/11/logo-09-free-img.jpg	2019/11/logo-09-free-img.jpg	no	400	400		0		logo-09-free-img.jpg	2019-11-27 17:33:11	https://www.streamlineusa.com/wp-content/uploads/2019/11/logo-09-free-img.jpg
210	2019/11/bg-img-06-free-img.jpg	2019/11/bg-img-06-free-img.jpg	no	1920	400		0		bg-img-06-free-img.jpg	2019-11-27 17:33:12	https://www.streamlineusa.com/wp-content/uploads/2019/11/bg-img-06-free-img.jpg
211	2019/11/projects-12-free-img.jpg	2019/11/projects-12-free-img.jpg	no	620	460		0		projects-12-free-img.jpg	2019-11-27 17:33:14	https://www.streamlineusa.com/wp-content/uploads/2019/11/projects-12-free-img.jpg
212	2019/11/projects-11-free-img.jpg	2019/11/projects-11-free-img.jpg	no	620	460		0		projects-11-free-img.jpg	2019-11-27 17:33:15	https://www.streamlineusa.com/wp-content/uploads/2019/11/projects-11-free-img.jpg
213	2019/11/projects-10-free-img.jpg	2019/11/projects-10-free-img.jpg	no	620	460		0		projects-10-free-img.jpg	2019-11-27 17:33:16	https://www.streamlineusa.com/wp-content/uploads/2019/11/projects-10-free-img.jpg
214	2019/11/projects-09-free-img.jpg	2019/11/projects-09-free-img.jpg	no	620	460		0		projects-09-free-img.jpg	2019-11-27 17:33:17	https://www.streamlineusa.com/wp-content/uploads/2019/11/projects-09-free-img.jpg
215	2019/11/projects-08-free-img.jpg	2019/11/projects-08-free-img.jpg	no	620	460		0		projects-08-free-img.jpg	2019-11-27 17:33:17	https://www.streamlineusa.com/wp-content/uploads/2019/11/projects-08-free-img.jpg
221	2019/11/projects-07-free-img.jpg	2019/11/projects-07-free-img.jpg	no	620	460		0		projects-07-free-img.jpg	2019-11-27 17:38:39	https://www.streamlineusa.com/wp-content/uploads/2019/11/projects-07-free-img.jpg
222	2019/11/projects-06-free-img.jpg	2019/11/projects-06-free-img.jpg	no	620	460		0		projects-06-free-img.jpg	2019-11-27 17:38:40	https://www.streamlineusa.com/wp-content/uploads/2019/11/projects-06-free-img.jpg
223	2019/11/projects-05-free-img.jpg	2019/11/projects-05-free-img.jpg	no	620	460		0		projects-05-free-img.jpg	2019-11-27 17:38:41	https://www.streamlineusa.com/wp-content/uploads/2019/11/projects-05-free-img.jpg
224	2019/11/projects-04-free-img.jpg	2019/11/projects-04-free-img.jpg	no	620	460		0		projects-04-free-img.jpg	2019-11-27 17:38:42	https://www.streamlineusa.com/wp-content/uploads/2019/11/projects-04-free-img.jpg
225	2019/11/projects-03-free-img.jpg	2019/11/projects-03-free-img.jpg	no	620	460		0		projects-03-free-img.jpg	2019-11-27 17:38:42	https://www.streamlineusa.com/wp-content/uploads/2019/11/projects-03-free-img.jpg
226	2019/11/projects-02-free-img.jpg	2019/11/projects-02-free-img.jpg	no	620	460		0		projects-02-free-img.jpg	2019-11-27 17:38:43	https://www.streamlineusa.com/wp-content/uploads/2019/11/projects-02-free-img.jpg
227	2019/11/projects-01-free-img.jpg	2019/11/projects-01-free-img.jpg	no	620	460		0		projects-01-free-img.jpg	2019-11-27 17:38:44	https://www.streamlineusa.com/wp-content/uploads/2019/11/projects-01-free-img.jpg
228	2019/11/placeholder.png	2019/11/placeholder.png	no	1200	800		0		placeholder.png	2019-11-27 17:38:45	https://www.streamlineusa.com/wp-content/uploads/2019/11/placeholder.png
229	2019/11/bg-img-05-free-img.jpg	2019/11/bg-img-05-free-img.jpg	no	1920	400		0		bg-img-05-free-img.jpg	2019-11-27 17:38:47	https://www.streamlineusa.com/wp-content/uploads/2019/11/bg-img-05-free-img.jpg
230	2019/11/bg-img-10-free-img.jpg	2019/11/bg-img-10-free-img.jpg	no				0		bg-img-10-free-img.jpg	2019-11-27 17:38:49	https://www.streamlineusa.com/wp-content/uploads/2019/11/bg-img-10-free-img.jpg
231	2019/11/bg-img-04-free-img.jpg	2019/11/bg-img-04-free-img.jpg	no	1920	400		0		bg-img-04-free-img.jpg	2019-11-27 17:38:50	https://www.streamlineusa.com/wp-content/uploads/2019/11/bg-img-04-free-img.jpg
232	2019/11/image-01-free-img.png	2019/11/image-01-free-img.png	no				0		image-01-free-img.png	2019-11-27 17:38:52	https://www.streamlineusa.com/wp-content/uploads/2019/11/image-01-free-img.png
233	2019/11/bg-img-09-free-img.jpg	2019/11/bg-img-09-free-img.jpg	no	1920	1080		0		bg-img-09-free-img.jpg	2019-11-27 17:38:53	https://www.streamlineusa.com/wp-content/uploads/2019/11/bg-img-09-free-img.jpg
234	2019/11/architect-photo-01-free-img.jpg.jpg	2019/11/architect-photo-01-free-img.jpg.jpg	no				0		architect-photo-01-free-img.jpg.jpg	2019-11-27 17:38:56	https://www.streamlineusa.com/wp-content/uploads/2019/11/architect-photo-01-free-img.jpg.jpg
235	2019/11/architect-photo-02-free-img.jpg	2019/11/architect-photo-02-free-img.jpg	no				0		architect-photo-02-free-img.jpg	2019-11-27 17:38:57	https://www.streamlineusa.com/wp-content/uploads/2019/11/architect-photo-02-free-img.jpg
236	2019/11/architect-photo-05-free-img.jpg	2019/11/architect-photo-05-free-img.jpg	no				0		architect-photo-05-free-img.jpg	2019-11-27 17:38:57	https://www.streamlineusa.com/wp-content/uploads/2019/11/architect-photo-05-free-img.jpg
237	2019/11/architect-photo-04-free-img.jpg	2019/11/architect-photo-04-free-img.jpg	no				0		architect-photo-04-free-img.jpg	2019-11-27 17:38:57	https://www.streamlineusa.com/wp-content/uploads/2019/11/architect-photo-04-free-img.jpg
238	2019/11/architect-photo-03-free-img.jpg	2019/11/architect-photo-03-free-img.jpg	no				0		architect-photo-03-free-img.jpg	2019-11-27 17:38:58	https://www.streamlineusa.com/wp-content/uploads/2019/11/architect-photo-03-free-img.jpg
239	2019/11/bg-img-01-free-img.jpg	2019/11/bg-img-01-free-img.jpg	no	1920	1080		0		bg-img-01-free-img.jpg	2019-11-27 17:38:59	https://www.streamlineusa.com/wp-content/uploads/2019/11/bg-img-01-free-img.jpg
240	2019/11/services-01-free-img.jpg	2019/11/services-01-free-img.jpg	no				0		services-01-free-img.jpg	2019-11-27 17:39:02	https://www.streamlineusa.com/wp-content/uploads/2019/11/services-01-free-img.jpg
241	2019/11/services-03-free-img.jpg	2019/11/services-03-free-img.jpg	no				0		services-03-free-img.jpg	2019-11-27 17:39:02	https://www.streamlineusa.com/wp-content/uploads/2019/11/services-03-free-img.jpg
242	2019/11/services-02-free-img.jpg	2019/11/services-02-free-img.jpg	no				0		services-02-free-img.jpg	2019-11-27 17:39:03	https://www.streamlineusa.com/wp-content/uploads/2019/11/services-02-free-img.jpg
243	2019/11/bg-img-02-free-img.jpg	2019/11/bg-img-02-free-img.jpg	no	1920	1080		0		bg-img-02-free-img.jpg	2019-11-27 17:39:03	https://www.streamlineusa.com/wp-content/uploads/2019/11/bg-img-02-free-img.jpg
244	2019/11/logo3-1.png	2019/11/logo3-1.png	no	477	96		0		logo3-1.png	2019-11-27 17:39:17	https://www.streamlineusa.com/wp-content/uploads/2019/11/logo3-1.png
245	2019/11/snoww.png	2019/11/snoww.png	no	1924	860		0		snoww.png	2019-11-27 17:39:18	https://www.streamlineusa.com/wp-content/uploads/2019/11/snoww.png
246	2019/11/head-q2.png	2019/11/head-q2.png	no	1924	860		0		head-q2.png	2019-11-27 17:39:23	https://www.streamlineusa.com/wp-content/uploads/2019/11/head-q2.png
247	2019/11/head-q2-1.png	2019/11/head-q2-1.png	no	1924	860		0		head-q2.png	2019-11-27 17:39:28	https://www.streamlineusa.com/wp-content/uploads/2019/11/head-q2-1.png
248	2019/11/cc3.png	2019/11/cc3.png	no	256	256		0		cc3.png	2019-11-27 17:39:32	https://www.streamlineusa.com/wp-content/uploads/2019/11/cc3.png
249	2019/11/face1-2.png	2019/11/face1-2.png	no	450	450		0		face1-2.png	2019-11-27 17:39:33	https://www.streamlineusa.com/wp-content/uploads/2019/11/face1-2.png
250	2019/11/mobile-q.png	2019/11/mobile-q.png	no	630	1250		0		mobile-q.png	2019-11-27 17:39:34	https://www.streamlineusa.com/wp-content/uploads/2019/11/mobile-q.png
251	2019/11/mobile-q-1.png	2019/11/mobile-q-1.png	no	630	1250		0		mobile-q.png	2019-11-27 17:39:36	https://www.streamlineusa.com/wp-content/uploads/2019/11/mobile-q-1.png
252	2019/11/back-back.png	2019/11/back-back.png	no	1924	708		0		back-back.png	2019-11-27 17:39:36	https://www.streamlineusa.com/wp-content/uploads/2019/11/back-back.png
253	2019/11/face2-2.png	2019/11/face2-2.png	no	450	450		0		face2-2.png	2019-11-27 17:39:38	https://www.streamlineusa.com/wp-content/uploads/2019/11/face2-2.png
254	2019/11/face2-2-1.png	2019/11/face2-2-1.png	no	450	450		0		face2-2.png	2019-11-27 17:39:38	https://www.streamlineusa.com/wp-content/uploads/2019/11/face2-2-1.png
255	2019/11/face3-2.png	2019/11/face3-2.png	no	450	450		0		face3-2.png	2019-11-27 17:39:39	https://www.streamlineusa.com/wp-content/uploads/2019/11/face3-2.png
256	2019/11/face3-2-1.png	2019/11/face3-2-1.png	no	450	450		0		face3-2.png	2019-11-27 17:39:39	https://www.streamlineusa.com/wp-content/uploads/2019/11/face3-2-1.png
257	2019/11/chair.png	2019/11/chair.png	no	1080	1280		0		chair.png	2019-11-27 17:39:40	https://www.streamlineusa.com/wp-content/uploads/2019/11/chair.png
258	2019/11/chair-1.png	2019/11/chair-1.png	no	1080	1280		0		chair.png	2019-11-27 17:39:41	https://www.streamlineusa.com/wp-content/uploads/2019/11/chair-1.png
259	2019/11/c2.png	2019/11/c2.png	no	256	256		0		c2.png	2019-11-27 17:39:44	https://www.streamlineusa.com/wp-content/uploads/2019/11/c2.png
260	2019/11/c2.png	2019/11/c2.png	no	256	256		0		c2.png	2019-11-27 17:39:44	https://www.streamlineusa.com/wp-content/uploads/2019/11/c2.png
261	2019/11/team_3.jpg	2019/11/team_3.jpg	no	268	275		0		team_3.jpg	2019-11-27 17:39:45	https://www.streamlineusa.com/wp-content/uploads/2019/11/team_3.jpg
262	2019/11/team_3.jpg	2019/11/team_3.jpg	no	268	275		0		team_3.jpg	2019-11-27 17:39:45	https://www.streamlineusa.com/wp-content/uploads/2019/11/team_3.jpg
263	2019/11/face-5.png	2019/11/face-5.png	no	450	450		0		face-5.png	2019-11-27 17:39:46	https://www.streamlineusa.com/wp-content/uploads/2019/11/face-5.png
264	2019/11/face-5-1.png	2019/11/face-5-1.png	no	450	450		0		face-5.png	2019-11-27 17:39:46	https://www.streamlineusa.com/wp-content/uploads/2019/11/face-5-1.png
265	2019/11/flyleaf-testimonial-1.jpg	2019/11/flyleaf-testimonial-1.jpg	no	200	200		0		flyleaf-testimonial-1.jpg	2019-11-27 17:39:47	https://www.streamlineusa.com/wp-content/uploads/2019/11/flyleaf-testimonial-1.jpg
266	2019/11/flyleaf-testimonial-1.jpg	2019/11/flyleaf-testimonial-1.jpg	no	200	200		0		flyleaf-testimonial-1.jpg	2019-11-27 17:39:47	https://www.streamlineusa.com/wp-content/uploads/2019/11/flyleaf-testimonial-1.jpg
267	2019/11/head-overlay2.png	2019/11/head-overlay2.png	no	1924	1080		0		head-overlay2.png	2019-11-27 17:39:47	https://www.streamlineusa.com/wp-content/uploads/2019/11/head-overlay2.png
268	2019/11/head-overlay2-1.png	2019/11/head-overlay2-1.png	no	1924	1080		0		head-overlay2.png	2019-11-27 17:39:47	https://www.streamlineusa.com/wp-content/uploads/2019/11/head-overlay2-1.png
269	2019/11/imgi1.jpg	2019/11/imgi1.jpg	no	1200	800		0		imgi1.jpg	2019-11-27 17:39:49	https://www.streamlineusa.com/wp-content/uploads/2019/11/imgi1.jpg
270	2019/11/imgi1-1.jpg	2019/11/imgi1-1.jpg	no	1200	800		0		imgi1.jpg	2019-11-27 17:39:49	https://www.streamlineusa.com/wp-content/uploads/2019/11/imgi1-1.jpg
271	2019/11/ii11.jpg	2019/11/ii11.jpg	no	500	454		0		ii11.jpg	2019-11-27 17:39:51	https://www.streamlineusa.com/wp-content/uploads/2019/11/ii11.jpg
272	2019/11/ii11.jpg	2019/11/ii11.jpg	no	500	454		0		ii11.jpg	2019-11-27 17:39:51	https://www.streamlineusa.com/wp-content/uploads/2019/11/ii11.jpg
273	2019/11/ch4.png	2019/11/ch4.png	no	200	240		0		ch4.png	2019-11-27 17:39:52	https://www.streamlineusa.com/wp-content/uploads/2019/11/ch4.png
274	2019/11/ch4.png	2019/11/ch4.png	no	200	240		0		ch4.png	2019-11-27 17:39:52	https://www.streamlineusa.com/wp-content/uploads/2019/11/ch4.png
275	2019/11/ch3.png	2019/11/ch3.png	no	220	240		0		ch3.png	2019-11-27 17:39:53	https://www.streamlineusa.com/wp-content/uploads/2019/11/ch3.png
276	2019/11/ch3.png	2019/11/ch3.png	no	220	240		0		ch3.png	2019-11-27 17:39:53	https://www.streamlineusa.com/wp-content/uploads/2019/11/ch3.png
277	2019/11/ii12.jpg	2019/11/ii12.jpg	no	500	454		0		ii12.jpg	2019-11-27 17:39:54	https://www.streamlineusa.com/wp-content/uploads/2019/11/ii12.jpg
278	2019/11/ii12.jpg	2019/11/ii12.jpg	no	500	454		0		ii12.jpg	2019-11-27 17:39:54	https://www.streamlineusa.com/wp-content/uploads/2019/11/ii12.jpg
279	2019/11/footerr.png	2019/11/footerr.png	no	1924	708		0		footerr.png	2019-11-27 17:39:55	https://www.streamlineusa.com/wp-content/uploads/2019/11/footerr.png
280	2019/11/footerr.png	2019/11/footerr.png	no	1924	708		0		footerr.png	2019-11-27 17:39:55	https://www.streamlineusa.com/wp-content/uploads/2019/11/footerr.png
313	2019/12/phone-x.png	2019/12/phone-x.png	no	450	802		0		phone-x.png	2019-12-01 21:35:53	https://www.streamlineusa.com/wp-content/uploads/2019/12/phone-x.png
332	2019/12/Streamline-Logo.jpg	2019/12/Streamline-Logo.jpg	no	1200	340		0		Streamline Logo	2019-12-08 03:23:05	https://www.streamlineusa.com/wp-content/uploads/2019/12/Streamline-Logo.jpg
333	2019/12/cropped-Streamline-Logo.jpg	2019/12/cropped-Streamline-Logo.jpg	no	1200	340		0		cropped-Streamline-Logo.jpg	2019-12-08 03:23:22	https://www.streamlineusa.com/wp-content/uploads/2019/12/cropped-Streamline-Logo.jpg
334	2019/12/Streamline-Logo.png	2019/12/Streamline-Logo.png	no	1200	340		0		Streamline Logo	2019-12-08 03:52:06	https://www.streamlineusa.com/wp-content/uploads/2019/12/Streamline-Logo.png
339	2019/12/f39573e7-e198-4c65-8384-cd0cfa9c4793.jpg	2019/12/f39573e7-e198-4c65-8384-cd0cfa9c4793.jpg	no	1224	500		74		f39573e7-e198-4c65-8384-cd0cfa9c4793	2019-12-08 04:14:57	https://www.streamlineusa.com/wp-content/uploads/2019/12/f39573e7-e198-4c65-8384-cd0cfa9c4793.jpg
359	2019/12/Streamline-Logo-1-e1647582537612.png	2019/12/Streamline-Logo-1-e1647582537612.png	no	129	147		350		Streamline Logo	2019-12-08 06:13:35	https://www.streamlineusa.com/wp-content/uploads/2019/12/Streamline-Logo-1-e1647582537612.png
360	2019/12/Streamline-USA-Logo-Med.jpg	2019/12/Streamline-USA-Logo-Med.jpg	no	992	209		350		Streamline USA - Logo - Med	2019-12-08 06:14:06	https://www.streamlineusa.com/wp-content/uploads/2019/12/Streamline-USA-Logo-Med.jpg
362	2019/12/Streamline-USA-Logo-Med.png	2019/12/Streamline-USA-Logo-Med.png	no	992	209		0		Streamline USA - Logo - Med	2019-12-08 06:16:04	https://www.streamlineusa.com/wp-content/uploads/2019/12/Streamline-USA-Logo-Med.png
379	2019/12/logo-@2x-free-img.png	2019/12/logo-@2x-free-img.png	no	494	160		0		logo-@2x-free-img	2019-12-08 23:42:44	https://www.streamlineusa.com/wp-content/uploads/2019/12/logo-@2x-free-img.png
381	2019/12/logo-regular-free-img.png	2019/12/logo-regular-free-img.png	no	247	80		0		logo-regular-free-img	2019-12-08 23:42:49	https://www.streamlineusa.com/wp-content/uploads/2019/12/logo-regular-free-img.png
382	2019/12/logo3-1.png	2019/12/logo3-1.png	no	477	96		0		logo3-1.png	2019-12-08 23:42:54	https://www.streamlineusa.com/wp-content/uploads/2019/12/logo3-1.png
383	2019/12/snoww.png	2019/12/snoww.png	no	1924	860		0		snoww.png	2019-12-08 23:42:55	https://www.streamlineusa.com/wp-content/uploads/2019/12/snoww.png
384	2019/12/head-q2.png	2019/12/head-q2.png	no	1924	860		0		head-q2.png	2019-12-08 23:43:00	https://www.streamlineusa.com/wp-content/uploads/2019/12/head-q2.png
385	2019/12/cc3.png	2019/12/cc3.png	no	256	256		0		cc3.png	2019-12-08 23:43:21	https://www.streamlineusa.com/wp-content/uploads/2019/12/cc3.png
386	2019/12/face1-2.png	2019/12/face1-2.png	no	450	450		0		face1-2.png	2019-12-08 23:43:22	https://www.streamlineusa.com/wp-content/uploads/2019/12/face1-2.png
387	2019/12/mobile-q.png	2019/12/mobile-q.png	no	630	1250		0		mobile-q.png	2019-12-08 23:43:24	https://www.streamlineusa.com/wp-content/uploads/2019/12/mobile-q.png
388	2019/12/back-back.png	2019/12/back-back.png	no	1924	708		0		back-back.png	2019-12-08 23:43:29	https://www.streamlineusa.com/wp-content/uploads/2019/12/back-back.png
389	2019/12/face2-2.png	2019/12/face2-2.png	no	450	450		0		face2-2.png	2019-12-08 23:43:31	https://www.streamlineusa.com/wp-content/uploads/2019/12/face2-2.png
390	2019/12/face3-2.png	2019/12/face3-2.png	no	450	450		0		face3-2.png	2019-12-08 23:43:33	https://www.streamlineusa.com/wp-content/uploads/2019/12/face3-2.png
391	2019/12/chair.png	2019/12/chair.png	no	1080	1280		0		chair.png	2019-12-08 23:43:35	https://www.streamlineusa.com/wp-content/uploads/2019/12/chair.png
392	2019/12/c2.png	2019/12/c2.png	no	256	256		0		c2.png	2019-12-08 23:43:42	https://www.streamlineusa.com/wp-content/uploads/2019/12/c2.png
393	2019/12/team_3.jpg	2019/12/team_3.jpg	no	268	275		0		team_3.jpg	2019-12-08 23:43:43	https://www.streamlineusa.com/wp-content/uploads/2019/12/team_3.jpg
394	2019/12/face-5.png	2019/12/face-5.png	no	450	450		0		face-5.png	2019-12-08 23:43:44	https://www.streamlineusa.com/wp-content/uploads/2019/12/face-5.png
395	2019/12/flyleaf-testimonial-1.jpg	2019/12/flyleaf-testimonial-1.jpg	no	200	200		0		flyleaf-testimonial-1.jpg	2019-12-08 23:43:45	https://www.streamlineusa.com/wp-content/uploads/2019/12/flyleaf-testimonial-1.jpg
396	2019/12/head-overlay2-1.png	2019/12/head-overlay2-1.png	no	1924	1080		0		head-overlay2-1.png	2019-12-08 23:43:46	https://www.streamlineusa.com/wp-content/uploads/2019/12/head-overlay2-1.png
397	2019/12/imgi1-1.jpg	2019/12/imgi1-1.jpg	no	1200	800		0		imgi1-1.jpg	2019-12-08 23:43:48	https://www.streamlineusa.com/wp-content/uploads/2019/12/imgi1-1.jpg
398	2019/12/ii11.jpg	2019/12/ii11.jpg	no	500	454		0		ii11.jpg	2019-12-08 23:43:51	https://www.streamlineusa.com/wp-content/uploads/2019/12/ii11.jpg
399	2019/12/ch4.png	2019/12/ch4.png	no	200	240		0		ch4.png	2019-12-08 23:43:52	https://www.streamlineusa.com/wp-content/uploads/2019/12/ch4.png
400	2019/12/ch3.png	2019/12/ch3.png	no	220	240		0		ch3.png	2019-12-08 23:43:52	https://www.streamlineusa.com/wp-content/uploads/2019/12/ch3.png
401	2019/12/ii12.jpg	2019/12/ii12.jpg	no	500	454		0		ii12.jpg	2019-12-08 23:43:53	https://www.streamlineusa.com/wp-content/uploads/2019/12/ii12.jpg
402	2019/12/footerr.png	2019/12/footerr.png	no	1924	708		0		footerr.png	2019-12-08 23:43:54	https://www.streamlineusa.com/wp-content/uploads/2019/12/footerr.png
403	2019/12/head-q2-1.png	2019/12/head-q2-1.png	no	1924	860		0		head-q2-1.png	2019-12-08 23:43:57	https://www.streamlineusa.com/wp-content/uploads/2019/12/head-q2-1.png
405	2019/12/head-q2-1-1.png	2019/12/head-q2-1-1.png	no	1924	860		0		head-q2-1.png	2019-12-08 23:44:14	https://www.streamlineusa.com/wp-content/uploads/2019/12/head-q2-1-1.png
406	2019/12/mobile-q-1.png	2019/12/mobile-q-1.png	no	630	1250		0		mobile-q-1.png	2019-12-08 23:44:15	https://www.streamlineusa.com/wp-content/uploads/2019/12/mobile-q-1.png
407	2019/12/face2-2-1.png	2019/12/face2-2-1.png	no	450	450		0		face2-2-1.png	2019-12-08 23:44:21	https://www.streamlineusa.com/wp-content/uploads/2019/12/face2-2-1.png
408	2019/12/face3-2-1.png	2019/12/face3-2-1.png	no	450	450		0		face3-2-1.png	2019-12-08 23:44:23	https://www.streamlineusa.com/wp-content/uploads/2019/12/face3-2-1.png
409	2019/12/chair-1.png	2019/12/chair-1.png	no	1080	1280		0		chair-1.png	2019-12-08 23:44:26	https://www.streamlineusa.com/wp-content/uploads/2019/12/chair-1.png
410	2019/12/chair-1-1.png	2019/12/chair-1-1.png	no	1080	1280		0		chair-1.png	2019-12-08 23:44:37	https://www.streamlineusa.com/wp-content/uploads/2019/12/chair-1-1.png
411	2019/12/face-5-1.png	2019/12/face-5-1.png	no	450	450		0		face-5-1.png	2019-12-08 23:44:37	https://www.streamlineusa.com/wp-content/uploads/2019/12/face-5-1.png
412	2019/12/head-overlay2.png	2019/12/head-overlay2.png	no	1924	1080		0		head-overlay2.png	2019-12-08 23:44:40	https://www.streamlineusa.com/wp-content/uploads/2019/12/head-overlay2.png
413	2019/12/imgi1.jpg	2019/12/imgi1.jpg	no	1200	800		0		imgi1.jpg	2019-12-08 23:44:44	https://www.streamlineusa.com/wp-content/uploads/2019/12/imgi1.jpg
419	2019/12/port6.jpg	2019/12/port6.jpg	no	800	600		0		port6.jpg	2019-12-09 00:25:34	https://www.streamlineusa.com/wp-content/uploads/2019/12/port6.jpg
420	2019/12/port5.jpg	2019/12/port5.jpg	no	800	600		0		port5.jpg	2019-12-09 00:25:36	https://www.streamlineusa.com/wp-content/uploads/2019/12/port5.jpg
421	2019/12/welcome6.jpg	2019/12/welcome6.jpg	no	600	500		0		welcome6.jpg	2019-12-09 00:25:38	https://www.streamlineusa.com/wp-content/uploads/2019/12/welcome6.jpg
424	2019/12/dc16d6bf-90ec-4fa4-a272-07ab2dcc661b.jpg	2019/12/dc16d6bf-90ec-4fa4-a272-07ab2dcc661b.jpg	no	720	720		70		dc16d6bf-90ec-4fa4-a272-07ab2dcc661b	2019-12-09 00:58:03	https://www.streamlineusa.com/wp-content/uploads/2019/12/dc16d6bf-90ec-4fa4-a272-07ab2dcc661b.jpg
425	2019/12/3dcfb570-9aae-4c97-b9e7-7c3beb86bf41.jpg	2019/12/3dcfb570-9aae-4c97-b9e7-7c3beb86bf41.jpg	no	800	800		70		3dcfb570-9aae-4c97-b9e7-7c3beb86bf41	2019-12-09 00:58:23	https://www.streamlineusa.com/wp-content/uploads/2019/12/3dcfb570-9aae-4c97-b9e7-7c3beb86bf41.jpg
429	2019/12/SPECIAL-THANKS-PAGE-V2-002.png	2019/12/SPECIAL-THANKS-PAGE-V2-002.png	no	227	166		0		SPECIAL THANKS PAGE V2 (002)	2019-12-09 01:19:50	https://www.streamlineusa.com/wp-content/uploads/2019/12/SPECIAL-THANKS-PAGE-V2-002.png
434	2019/12/OPRY1.jpg	2019/12/OPRY1.jpg	no	1800	1200		433		OPRY1	2019-12-09 02:42:53	https://www.streamlineusa.com/wp-content/uploads/2019/12/OPRY1.jpg
437	2019/12/SUGARCANE1.jpg	2019/12/SUGARCANE1.jpg	no	1500	1000		436		SUGARCANE1	2019-12-09 02:45:24	https://www.streamlineusa.com/wp-content/uploads/2019/12/SUGARCANE1.jpg
440	2019/12/Featured-1-scaled.jpg	2019/12/Featured-1.jpg	yes	2048	1367		439	Boqueria	Boqueria	2019-12-09 02:47:51	https://www.streamlineusa.com/wp-content/uploads/2019/12/Featured-1-scaled.jpg
442	2019/12/Sugarcane-Featured.jpg	2019/12/Sugarcane-Featured.jpg	no	1200	800		436		Sugarcane Featured	2019-12-09 02:51:02	https://www.streamlineusa.com/wp-content/uploads/2019/12/Sugarcane-Featured.jpg
444	2019/12/Mint-Featured-scaled.jpg	2019/12/Mint-Featured.jpg	yes	2048	1366		443		Mint Featured	2019-12-09 02:53:05	https://www.streamlineusa.com/wp-content/uploads/2019/12/Mint-Featured-scaled.jpg
445	2019/12/home-page-top-cover.jpg	2019/12/home-page-top-cover.jpg	no	1600	896		0		home-page-top-cover.jpg	2019-12-09 02:53:10	https://www.streamlineusa.com/wp-content/uploads/2019/12/home-page-top-cover.jpg
446	2019/12/icon-1-1.png	2019/12/icon-1-1.png	no	70	71		0		icon-1-1.png	2019-12-09 02:53:15	https://www.streamlineusa.com/wp-content/uploads/2019/12/icon-1-1.png
447	2019/12/icon2.png	2019/12/icon2.png	no	70	69		0		icon2.png	2019-12-09 02:53:15	https://www.streamlineusa.com/wp-content/uploads/2019/12/icon2.png
448	2019/12/icon2-1.png	2019/12/icon2-1.png	no	70	69		0		icon2.png	2019-12-09 02:53:16	https://www.streamlineusa.com/wp-content/uploads/2019/12/icon2-1.png
449	2019/12/icon3.png	2019/12/icon3.png	no	70	67		0		icon3.png	2019-12-09 02:53:16	https://www.streamlineusa.com/wp-content/uploads/2019/12/icon3.png
450	2019/12/icon3-1.png	2019/12/icon3-1.png	no	70	67		0		icon3.png	2019-12-09 02:53:16	https://www.streamlineusa.com/wp-content/uploads/2019/12/icon3-1.png
451	2019/12/icon4.png	2019/12/icon4.png	no	72	73		0		icon4.png	2019-12-09 02:53:17	https://www.streamlineusa.com/wp-content/uploads/2019/12/icon4.png
452	2019/12/icon4-1.png	2019/12/icon4-1.png	no	72	73		0		icon4.png	2019-12-09 02:53:17	https://www.streamlineusa.com/wp-content/uploads/2019/12/icon4-1.png
453	2019/12/home-page-1.jpg	2019/12/home-page-1.jpg	no	1281	580		0		home-page-1.jpg	2019-12-09 02:53:17	https://www.streamlineusa.com/wp-content/uploads/2019/12/home-page-1.jpg
454	2019/12/home-page-1-1.jpg	2019/12/home-page-1-1.jpg	no	1281	580		0		home-page-1.jpg	2019-12-09 02:53:18	https://www.streamlineusa.com/wp-content/uploads/2019/12/home-page-1-1.jpg
455	2019/12/services2.jpg	2019/12/services2.jpg	no	798	433		0		services2.jpg	2019-12-09 02:53:20	https://www.streamlineusa.com/wp-content/uploads/2019/12/services2.jpg
456	2019/12/services2.jpg	2019/12/services2.jpg	no	798	433		0		services2.jpg	2019-12-09 02:53:20	https://www.streamlineusa.com/wp-content/uploads/2019/12/services2.jpg
457	2019/12/about1-1.jpg	2019/12/about1-1.jpg	no	797	571		0		about1-1.jpg	2019-12-09 02:53:22	https://www.streamlineusa.com/wp-content/uploads/2019/12/about1-1.jpg
458	2019/12/about1-1.jpg	2019/12/about1-1.jpg	no	797	571		0		about1-1.jpg	2019-12-09 02:53:22	https://www.streamlineusa.com/wp-content/uploads/2019/12/about1-1.jpg
459	2019/12/4-1.jpg	2019/12/4-1.jpg	no	264	517		0		4-1.jpg	2019-12-09 02:53:24	https://www.streamlineusa.com/wp-content/uploads/2019/12/4-1.jpg
460	2019/12/4-1-1.jpg	2019/12/4-1-1.jpg	no	264	517		0		4-1.jpg	2019-12-09 02:53:24	https://www.streamlineusa.com/wp-content/uploads/2019/12/4-1-1.jpg
461	2019/12/services4.jpg	2019/12/services4.jpg	no	1600	802		0		services4.jpg	2019-12-09 02:53:25	https://www.streamlineusa.com/wp-content/uploads/2019/12/services4.jpg
462	2019/12/services4-1.jpg	2019/12/services4-1.jpg	no	1600	802		0		services4.jpg	2019-12-09 02:53:25	https://www.streamlineusa.com/wp-content/uploads/2019/12/services4-1.jpg
463	2019/12/services1.jpg	2019/12/services1.jpg	no	798	433		0		services1.jpg	2019-12-09 02:53:30	https://www.streamlineusa.com/wp-content/uploads/2019/12/services1.jpg
464	2019/12/services1.jpg	2019/12/services1.jpg	no	798	433		0		services1.jpg	2019-12-09 02:53:30	https://www.streamlineusa.com/wp-content/uploads/2019/12/services1.jpg
465	2019/12/3-1.jpg	2019/12/3-1.jpg	no	264	517		0		3-1.jpg	2019-12-09 02:53:33	https://www.streamlineusa.com/wp-content/uploads/2019/12/3-1.jpg
466	2019/12/3-1-1.jpg	2019/12/3-1-1.jpg	no	264	517		0		3-1.jpg	2019-12-09 02:53:33	https://www.streamlineusa.com/wp-content/uploads/2019/12/3-1-1.jpg
467	2019/12/2-1.jpg	2019/12/2-1.jpg	no	264	517		0		2-1.jpg	2019-12-09 02:53:34	https://www.streamlineusa.com/wp-content/uploads/2019/12/2-1.jpg
468	2019/12/2-1.jpg	2019/12/2-1.jpg	no	264	517		0		2-1.jpg	2019-12-09 02:53:34	https://www.streamlineusa.com/wp-content/uploads/2019/12/2-1.jpg
469	2019/12/1-1-1.jpg	2019/12/1-1-1.jpg	no	265	517		0		1-1-1.jpg	2019-12-09 02:53:35	https://www.streamlineusa.com/wp-content/uploads/2019/12/1-1-1.jpg
470	2019/12/1-1-1.jpg	2019/12/1-1-1.jpg	no	265	517		0		1-1-1.jpg	2019-12-09 02:53:35	https://www.streamlineusa.com/wp-content/uploads/2019/12/1-1-1.jpg
471	2019/12/madrin-1-2.png	2019/12/madrin-1-2.png	no	200	150		0		madrin-1-2.png	2019-12-09 02:53:36	https://www.streamlineusa.com/wp-content/uploads/2019/12/madrin-1-2.png
472	2019/12/madrin-1-2.png	2019/12/madrin-1-2.png	no	200	150		0		madrin-1-2.png	2019-12-09 02:53:36	https://www.streamlineusa.com/wp-content/uploads/2019/12/madrin-1-2.png
473	2019/12/quest-1.png	2019/12/quest-1.png	no	200	150		0		quest-1.png	2019-12-09 02:53:37	https://www.streamlineusa.com/wp-content/uploads/2019/12/quest-1.png
474	2019/12/quest-1.png	2019/12/quest-1.png	no	200	150		0		quest-1.png	2019-12-09 02:53:37	https://www.streamlineusa.com/wp-content/uploads/2019/12/quest-1.png
475	2019/12/larozse.png	2019/12/larozse.png	no	200	150		0		larozse.png	2019-12-09 02:53:38	https://www.streamlineusa.com/wp-content/uploads/2019/12/larozse.png
476	2019/12/larozse-1.png	2019/12/larozse-1.png	no	200	150		0		larozse.png	2019-12-09 02:53:38	https://www.streamlineusa.com/wp-content/uploads/2019/12/larozse-1.png
477	2019/12/ARMOND-1.png	2019/12/ARMOND-1.png	no	200	150		0		ARMOND-1.png	2019-12-09 02:53:39	https://www.streamlineusa.com/wp-content/uploads/2019/12/ARMOND-1.png
478	2019/12/ARMOND-1.png	2019/12/ARMOND-1.png	no	200	150		0		ARMOND-1.png	2019-12-09 02:53:39	https://www.streamlineusa.com/wp-content/uploads/2019/12/ARMOND-1.png
479	2019/12/zusman-1-1.png	2019/12/zusman-1-1.png	no	200	150		0		zusman-1-1.png	2019-12-09 02:53:40	https://www.streamlineusa.com/wp-content/uploads/2019/12/zusman-1-1.png
480	2019/12/zusman-1-1-1.png	2019/12/zusman-1-1-1.png	no	200	150		0		zusman-1-1.png	2019-12-09 02:53:40	https://www.streamlineusa.com/wp-content/uploads/2019/12/zusman-1-1-1.png
481	2019/12/ECOCODE.png	2019/12/ECOCODE.png	no	200	150		0		ECOCODE.png	2019-12-09 02:53:41	https://www.streamlineusa.com/wp-content/uploads/2019/12/ECOCODE.png
482	2019/12/ECOCODE-1.png	2019/12/ECOCODE-1.png	no	200	150		0		ECOCODE.png	2019-12-09 02:53:41	https://www.streamlineusa.com/wp-content/uploads/2019/12/ECOCODE-1.png
483	2019/12/FIFTHFLOUR.png	2019/12/FIFTHFLOUR.png	no	200	150		0		FIFTHFLOUR.png	2019-12-09 02:53:42	https://www.streamlineusa.com/wp-content/uploads/2019/12/FIFTHFLOUR.png
484	2019/12/FIFTHFLOUR.png	2019/12/FIFTHFLOUR.png	no	200	150		0		FIFTHFLOUR.png	2019-12-09 02:53:42	https://www.streamlineusa.com/wp-content/uploads/2019/12/FIFTHFLOUR.png
485	2019/12/geo-1-2.png	2019/12/geo-1-2.png	no	200	150		0		geo-1-2.png	2019-12-09 02:53:43	https://www.streamlineusa.com/wp-content/uploads/2019/12/geo-1-2.png
486	2019/12/geo-1-2-1.png	2019/12/geo-1-2-1.png	no	200	150		0		geo-1-2.png	2019-12-09 02:53:43	https://www.streamlineusa.com/wp-content/uploads/2019/12/geo-1-2-1.png
487	2019/12/Mint-Featured-1-scaled.jpg	2019/12/Mint-Featured-1.jpg	yes	2048	1366		443		Mint Featured	2019-12-09 02:54:01	https://www.streamlineusa.com/wp-content/uploads/2019/12/Mint-Featured-1-scaled.jpg
488	2019/12/Mint-Featured-2-scaled.jpg	2019/12/Mint-Featured-2.jpg	yes	2048	1366		443		Mint Featured	2019-12-09 02:54:33	https://www.streamlineusa.com/wp-content/uploads/2019/12/Mint-Featured-2-scaled.jpg
492	2019/12/Kat-Theo-Featured.jpg	2019/12/Kat-Theo-Featured.jpg	no	2048	1121		491	Screen Shot 2016-03-02 at 1.48.15 PM	Kat & Theo Featured	2019-12-09 02:56:05	https://www.streamlineusa.com/wp-content/uploads/2019/12/Kat-Theo-Featured.jpg
496	2019/12/Vivvi-Featured-scaled.jpg	2019/12/Vivvi-Featured.jpg	yes	2048	1536		494		Vivvi Featured	2019-12-09 02:58:50	https://www.streamlineusa.com/wp-content/uploads/2019/12/Vivvi-Featured-scaled.jpg
497	2019/12/Vivvi-Featured-1-scaled.jpg	2019/12/Vivvi-Featured-1.jpg	yes	2048	1536		494		Vivvi Featured	2019-12-09 02:59:22	https://www.streamlineusa.com/wp-content/uploads/2019/12/Vivvi-Featured-1-scaled.jpg
498	2019/12/Vivvi-Featured-2-scaled.jpg	2019/12/Vivvi-Featured-2.jpg	yes	2048	1536		494		Vivvi Featured	2019-12-09 02:59:51	https://www.streamlineusa.com/wp-content/uploads/2019/12/Vivvi-Featured-2-scaled.jpg
499	2019/12/Vivvi-Featured-3-scaled.jpg	2019/12/Vivvi-Featured-3.jpg	yes	2048	1536		494		Vivvi Featured	2019-12-09 03:00:15	https://www.streamlineusa.com/wp-content/uploads/2019/12/Vivvi-Featured-3-scaled.jpg
500	2019/12/Vivvi-Featured-4-scaled.jpg	2019/12/Vivvi-Featured-4.jpg	yes	2048	1536		494		Vivvi Featured	2019-12-09 03:00:58	https://www.streamlineusa.com/wp-content/uploads/2019/12/Vivvi-Featured-4-scaled.jpg
501	2019/12/Vivvi-Featured-5-scaled.jpg	2019/12/Vivvi-Featured-5.jpg	yes	2048	1536		494		Vivvi Featured	2019-12-09 03:01:26	https://www.streamlineusa.com/wp-content/uploads/2019/12/Vivvi-Featured-5-scaled.jpg
504	2019/12/Free-People-Featured.jpg	2019/12/Free-People-Featured.jpg	no	1107	1309		503		Free People Featured	2019-12-09 03:02:48	https://www.streamlineusa.com/wp-content/uploads/2019/12/Free-People-Featured.jpg
507	2019/12/Spring-Studio-Featured.jpg	2019/12/Spring-Studio-Featured.jpg	no	900	600		506		Spring Studio Featured	2019-12-09 03:04:04	https://www.streamlineusa.com/wp-content/uploads/2019/12/Spring-Studio-Featured.jpg
510	2019/12/Burger-Lobster-Featured.jpg	2019/12/Burger-Lobster-Featured.jpg	no	1200	800		509		Burger & Lobster Featured	2019-12-09 03:05:26	https://www.streamlineusa.com/wp-content/uploads/2019/12/Burger-Lobster-Featured.jpg
514	2019/12/Momofuku-Featured.jpg	2019/12/Momofuku-Featured.jpg	no	1500	1000		512		Momofuku Featured	2019-12-09 03:06:52	https://www.streamlineusa.com/wp-content/uploads/2019/12/Momofuku-Featured.jpg
521	2019/12/Tribeca-Loft-Featured-scaled.jpg	2019/12/Tribeca-Loft-Featured.jpg	yes	1920	2560		520		Tribeca Loft Featured	2019-12-09 03:13:00	https://www.streamlineusa.com/wp-content/uploads/2019/12/Tribeca-Loft-Featured-scaled.jpg
525	2019/12/Madison-Ave-Featured-scaled.jpg	2019/12/Madison-Ave-Featured.jpg	yes	2048	854		523		Madison Ave Featured	2019-12-09 03:14:43	https://www.streamlineusa.com/wp-content/uploads/2019/12/Madison-Ave-Featured-scaled.jpg
528	2019/12/Murray-Hill-Featured.jpg	2019/12/Murray-Hill-Featured.jpg	no	1200	870		527		Murray Hill Featured	2019-12-09 03:16:38	https://www.streamlineusa.com/wp-content/uploads/2019/12/Murray-Hill-Featured.jpg
532	2019/12/West-Village-Featured.jpg	2019/12/West-Village-Featured.jpg	no	1647	1100		531		West Village Featured	2019-12-09 03:18:33	https://www.streamlineusa.com/wp-content/uploads/2019/12/West-Village-Featured.jpg
535	2019/12/THOMPSON_STUDIO-Featured-scaled.jpg	2019/12/THOMPSON_STUDIO-Featured.jpg	yes	2048	1366		534		THOMPSON_STUDIO Featured	2019-12-09 03:19:59	https://www.streamlineusa.com/wp-content/uploads/2019/12/THOMPSON_STUDIO-Featured-scaled.jpg
538	2019/12/W23-Featured.jpg.png	2019/12/W23-Featured.jpg.png	no	990	740		537		W23 Featured.jpg	2019-12-09 03:38:00	https://www.streamlineusa.com/wp-content/uploads/2019/12/W23-Featured.jpg.png
541	2019/12/Upper-East-Side-Penthouse-Featured.jpg	2019/12/Upper-East-Side-Penthouse-Featured.jpg	no	640	392		540		Upper East Side Penthouse Featured	2019-12-09 03:39:38	https://www.streamlineusa.com/wp-content/uploads/2019/12/Upper-East-Side-Penthouse-Featured.jpg
547	2019/12/Featured-Rock-and-Rileys-scaled.jpg	2019/12/Featured-Rock-and-Rileys.jpg	yes	2048	854		546		Featured Rock and Rileys	2019-12-29 22:33:28	https://www.streamlineusa.com/wp-content/uploads/2019/12/Featured-Rock-and-Rileys-scaled.jpg
550	2019/12/Gunter-Seeger-Featured.jpg	2019/12/Gunter-Seeger-Featured.jpg	no	1642	900		549		Gunter Seeger Featured	2019-12-29 22:37:50	https://www.streamlineusa.com/wp-content/uploads/2019/12/Gunter-Seeger-Featured.jpg
553	2019/12/Mexicue-Featured.jpg	2019/12/Mexicue-Featured.jpg	no	1200	800		552		Mexicue Featured	2019-12-29 22:39:42	https://www.streamlineusa.com/wp-content/uploads/2019/12/Mexicue-Featured.jpg
556	2019/12/Indeed-Featured.jpg	2019/12/Indeed-Featured.jpg	no	1600	1068		555		Indeed Featured	2019-12-29 22:41:08	https://www.streamlineusa.com/wp-content/uploads/2019/12/Indeed-Featured.jpg
559	2019/12/Atrium-Featured.jpg	2019/12/Atrium-Featured.jpg	no	2048	576		558		Atrium Featured	2019-12-29 22:43:14	https://www.streamlineusa.com/wp-content/uploads/2019/12/Atrium-Featured.jpg
562	2019/12/Kith-Featured.jpg	2019/12/Kith-Featured.jpg	no	1695	1200		561		Kith Featured	2019-12-29 22:46:42	https://www.streamlineusa.com/wp-content/uploads/2019/12/Kith-Featured.jpg
565	2019/12/Washington-Sq-Derm-Featured.jpg	2019/12/Washington-Sq-Derm-Featured.jpg	no	1695	1232		564		Washington Sq Derm Featured	2019-12-29 22:48:11	https://www.streamlineusa.com/wp-content/uploads/2019/12/Washington-Sq-Derm-Featured.jpg
568	2019/12/Horatio-Featured.jpg	2019/12/Horatio-Featured.jpg	no	1215	858		567		Horatio Featured	2019-12-29 22:50:20	https://www.streamlineusa.com/wp-content/uploads/2019/12/Horatio-Featured.jpg
571	2019/12/UWS_TOWNHOUSE-Featured.jpg	2019/12/UWS_TOWNHOUSE-Featured.jpg	no	1800	1200		570		UWS_TOWNHOUSE Featured	2019-12-29 22:53:05	https://www.streamlineusa.com/wp-content/uploads/2019/12/UWS_TOWNHOUSE-Featured.jpg
577	2019/12/Indeed-Updated-Featured.jpg	2019/12/Indeed-Updated-Featured.jpg	no	1034	647		555		Indeed Updated Featured	2020-01-05 19:46:36	https://www.streamlineusa.com/wp-content/uploads/2019/12/Indeed-Updated-Featured.jpg
578	2019/12/Gunter-Updated-Featured-scaled.jpg	2019/12/Gunter-Updated-Featured.jpg	yes	2048	854		549		Gunter Updated Featured	2020-01-05 19:49:41	https://www.streamlineusa.com/wp-content/uploads/2019/12/Gunter-Updated-Featured-scaled.jpg
579	2019/12/Spring-Studio-Updated-Featured.jpg	2019/12/Spring-Studio-Updated-Featured.jpg	no	900	900		506		Spring Studio Updated Featured	2020-01-05 19:59:38	https://www.streamlineusa.com/wp-content/uploads/2019/12/Spring-Studio-Updated-Featured.jpg
580	2019/12/Free-People-Updated-Featured.jpg	2019/12/Free-People-Updated-Featured.jpg	no	513	601		503		Free People Updated Featured	2020-01-05 20:02:31	https://www.streamlineusa.com/wp-content/uploads/2019/12/Free-People-Updated-Featured.jpg
607	2019/12/UWS_TOWNHOUSE6.jpg	2019/12/UWS_TOWNHOUSE6.jpg	no	1200	1800		570		UWS_TOWNHOUSE6	2020-01-06 01:10:40	https://www.streamlineusa.com/wp-content/uploads/2019/12/UWS_TOWNHOUSE6.jpg
608	2019/12/UWS_TOWNHOUSE5.jpg	2019/12/UWS_TOWNHOUSE5.jpg	no	1200	1800		570		UWS_TOWNHOUSE5	2020-01-06 01:10:55	https://www.streamlineusa.com/wp-content/uploads/2019/12/UWS_TOWNHOUSE5.jpg
609	2019/12/UWS_TOWNHOUSE4.jpg	2019/12/UWS_TOWNHOUSE4.jpg	no	1800	1200		570		UWS_TOWNHOUSE4	2020-01-06 01:11:12	https://www.streamlineusa.com/wp-content/uploads/2019/12/UWS_TOWNHOUSE4.jpg
610	2019/12/UWS_TOWNHOUSE2.jpg	2019/12/UWS_TOWNHOUSE2.jpg	no	1800	1200		570		UWS_TOWNHOUSE2	2020-01-06 01:11:34	https://www.streamlineusa.com/wp-content/uploads/2019/12/UWS_TOWNHOUSE2.jpg
611	2019/12/UWS_TOWNHOUSE1.jpg	2019/12/UWS_TOWNHOUSE1.jpg	no	1200	1800		570		UWS_TOWNHOUSE1	2020-01-06 01:11:45	https://www.streamlineusa.com/wp-content/uploads/2019/12/UWS_TOWNHOUSE1.jpg
613	2019/12/Horatio-St-3.68x6.74.jpg	2019/12/Horatio-St-3.68x6.74.jpg	no	1104	2022		567		Horatio-St-3.68x6.74	2020-01-06 01:15:46	https://www.streamlineusa.com/wp-content/uploads/2019/12/Horatio-St-3.68x6.74.jpg
614	2019/12/Horatio-Street-2.17x3.12-2.jpg	2019/12/Horatio-Street-2.17x3.12-2.jpg	no	651	936		567		Horatio-Street-2.17x3.12-2	2020-01-06 01:16:24	https://www.streamlineusa.com/wp-content/uploads/2019/12/Horatio-Street-2.17x3.12-2.jpg
615	2019/12/Horatio-St-3.9x3.jpg	2019/12/Horatio-St-3.9x3.jpg	no	1170	1002		567		Horatio-St-3.9x3	2020-01-06 01:16:31	https://www.streamlineusa.com/wp-content/uploads/2019/12/Horatio-St-3.9x3.jpg
616	2019/12/Horatio-St-2.35x3.12.jpg	2019/12/Horatio-St-2.35x3.12.jpg	no	705	936		567		Horatio-St-2.35x3.12	2020-01-06 01:16:38	https://www.streamlineusa.com/wp-content/uploads/2019/12/Horatio-St-2.35x3.12.jpg
617	2019/12/Horatio-St-4.50x2.86.jpg	2019/12/Horatio-St-4.50x2.86.jpg	no	1350	858		567		Horatio-St-4.50x2.86	2020-01-06 01:16:45	https://www.streamlineusa.com/wp-content/uploads/2019/12/Horatio-St-4.50x2.86.jpg
618	2019/12/Horatio-St-2.17x3.12.jpg	2019/12/Horatio-St-2.17x3.12.jpg	no	651	936		567		Horatio-St-2.17x3.12	2020-01-06 01:16:53	https://www.streamlineusa.com/wp-content/uploads/2019/12/Horatio-St-2.17x3.12.jpg
619	2019/12/Streamline-Residential-Horatio-12-4.11x5.65.jpg	2019/12/Streamline-Residential-Horatio-12-4.11x5.65.jpg	no	1695	1233		567		Streamline-Residential-Horatio-12-4.11x5.65	2020-01-06 01:18:15	https://www.streamlineusa.com/wp-content/uploads/2019/12/Streamline-Residential-Horatio-12-4.11x5.65.jpg
620	2019/12/Streamline-Residential-Horatio-11-2.08x2.63-1.jpg	2019/12/Streamline-Residential-Horatio-11-2.08x2.63-1.jpg	no	624	789		567		Streamline-Residential-Horatio-11-2.08x2.63 (1)	2020-01-06 01:22:43	https://www.streamlineusa.com/wp-content/uploads/2019/12/Streamline-Residential-Horatio-11-2.08x2.63-1.jpg
621	2019/12/Streamline-Residential-Horatio-30-1.71x2.03-1.jpg	2019/12/Streamline-Residential-Horatio-30-1.71x2.03-1.jpg	no	513	609		567		Streamline-Residential-Horatio-30-1.71x2.03 (1)	2020-01-06 01:22:57	https://www.streamlineusa.com/wp-content/uploads/2019/12/Streamline-Residential-Horatio-30-1.71x2.03-1.jpg
622	2019/12/Streamline-Residential-Horatio-17-1.71x2.08-1.jpg	2019/12/Streamline-Residential-Horatio-17-1.71x2.08-1.jpg	no	513	624		567		Streamline-Residential-Horatio-17-1.71x2.08 (1)	2020-01-06 01:23:23	https://www.streamlineusa.com/wp-content/uploads/2019/12/Streamline-Residential-Horatio-17-1.71x2.08-1.jpg
623	2019/12/Horatio-St-8.75x2.8-1-scaled.jpg	2019/12/Horatio-St-8.75x2.8-1.jpg	yes	2048	655		567		Horatio-St-8.75x2.8 (1)	2020-01-06 01:23:29	https://www.streamlineusa.com/wp-content/uploads/2019/12/Horatio-St-8.75x2.8-1-scaled.jpg
627	2019/12/Streamline-USA-Washington-Square-Dermatology-2.08x2.63.jpg	2019/12/Streamline-USA-Washington-Square-Dermatology-2.08x2.63.jpg	no	624	789		564		Streamline-USA-Washington-Square-Dermatology-2.08x2.63	2020-01-06 01:31:30	https://www.streamlineusa.com/wp-content/uploads/2019/12/Streamline-USA-Washington-Square-Dermatology-2.08x2.63.jpg
628	2019/12/Streamline-USA-Washington-Square-Dermatology-3.69x4.36.jpg	2019/12/Streamline-USA-Washington-Square-Dermatology-3.69x4.36.jpg	no	1107	1309		564		Streamline-USA-Washington-Square-Dermatology-3.69x4.36	2020-01-06 01:31:34	https://www.streamlineusa.com/wp-content/uploads/2019/12/Streamline-USA-Washington-Square-Dermatology-3.69x4.36.jpg
629	2019/12/Streamline-USA-Washington-Square-Dermatology-1.71x4.37.jpg	2019/12/Streamline-USA-Washington-Square-Dermatology-1.71x4.37.jpg	no	513	1311		564		Streamline-USA-Washington-Square-Dermatology-1.71x4.37	2020-01-06 01:31:40	https://www.streamlineusa.com/wp-content/uploads/2019/12/Streamline-USA-Washington-Square-Dermatology-1.71x4.37.jpg
631	2019/12/StreamlineUSA-RET-Kith-01-4.3708x3.4.jpg	2019/12/StreamlineUSA-RET-Kith-01-4.3708x3.4.jpg	no	1020	1312		561		StreamlineUSA-RET-Kith-01-4.3708x3.4	2020-01-06 01:33:38	https://www.streamlineusa.com/wp-content/uploads/2019/12/StreamlineUSA-RET-Kith-01-4.3708x3.4.jpg
632	2019/12/StreamlineUSA-RET-Kith-02-4x5.65.jpg	2019/12/StreamlineUSA-RET-Kith-02-4x5.65.jpg	no	1695	1200		561		StreamlineUSA-RET-Kith-02-4x5.65	2020-01-06 01:33:42	https://www.streamlineusa.com/wp-content/uploads/2019/12/StreamlineUSA-RET-Kith-02-4x5.65.jpg
633	2019/12/StreamlineUSA-RET-Kith-12-3x2.jpg	2019/12/StreamlineUSA-RET-Kith-12-3x2.jpg	no	900	600		561		StreamlineUSA-RET-Kith-12-3x2	2020-01-06 01:33:54	https://www.streamlineusa.com/wp-content/uploads/2019/12/StreamlineUSA-RET-Kith-12-3x2.jpg
634	2019/12/SL-_-Retail-Kith-17-2.155x2-scaled.jpg	2019/12/SL-_-Retail-Kith-17-2.155x2.jpg	yes	2048	2208		561		SL _ Retail - Kith-17-2.155x2	2020-01-06 01:34:00	https://www.streamlineusa.com/wp-content/uploads/2019/12/SL-_-Retail-Kith-17-2.155x2-scaled.jpg
635	2019/12/SL-_-Retail-Kith-17-2.155x2-1-scaled.jpg	2019/12/SL-_-Retail-Kith-17-2.155x2-1.jpg	yes	2048	2208		561		SL _ Retail - Kith-17-2.155x2	2020-01-06 01:34:43	https://www.streamlineusa.com/wp-content/uploads/2019/12/SL-_-Retail-Kith-17-2.155x2-1-scaled.jpg
636	2019/12/StreamlineUSA-RET-Kith-03-2x4.205.jpg	2019/12/StreamlineUSA-RET-Kith-03-2x4.205.jpg	no	1262	600		561		StreamlineUSA-RET-Kith-03-2x4.205	2020-01-06 01:35:19	https://www.streamlineusa.com/wp-content/uploads/2019/12/StreamlineUSA-RET-Kith-03-2x4.205.jpg
637	2019/12/StreamlineUSA-RET-Kith-13-4.3708x3.4.jpg	2019/12/StreamlineUSA-RET-Kith-13-4.3708x3.4.jpg	no	1020	1311		561		StreamlineUSA-RET-Kith-13-4.3708x3.4	2020-01-06 01:35:23	https://www.streamlineusa.com/wp-content/uploads/2019/12/StreamlineUSA-RET-Kith-13-4.3708x3.4.jpg
638	2019/12/StreamlineUSA-RET-Kith-16-1.4x2.jpg	2019/12/StreamlineUSA-RET-Kith-16-1.4x2.jpg	no	600	420		561		StreamlineUSA-RET-Kith-16-1.4x2	2020-01-06 01:35:26	https://www.streamlineusa.com/wp-content/uploads/2019/12/StreamlineUSA-RET-Kith-16-1.4x2.jpg
639	2019/12/SL-_-Retail-Kith-07-2x4.7875.jpg	2019/12/SL-_-Retail-Kith-07-2x4.7875.jpg	no	1436	600		561		SL _ Retail - Kith-07-2x4.7875	2020-01-06 01:35:38	https://www.streamlineusa.com/wp-content/uploads/2019/12/SL-_-Retail-Kith-07-2x4.7875.jpg
640	2019/12/SL-_-Retail-Kith-08-2.155x2.jpg	2019/12/SL-_-Retail-Kith-08-2.155x2.jpg	no	600	647		561		SL _ Retail - Kith-08-2.155x2	2020-01-06 01:35:41	https://www.streamlineusa.com/wp-content/uploads/2019/12/SL-_-Retail-Kith-08-2.155x2.jpg
641	2019/12/StreamlineUSA-RET-Kith-03-4.37x3.4.jpg	2019/12/StreamlineUSA-RET-Kith-03-4.37x3.4.jpg	no	1020	1311		561		StreamlineUSA-RET-Kith-03-4.37x3.4	2020-01-06 01:35:43	https://www.streamlineusa.com/wp-content/uploads/2019/12/StreamlineUSA-RET-Kith-03-4.37x3.4.jpg
642	2019/12/SL-_-Retail-Kith-02-2x3.jpg	2019/12/SL-_-Retail-Kith-02-2x3.jpg	no	900	600		561		SL _ Retail - Kith-02-2x3	2020-01-06 01:35:56	https://www.streamlineusa.com/wp-content/uploads/2019/12/SL-_-Retail-Kith-02-2x3.jpg
643	2019/12/SL-_-Retail-Kith-04-2.155x3.445.jpg	2019/12/SL-_-Retail-Kith-04-2.155x3.445.jpg	no	1034	646		561		SL _ Retail - Kith-04-2.155x3.445	2020-01-06 01:35:59	https://www.streamlineusa.com/wp-content/uploads/2019/12/SL-_-Retail-Kith-04-2.155x3.445.jpg
644	2019/12/StreamlineUSA-RET-Kith-04-1.46x2.jpg	2019/12/StreamlineUSA-RET-Kith-04-1.46x2.jpg	no	600	438		561		StreamlineUSA-RET-Kith-04-1.46x2	2020-01-06 01:37:42	https://www.streamlineusa.com/wp-content/uploads/2019/12/StreamlineUSA-RET-Kith-04-1.46x2.jpg
646	2019/12/Streamline-USA-Atrium-1.71x1.90.jpg	2019/12/Streamline-USA-Atrium-1.71x1.90.jpg	no	513	573		558		Streamline-USA-Atrium-1.71x1.90	2020-01-06 01:40:11	https://www.streamlineusa.com/wp-content/uploads/2019/12/Streamline-USA-Atrium-1.71x1.90.jpg
647	2019/12/Streamline-USA-Atrium-3.69x1.91.jpg	2019/12/Streamline-USA-Atrium-3.69x1.91.jpg	no	1431	741		558		Streamline-USA-Atrium-3.69x1.91	2020-01-06 01:40:13	https://www.streamlineusa.com/wp-content/uploads/2019/12/Streamline-USA-Atrium-3.69x1.91.jpg
648	2019/12/Streamline-USA-Atrium-1.71x1.91.jpg	2019/12/Streamline-USA-Atrium-1.71x1.91.jpg	no	513	573		558		Streamline-USA-Atrium-1.71x1.91	2020-01-06 01:40:16	https://www.streamlineusa.com/wp-content/uploads/2019/12/Streamline-USA-Atrium-1.71x1.91.jpg
649	2019/12/Streamline-USA-Atrium-5.65x4.11.jpg	2019/12/Streamline-USA-Atrium-5.65x4.11.jpg	no	1695	1233		558		Streamline-USA-Atrium-5.65x4.11	2020-01-06 01:40:18	https://www.streamlineusa.com/wp-content/uploads/2019/12/Streamline-USA-Atrium-5.65x4.11.jpg
650	2019/12/StreamlineUSA-RET-Kith-04-1.46x2-1.jpg	2019/12/StreamlineUSA-RET-Kith-04-1.46x2-1.jpg	no	600	438		558		StreamlineUSA-RET-Kith-04-1.46x2	2020-01-06 01:40:26	https://www.streamlineusa.com/wp-content/uploads/2019/12/StreamlineUSA-RET-Kith-04-1.46x2-1.jpg
651	2019/12/StreamlineUSA-RET-Kith-03-4.37x3.4-1.jpg	2019/12/StreamlineUSA-RET-Kith-03-4.37x3.4-1.jpg	no	1020	1311		558		StreamlineUSA-RET-Kith-03-4.37x3.4 (1)	2020-01-06 01:40:28	https://www.streamlineusa.com/wp-content/uploads/2019/12/StreamlineUSA-RET-Kith-03-4.37x3.4-1.jpg
653	2019/12/UWS_TOWNHOUSE7-1.jpg	2019/12/UWS_TOWNHOUSE7-1.jpg	no	1200	1800		570		UWS_TOWNHOUSE7 (1)	2020-01-06 01:42:51	https://www.streamlineusa.com/wp-content/uploads/2019/12/UWS_TOWNHOUSE7-1.jpg
655	2019/12/SL-_-Commercial-Indeed-06-3x2.jpg	2019/12/SL-_-Commercial-Indeed-06-3x2.jpg	no	1436	599		555		SL _ Commercial - Indeed-06-3x2	2020-01-06 01:48:38	https://www.streamlineusa.com/wp-content/uploads/2019/12/SL-_-Commercial-Indeed-06-3x2.jpg
656	2019/12/SL-_-Commercial-Indeed-07-1.4x2.jpg	2019/12/SL-_-Commercial-Indeed-07-1.4x2.jpg	no	600	420		555		SL _ Commercial - Indeed-07-1.4x2	2020-01-06 01:48:42	https://www.streamlineusa.com/wp-content/uploads/2019/12/SL-_-Commercial-Indeed-07-1.4x2.jpg
657	2019/12/SL-_-Commercial-Indeed-05-2x2.155.jpg	2019/12/SL-_-Commercial-Indeed-05-2x2.155.jpg	no	646	600		555		SL _ Commercial - Indeed-05-2x2.155	2020-01-06 01:48:43	https://www.streamlineusa.com/wp-content/uploads/2019/12/SL-_-Commercial-Indeed-05-2x2.155.jpg
658	2019/12/SL-_-Commercial-Indeed-02-2.155x2.jpg	2019/12/SL-_-Commercial-Indeed-02-2.155x2.jpg	no	600	646		555		SL _ Commercial - Indeed-02-2.155x2	2020-01-06 01:48:46	https://www.streamlineusa.com/wp-content/uploads/2019/12/SL-_-Commercial-Indeed-02-2.155x2.jpg
659	2019/12/SL-_-Commercial-Indeed-01-4x5.65.jpg	2019/12/SL-_-Commercial-Indeed-01-4x5.65.jpg	no	1695	1200		555		SL _ Commercial - Indeed-01-4x5.65	2020-01-06 01:48:48	https://www.streamlineusa.com/wp-content/uploads/2019/12/SL-_-Commercial-Indeed-01-4x5.65.jpg
660	2019/12/SL-_-Commercial-Indeed-04-2x4.7875.jpg	2019/12/SL-_-Commercial-Indeed-04-2x4.7875.jpg	no	1436	599		555		SL _ Commercial - Indeed-04-2x4.7875	2020-01-06 01:48:53	https://www.streamlineusa.com/wp-content/uploads/2019/12/SL-_-Commercial-Indeed-04-2x4.7875.jpg
661	2019/12/Indeed-Pic.jpg	2019/12/Indeed-Pic.jpg	no	1600	1068		555		Indeed Pic	2020-01-06 01:49:49	https://www.streamlineusa.com/wp-content/uploads/2019/12/Indeed-Pic.jpg
665	2019/12/MEX6.jpg	2019/12/MEX6.jpg	no	1200	800		552		MEX6	2020-01-06 01:53:43	https://www.streamlineusa.com/wp-content/uploads/2019/12/MEX6.jpg
666	2019/12/MEX5.jpg	2019/12/MEX5.jpg	no	1200	990		552		MEX5	2020-01-06 01:53:46	https://www.streamlineusa.com/wp-content/uploads/2019/12/MEX5.jpg
667	2019/12/MEX1.jpg	2019/12/MEX1.jpg	no	1200	800		552		MEX1	2020-01-06 01:53:50	https://www.streamlineusa.com/wp-content/uploads/2019/12/MEX1.jpg
668	2019/12/MEX2.jpg	2019/12/MEX2.jpg	no	1200	800		552		MEX2	2020-01-06 01:53:54	https://www.streamlineusa.com/wp-content/uploads/2019/12/MEX2.jpg
669	2019/12/MEX4.jpg	2019/12/MEX4.jpg	no	970	647		552		MEX4	2020-01-06 01:53:58	https://www.streamlineusa.com/wp-content/uploads/2019/12/MEX4.jpg
671	2019/12/SL-_-Hospitality-_-641-Hudson-_-Seeger-3.125x3-1.jpg	2019/12/SL-_-Hospitality-_-641-Hudson-_-Seeger-3.125x3-1.jpg	no	900	938		549		SL _ Hospitality _ 641 Hudson _ Seeger-3.125x3-1	2020-01-06 01:56:02	https://www.streamlineusa.com/wp-content/uploads/2019/12/SL-_-Hospitality-_-641-Hudson-_-Seeger-3.125x3-1.jpg
672	2019/12/Streamline-USA-Spring-Studios-29-3x2.jpg	2019/12/Streamline-USA-Spring-Studios-29-3x2.jpg	no	900	600		549		Streamline-USA-Spring-Studios-29-3x2	2020-01-06 01:56:05	https://www.streamlineusa.com/wp-content/uploads/2019/12/Streamline-USA-Spring-Studios-29-3x2.jpg
673	2019/12/BLURRY.jpg	2019/12/BLURRY.jpg	no	938	900		549		BLURRY	2020-01-06 01:56:08	https://www.streamlineusa.com/wp-content/uploads/2019/12/BLURRY.jpg
674	2019/12/Gunter-Updated-Featured-1-scaled.jpg	2019/12/Gunter-Updated-Featured-1.jpg	yes	2048	854		549		Gunter Updated Featured (1)	2020-01-06 01:57:49	https://www.streamlineusa.com/wp-content/uploads/2019/12/Gunter-Updated-Featured-1-scaled.jpg
676	2019/12/SL-_-Hospitality-_-218-W35-_-RocknReillys-3.125x3-1.jpg	2019/12/SL-_-Hospitality-_-218-W35-_-RocknReillys-3.125x3-1.jpg	no	938	900		546		SL _ Hospitality _ 218 W35 _ RocknReillys-3.125x3-1	2020-01-06 02:00:36	https://www.streamlineusa.com/wp-content/uploads/2019/12/SL-_-Hospitality-_-218-W35-_-RocknReillys-3.125x3-1.jpg
677	2019/12/SL-_-Hospitality-_-218-W35-_-RocknReillys-3.125x3-2-scaled.jpg	2019/12/SL-_-Hospitality-_-218-W35-_-RocknReillys-3.125x3-2.jpg	yes	2048	1966		546		SL _ Hospitality _ 218 W35 _ RocknReillys-3.125x3-2	2020-01-06 02:00:41	https://www.streamlineusa.com/wp-content/uploads/2019/12/SL-_-Hospitality-_-218-W35-_-RocknReillys-3.125x3-2-scaled.jpg
678	2019/12/SL-_-Hospitality-_-218-W35-_-RocknReillys-5.475x3-2.jpg	2019/12/SL-_-Hospitality-_-218-W35-_-RocknReillys-5.475x3-2.jpg	no	1643	900		546		SL _ Hospitality _ 218 W35 _ RocknReillys-5.475x3-2	2020-01-06 02:00:52	https://www.streamlineusa.com/wp-content/uploads/2019/12/SL-_-Hospitality-_-218-W35-_-RocknReillys-5.475x3-2.jpg
680	2019/12/Upper-East-Side-Penthouse-1.jpg	2019/12/Upper-East-Side-Penthouse-1.jpg	no	640	427		540		Upper East Side Penthouse 1	2020-01-06 02:02:18	https://www.streamlineusa.com/wp-content/uploads/2019/12/Upper-East-Side-Penthouse-1.jpg
681	2019/12/Upper-East-Side-Penthouse-2.jpg	2019/12/Upper-East-Side-Penthouse-2.jpg	no	640	401		540		Upper East Side Penthouse 2	2020-01-06 02:02:19	https://www.streamlineusa.com/wp-content/uploads/2019/12/Upper-East-Side-Penthouse-2.jpg
682	2019/12/Upper-East-Side-Penthouse-5.jpg	2019/12/Upper-East-Side-Penthouse-5.jpg	no	640	401		540		Upper East Side Penthouse 5	2020-01-06 02:02:21	https://www.streamlineusa.com/wp-content/uploads/2019/12/Upper-East-Side-Penthouse-5.jpg
683	2019/12/Upper-East-Side-Penthouse-4.jpg	2019/12/Upper-East-Side-Penthouse-4.jpg	no	640	393		540		Upper East Side Penthouse 4	2020-01-06 02:02:22	https://www.streamlineusa.com/wp-content/uploads/2019/12/Upper-East-Side-Penthouse-4.jpg
685	2019/12/1.png	2019/12/1.png	no	990	740		537		1	2020-01-06 02:04:43	https://www.streamlineusa.com/wp-content/uploads/2019/12/1.png
686	2019/12/4.png	2019/12/4.png	no	990	740		537		4	2020-01-06 02:04:47	https://www.streamlineusa.com/wp-content/uploads/2019/12/4.png
687	2019/12/6.png	2019/12/6.png	no	990	740		537		6	2020-01-06 02:04:51	https://www.streamlineusa.com/wp-content/uploads/2019/12/6.png
688	2019/12/8.png	2019/12/8.png	no	990	740		537		8	2020-01-06 02:04:57	https://www.streamlineusa.com/wp-content/uploads/2019/12/8.png
689	2019/12/9.png	2019/12/9.png	no	990	740		537		9	2020-01-06 02:05:00	https://www.streamlineusa.com/wp-content/uploads/2019/12/9.png
690	2019/12/7.png	2019/12/7.png	no	990	740		537		7	2020-01-06 02:05:03	https://www.streamlineusa.com/wp-content/uploads/2019/12/7.png
691	2019/12/5.png	2019/12/5.png	no	990	740		537		5	2020-01-06 02:05:08	https://www.streamlineusa.com/wp-content/uploads/2019/12/5.png
692	2019/12/2.png	2019/12/2.png	no	990	740		537		2	2020-01-06 02:05:12	https://www.streamlineusa.com/wp-content/uploads/2019/12/2.png
694	2019/12/THOMPSON_STUDIO3-scaled.jpg	2019/12/THOMPSON_STUDIO3.jpg	yes	2048	1366		534		THOMPSON_STUDIO3	2020-01-06 02:06:47	https://www.streamlineusa.com/wp-content/uploads/2019/12/THOMPSON_STUDIO3-scaled.jpg
695	2019/12/THOMPSON_STUDIO1-scaled.jpg	2019/12/THOMPSON_STUDIO1.jpg	yes	2048	1366		534		THOMPSON_STUDIO1	2020-01-06 02:06:54	https://www.streamlineusa.com/wp-content/uploads/2019/12/THOMPSON_STUDIO1-scaled.jpg
696	2019/12/THOMPSON_STUDIO4-scaled.jpg	2019/12/THOMPSON_STUDIO4.jpg	yes	2048	1366		534		THOMPSON_STUDIO4	2020-01-06 02:07:01	https://www.streamlineusa.com/wp-content/uploads/2019/12/THOMPSON_STUDIO4-scaled.jpg
697	2019/12/THOMPSON_STUDIO5-scaled.jpg	2019/12/THOMPSON_STUDIO5.jpg	yes	2048	1366		534		THOMPSON_STUDIO5	2020-01-06 02:07:08	https://www.streamlineusa.com/wp-content/uploads/2019/12/THOMPSON_STUDIO5-scaled.jpg
699	2019/12/12.jpg	2019/12/12.jpg	no	1670	1100		531		12	2020-01-06 02:09:59	https://www.streamlineusa.com/wp-content/uploads/2019/12/12.jpg
700	2019/12/14.jpg	2019/12/14.jpg	no	1648	1100		531		14	2020-01-06 02:10:04	https://www.streamlineusa.com/wp-content/uploads/2019/12/14.jpg
701	2019/12/17.jpg	2019/12/17.jpg	no	733	1100		531		17	2020-01-06 02:10:08	https://www.streamlineusa.com/wp-content/uploads/2019/12/17.jpg
702	2019/12/1.jpg	2019/12/1.jpg	no	1649	1100		531		1	2020-01-06 02:10:12	https://www.streamlineusa.com/wp-content/uploads/2019/12/1.jpg
703	2019/12/3.jpg	2019/12/3.jpg	no	1649	1100		531		3	2020-01-06 02:10:23	https://www.streamlineusa.com/wp-content/uploads/2019/12/3.jpg
704	2019/12/8.jpg	2019/12/8.jpg	no	1648	1100		531		8	2020-01-06 02:10:28	https://www.streamlineusa.com/wp-content/uploads/2019/12/8.jpg
705	2019/12/9.jpg	2019/12/9.jpg	no	1649	1100		531		9	2020-01-06 02:10:34	https://www.streamlineusa.com/wp-content/uploads/2019/12/9.jpg
706	2019/12/10.jpg	2019/12/10.jpg	no	1647	1100		531		10	2020-01-06 02:10:40	https://www.streamlineusa.com/wp-content/uploads/2019/12/10.jpg
707	2019/12/11.jpg	2019/12/11.jpg	no	1652	1100		531		11	2020-01-06 02:10:47	https://www.streamlineusa.com/wp-content/uploads/2019/12/11.jpg
708	2019/12/13.jpg	2019/12/13.jpg	no	1650	1100		531		13	2020-01-06 02:10:53	https://www.streamlineusa.com/wp-content/uploads/2019/12/13.jpg
709	2019/12/15.jpg	2019/12/15.jpg	no	1648	1100		531		15	2020-01-06 02:11:00	https://www.streamlineusa.com/wp-content/uploads/2019/12/15.jpg
710	2019/12/16.jpg	2019/12/16.jpg	no	1640	1100		531		16	2020-01-06 02:11:07	https://www.streamlineusa.com/wp-content/uploads/2019/12/16.jpg
711	2019/12/2.jpg	2019/12/2.jpg	no	1650	1100		531		2	2020-01-06 02:11:16	https://www.streamlineusa.com/wp-content/uploads/2019/12/2.jpg
712	2019/12/4.jpg	2019/12/4.jpg	no	1650	1100		531		4	2020-01-06 02:11:22	https://www.streamlineusa.com/wp-content/uploads/2019/12/4.jpg
713	2019/12/5-e1595516594884.jpg	2019/12/5-e1595516594884.jpg	no	1648	651		531		5	2020-01-06 02:11:28	https://www.streamlineusa.com/wp-content/uploads/2019/12/5-e1595516594884.jpg
714	2019/12/7.jpg	2019/12/7.jpg	no	1647	1100		531		7	2020-01-06 02:11:33	https://www.streamlineusa.com/wp-content/uploads/2019/12/7.jpg
716	2019/12/MURRAYHILL1.jpg	2019/12/MURRAYHILL1.jpg	no	1200	800		527		MURRAYHILL1	2020-01-06 02:13:29	https://www.streamlineusa.com/wp-content/uploads/2019/12/MURRAYHILL1.jpg
717	2019/12/MURRAYHILL2.jpg	2019/12/MURRAYHILL2.jpg	no	1200	800		527		MURRAYHILL2	2020-01-06 02:13:32	https://www.streamlineusa.com/wp-content/uploads/2019/12/MURRAYHILL2.jpg
718	2019/12/MURRAYHILL4.jpg	2019/12/MURRAYHILL4.jpg	no	1200	800		527		MURRAYHILL4	2020-01-06 02:13:35	https://www.streamlineusa.com/wp-content/uploads/2019/12/MURRAYHILL4.jpg
719	2019/12/MURRAYHILL3.jpg	2019/12/MURRAYHILL3.jpg	no	1200	800		527		MURRAYHILL3	2020-01-06 02:13:40	https://www.streamlineusa.com/wp-content/uploads/2019/12/MURRAYHILL3.jpg
720	2019/12/MURRAYHILL5.jpg	2019/12/MURRAYHILL5.jpg	no	800	1200		527		MURRAYHILL5	2020-01-06 02:13:44	https://www.streamlineusa.com/wp-content/uploads/2019/12/MURRAYHILL5.jpg
721	2019/12/MURRAYHILL7.jpg	2019/12/MURRAYHILL7.jpg	no	800	1200		527		MURRAYHILL7	2020-01-06 02:13:48	https://www.streamlineusa.com/wp-content/uploads/2019/12/MURRAYHILL7.jpg
723	2019/12/SL-_-Residential-_-215-Madision-_-Residence-3.125x3-1.jpg	2019/12/SL-_-Residential-_-215-Madision-_-Residence-3.125x3-1.jpg	no	937	900		523		SL _ Residential _ 215 Madision _ Residence-3.125x3-1	2020-01-06 02:15:18	https://www.streamlineusa.com/wp-content/uploads/2019/12/SL-_-Residential-_-215-Madision-_-Residence-3.125x3-1.jpg
724	2019/12/SL-_-Residential-_-215-Madision-_-Residence-3.125x3-3.jpg	2019/12/SL-_-Residential-_-215-Madision-_-Residence-3.125x3-3.jpg	no	937	900		523		SL _ Residential _ 215 Madision _ Residence-3.125x3-3	2020-01-06 02:15:22	https://www.streamlineusa.com/wp-content/uploads/2019/12/SL-_-Residential-_-215-Madision-_-Residence-3.125x3-3.jpg
725	2019/12/SL-_-Residential-_-215-Madision-_-Residence-3.125X3-2.jpg	2019/12/SL-_-Residential-_-215-Madision-_-Residence-3.125X3-2.jpg	no	900	937		523		SL _ Residential _ 215 Madision _ Residence-3.125X3-2	2020-01-06 02:15:26	https://www.streamlineusa.com/wp-content/uploads/2019/12/SL-_-Residential-_-215-Madision-_-Residence-3.125X3-2.jpg
726	2019/12/SL-_-Residential-_-215-Madision-_-Residence-5.475x3.jpg	2019/12/SL-_-Residential-_-215-Madision-_-Residence-5.475x3.jpg	no	1642	900		523		SL _ Residential _ 215 Madision _ Residence-5.475x3	2020-01-06 02:15:28	https://www.streamlineusa.com/wp-content/uploads/2019/12/SL-_-Residential-_-215-Madision-_-Residence-5.475x3.jpg
727	2019/12/SL-_-Residential-_-215-Madision-_-Residence-3.425x3.jpg	2019/12/SL-_-Residential-_-215-Madision-_-Residence-3.425x3.jpg	no	1027	900		523		SL _ Residential _ 215 Madision _ Residence-3.425x3	2020-01-06 02:15:33	https://www.streamlineusa.com/wp-content/uploads/2019/12/SL-_-Residential-_-215-Madision-_-Residence-3.425x3.jpg
729	2019/12/IMG_1243-scaled.jpg	2019/12/IMG_1243.jpg	yes	1920	2560		520		IMG_1243	2020-01-06 02:17:06	https://www.streamlineusa.com/wp-content/uploads/2019/12/IMG_1243-scaled.jpg
730	2019/12/IMG_1244-scaled.jpg	2019/12/IMG_1244.jpg	yes	1920	2560		520		IMG_1244	2020-01-06 02:17:17	https://www.streamlineusa.com/wp-content/uploads/2019/12/IMG_1244-scaled.jpg
731	2019/12/IMG_1245-scaled.jpg	2019/12/IMG_1245.jpg	yes	1920	2560		520		IMG_1245	2020-01-06 02:17:26	https://www.streamlineusa.com/wp-content/uploads/2019/12/IMG_1245-scaled.jpg
732	2019/12/IMG_1246-scaled.jpg	2019/12/IMG_1246.jpg	yes	1920	2560		520		IMG_1246	2020-01-06 02:17:34	https://www.streamlineusa.com/wp-content/uploads/2019/12/IMG_1246-scaled.jpg
733	2019/12/IMG_1247-scaled.jpg	2019/12/IMG_1247.jpg	yes	1920	2560		520		IMG_1247	2020-01-06 02:17:42	https://www.streamlineusa.com/wp-content/uploads/2019/12/IMG_1247-scaled.jpg
734	2019/12/IMG_1241-scaled.jpg	2019/12/IMG_1241.jpg	yes	1532	2560		520		IMG_1241	2020-01-06 02:18:24	https://www.streamlineusa.com/wp-content/uploads/2019/12/IMG_1241-scaled.jpg
739	2019/12/Hudson-Featured.jpg	2019/12/Hudson-Featured.jpg	no	1280	854		517		© Nadav Havakook	2020-01-06 02:23:09	https://www.streamlineusa.com/wp-content/uploads/2019/12/Hudson-Featured.jpg
741	2019/12/i-28QQ42P-X2.jpg	2019/12/i-28QQ42P-X2.jpg	no	640	960		517		© Nadav Havakook	2020-01-06 02:24:54	https://www.streamlineusa.com/wp-content/uploads/2019/12/i-28QQ42P-X2.jpg
742	2019/12/i-8CgzbDC-X2.jpg	2019/12/i-8CgzbDC-X2.jpg	no	768	960		517		© Nadav Havakook	2020-01-06 02:24:57	https://www.streamlineusa.com/wp-content/uploads/2019/12/i-8CgzbDC-X2.jpg
743	2019/12/i-7HqhMqw-X2.jpg	2019/12/i-7HqhMqw-X2.jpg	no	640	960		517		© Nadav Havakook	2020-01-06 02:24:59	https://www.streamlineusa.com/wp-content/uploads/2019/12/i-7HqhMqw-X2.jpg
744	2019/12/i-Khm4Tpw-X2.jpg	2019/12/i-Khm4Tpw-X2.jpg	no	768	960		517		© Nadav Havakook	2020-01-06 02:25:01	https://www.streamlineusa.com/wp-content/uploads/2019/12/i-Khm4Tpw-X2.jpg
745	2019/12/i-pSZ2SP3-X3.jpg	2019/12/i-pSZ2SP3-X3.jpg	no	1600	1069		517		© Nadav Havakook	2020-01-06 02:25:03	https://www.streamlineusa.com/wp-content/uploads/2019/12/i-pSZ2SP3-X3.jpg
746	2019/12/i-tVwN3fB-X2.jpg	2019/12/i-tVwN3fB-X2.jpg	no	1280	854		517		© Nadav Havakook	2020-01-06 02:25:08	https://www.streamlineusa.com/wp-content/uploads/2019/12/i-tVwN3fB-X2.jpg
747	2019/12/i-CS9WgLM-X2.jpg	2019/12/i-CS9WgLM-X2.jpg	no	1280	854		517		© Nadav Havakook	2020-01-06 02:25:11	https://www.streamlineusa.com/wp-content/uploads/2019/12/i-CS9WgLM-X2.jpg
748	2019/12/i-WcQdmRm-X2.jpg	2019/12/i-WcQdmRm-X2.jpg	no	1142	960		517		© Nadav Havakook	2020-01-06 02:25:15	https://www.streamlineusa.com/wp-content/uploads/2019/12/i-WcQdmRm-X2.jpg
749	2019/12/i-Dpjk2Rc-X2.jpg	2019/12/i-Dpjk2Rc-X2.jpg	no	768	960		517		© Nadav Havakook	2020-01-06 02:25:19	https://www.streamlineusa.com/wp-content/uploads/2019/12/i-Dpjk2Rc-X2.jpg
750	2019/12/i-Nssb2GP-X2.jpg	2019/12/i-Nssb2GP-X2.jpg	no	640	960		517		© Nadav Havakook	2020-01-06 02:25:21	https://www.streamlineusa.com/wp-content/uploads/2019/12/i-Nssb2GP-X2.jpg
751	2019/12/i-NFgZ9Fs-X2.jpg	2019/12/i-NFgZ9Fs-X2.jpg	no	768	960		517		© Nadav Havakook	2020-01-06 02:25:23	https://www.streamlineusa.com/wp-content/uploads/2019/12/i-NFgZ9Fs-X2.jpg
752	2019/12/i-xTCMsVL-X2.jpg	2019/12/i-xTCMsVL-X2.jpg	no	1280	854		517		© Nadav Havakook	2020-01-06 02:25:25	https://www.streamlineusa.com/wp-content/uploads/2019/12/i-xTCMsVL-X2.jpg
753	2019/12/Hudson.jpg	2019/12/Hudson.jpg	no	1280	854		517		© Nadav Havakook	2020-01-06 02:25:29	https://www.streamlineusa.com/wp-content/uploads/2019/12/Hudson.jpg
755	2019/12/Hudson-Featured-1.jpg	2019/12/Hudson-Featured-1.jpg	no	1280	854		517		© Nadav Havakook	2020-01-06 02:26:48	https://www.streamlineusa.com/wp-content/uploads/2019/12/Hudson-Featured-1.jpg
758	2019/12/Streamline-USA-Hudson-St-Penthouse-4.36x2.25.jpg	2019/12/Streamline-USA-Hudson-St-Penthouse-4.36x2.25.jpg	no	1308	675		517		Streamline-USA-Hudson-St-Penthouse-4.36x2.25	2020-01-06 02:29:18	https://www.streamlineusa.com/wp-content/uploads/2019/12/Streamline-USA-Hudson-St-Penthouse-4.36x2.25.jpg
759	2019/12/Streamline-USA-Hudson-St-Penthouse-3.69x1.91.jpg	2019/12/Streamline-USA-Hudson-St-Penthouse-3.69x1.91.jpg	no	1107	576		517		Streamline-USA-Hudson-St-Penthouse-3.69x1.91	2020-01-06 02:29:29	https://www.streamlineusa.com/wp-content/uploads/2019/12/Streamline-USA-Hudson-St-Penthouse-3.69x1.91.jpg
760	2019/12/Streamline-USA-Hudson-St-Penthouse-3.39x2.25.jpg	2019/12/Streamline-USA-Hudson-St-Penthouse-3.39x2.25.jpg	no	1017	675		517		Streamline-USA-Hudson-St-Penthouse-3.39x2.25	2020-01-06 02:29:44	https://www.streamlineusa.com/wp-content/uploads/2019/12/Streamline-USA-Hudson-St-Penthouse-3.39x2.25.jpg
762	2019/12/20180215_Momofuku_Ko_0173b_WEB.jpg	2019/12/20180215_Momofuku_Ko_0173b_WEB.jpg	no	1500	1071		512		20180215_Momofuku_Ko_0173b_WEB	2020-01-06 02:31:36	https://www.streamlineusa.com/wp-content/uploads/2019/12/20180215_Momofuku_Ko_0173b_WEB.jpg
763	2019/12/20180215_Momofuku_Ko_0206_WEB.jpg	2019/12/20180215_Momofuku_Ko_0206_WEB.jpg	no	1500	1000		512		20180215_Momofuku_Ko_0206_WEB	2020-01-06 02:31:39	https://www.streamlineusa.com/wp-content/uploads/2019/12/20180215_Momofuku_Ko_0206_WEB.jpg
764	2019/12/20180215_Momofuku_Ko_0173_WEB.jpg	2019/12/20180215_Momofuku_Ko_0173_WEB.jpg	no	1500	1000		512		20180215_Momofuku_Ko_0173_WEB	2020-01-06 02:31:43	https://www.streamlineusa.com/wp-content/uploads/2019/12/20180215_Momofuku_Ko_0173_WEB.jpg
765	2019/12/20180215_Momofuku_Ko_0279_WEB.jpg	2019/12/20180215_Momofuku_Ko_0279_WEB.jpg	no	1500	1125		512		20180215_Momofuku_Ko_0279_WEB	2020-01-06 02:31:49	https://www.streamlineusa.com/wp-content/uploads/2019/12/20180215_Momofuku_Ko_0279_WEB.jpg
766	2019/12/20180215_Momofuku_Ko_0280_WEB.jpg	2019/12/20180215_Momofuku_Ko_0280_WEB.jpg	no	1500	1000		512		20180215_Momofuku_Ko_0280_WEB	2020-01-06 02:31:52	https://www.streamlineusa.com/wp-content/uploads/2019/12/20180215_Momofuku_Ko_0280_WEB.jpg
767	2019/12/20180215_Momofuku_Ko_0459_WEB.jpg	2019/12/20180215_Momofuku_Ko_0459_WEB.jpg	no	1500	1000		512		20180215_Momofuku_Ko_0459_WEB	2020-01-06 02:31:56	https://www.streamlineusa.com/wp-content/uploads/2019/12/20180215_Momofuku_Ko_0459_WEB.jpg
768	2019/12/20180215_Momofuku_Ko_0368_WEB.jpg	2019/12/20180215_Momofuku_Ko_0368_WEB.jpg	no	1500	1000		512		20180215_Momofuku_Ko_0368_WEB	2020-01-06 02:31:59	https://www.streamlineusa.com/wp-content/uploads/2019/12/20180215_Momofuku_Ko_0368_WEB.jpg
770	2019/12/BURGERLOBSTER6.jpg	2019/12/BURGERLOBSTER6.jpg	no	1200	800		509		BURGERLOBSTER6	2020-01-06 02:33:46	https://www.streamlineusa.com/wp-content/uploads/2019/12/BURGERLOBSTER6.jpg
771	2019/12/BURGERLOBSTER2.jpg	2019/12/BURGERLOBSTER2.jpg	no	1200	800		509		BURGERLOBSTER2	2020-01-06 02:33:49	https://www.streamlineusa.com/wp-content/uploads/2019/12/BURGERLOBSTER2.jpg
772	2019/12/BURGERLOBSTER7.jpg	2019/12/BURGERLOBSTER7.jpg	no	1200	800		509		BURGERLOBSTER7	2020-01-06 02:33:53	https://www.streamlineusa.com/wp-content/uploads/2019/12/BURGERLOBSTER7.jpg
773	2019/12/BURGERLOBSTER3.jpg	2019/12/BURGERLOBSTER3.jpg	no	1200	800		509		BURGERLOBSTER3	2020-01-06 02:33:57	https://www.streamlineusa.com/wp-content/uploads/2019/12/BURGERLOBSTER3.jpg
774	2019/12/BURGERLOBSTER5.jpg	2019/12/BURGERLOBSTER5.jpg	no	1200	800		509		BURGERLOBSTER5	2020-01-06 02:34:02	https://www.streamlineusa.com/wp-content/uploads/2019/12/BURGERLOBSTER5.jpg
775	2019/12/BURGERLOBSTER4.jpg	2019/12/BURGERLOBSTER4.jpg	no	1200	800		509		BURGERLOBSTER4	2020-01-06 02:34:06	https://www.streamlineusa.com/wp-content/uploads/2019/12/BURGERLOBSTER4.jpg
777	2019/12/16041_pr_springplace_5-5-1621784-3x2.jpg	2019/12/16041_pr_springplace_5-5-1621784-3x2.jpg	no	900	600		506		16041_pr_springplace_5-5-1621784-3x2	2020-01-06 02:36:01	https://www.streamlineusa.com/wp-content/uploads/2019/12/16041_pr_springplace_5-5-1621784-3x2.jpg
778	2019/12/16041_pr_springplace_5-5-1621823-3x3.jpg	2019/12/16041_pr_springplace_5-5-1621823-3x3.jpg	no	900	900		506		16041_pr_springplace_5-5-1621823-3x3	2020-01-06 02:36:04	https://www.streamlineusa.com/wp-content/uploads/2019/12/16041_pr_springplace_5-5-1621823-3x3.jpg
779	2019/12/16041_pr_springplace_5-5-1621884-3x2.jpg	2019/12/16041_pr_springplace_5-5-1621884-3x2.jpg	no	900	600		506		16041_pr_springplace_5-5-1621884-3x2	2020-01-06 02:36:07	https://www.streamlineusa.com/wp-content/uploads/2019/12/16041_pr_springplace_5-5-1621884-3x2.jpg
780	2019/12/8.75x2.25-spring-scaled.jpg	2019/12/8.75x2.25-spring.jpg	yes	2048	526		506		8.75x2.25-spring	2020-01-06 02:36:10	https://www.streamlineusa.com/wp-content/uploads/2019/12/8.75x2.25-spring-scaled.jpg
781	2019/12/Streamline-USA-Spring-Studios-29-3x2-1.jpg	2019/12/Streamline-USA-Spring-Studios-29-3x2-1.jpg	no	900	600		506		Streamline-USA-Spring-Studios-29-3x2 (1)	2020-01-06 02:36:17	https://www.streamlineusa.com/wp-content/uploads/2019/12/Streamline-USA-Spring-Studios-29-3x2-1.jpg
782	2019/12/Spring-Studio-Featured-1.jpg	2019/12/Spring-Studio-Featured-1.jpg	no	900	600		506		Spring Studio Featured	2020-01-06 02:36:20	https://www.streamlineusa.com/wp-content/uploads/2019/12/Spring-Studio-Featured-1.jpg
784	2019/12/Free-People-by-Streamline-USA-1.71x2.19.jpg	2019/12/Free-People-by-Streamline-USA-1.71x2.19.jpg	no	513	873		503		Free-People-by-Streamline-USA-1.71x2.19	2020-01-06 02:37:57	https://www.streamlineusa.com/wp-content/uploads/2019/12/Free-People-by-Streamline-USA-1.71x2.19.jpg
785	2019/12/Free-People-by-Streamline-USA-2.1x3.71.jpg	2019/12/Free-People-by-Streamline-USA-2.1x3.71.jpg	no	630	1113		503		Free-People-by-Streamline-USA-2.1x3.71	2020-01-06 02:37:59	https://www.streamlineusa.com/wp-content/uploads/2019/12/Free-People-by-Streamline-USA-2.1x3.71.jpg
786	2019/12/Free-People-by-Streamline-USA-5.65x4.11.jpg	2019/12/Free-People-by-Streamline-USA-5.65x4.11.jpg	no	1695	1233		503		Free-People-by-Streamline-USA-5.65x4.11	2020-01-06 02:38:02	https://www.streamlineusa.com/wp-content/uploads/2019/12/Free-People-by-Streamline-USA-5.65x4.11.jpg
790	2019/12/11OF11-VIVVI-F.OUDEMAN┬⌐-03-scaled.jpg	2019/12/11OF11-VIVVI-F.OUDEMAN┬⌐-03.jpg	yes	2048	1536		494		11OF11-VIVVI-F.OUDEMAN┬⌐-03	2020-01-06 02:46:08	https://www.streamlineusa.com/wp-content/uploads/2019/12/11OF11-VIVVI-F.OUDEMAN┬⌐-03-scaled.jpg
794	2019/12/11OF11-VIVVI-F.OUDEMAN┬⌐-13-2-scaled.jpg	2019/12/11OF11-VIVVI-F.OUDEMAN┬⌐-13-2.jpg	yes	2048	1536		494		11OF11-VIVVI-F.OUDEMAN┬⌐-13	2020-01-06 02:48:34	https://www.streamlineusa.com/wp-content/uploads/2019/12/11OF11-VIVVI-F.OUDEMAN┬⌐-13-2-scaled.jpg
795	2019/12/11OF11-VIVVI-FOUDEMAN03-scaled.jpg	2019/12/11OF11-VIVVI-FOUDEMAN03.jpg	yes	2048	1536		494		11OF11-VIVVI-FOUDEMAN03	2020-01-06 02:50:00	https://www.streamlineusa.com/wp-content/uploads/2019/12/11OF11-VIVVI-FOUDEMAN03-scaled.jpg
796	2019/12/11OF11-VIVVI-F.OUDEMAN11-scaled.jpg	2019/12/11OF11-VIVVI-F.OUDEMAN11.jpg	yes	2048	1536		494		11OF11-VIVVI-F.OUDEMAN11	2020-01-06 02:51:37	https://www.streamlineusa.com/wp-content/uploads/2019/12/11OF11-VIVVI-F.OUDEMAN11-scaled.jpg
797	2019/12/11OF11-VIVVI-F.OUDEMAN06-scaled.jpg	2019/12/11OF11-VIVVI-F.OUDEMAN06.jpg	yes	2048	1536		494		11OF11-VIVVI-F.OUDEMAN06	2020-01-06 02:52:46	https://www.streamlineusa.com/wp-content/uploads/2019/12/11OF11-VIVVI-F.OUDEMAN06-scaled.jpg
798	2019/12/11OF11-VIVVI-F.OUDEMAN09-scaled.jpg	2019/12/11OF11-VIVVI-F.OUDEMAN09.jpg	yes	2048	1536		494		11OF11-VIVVI-F.OUDEMAN09	2020-01-06 02:53:38	https://www.streamlineusa.com/wp-content/uploads/2019/12/11OF11-VIVVI-F.OUDEMAN09-scaled.jpg
799	2019/12/11OF11-VIVVI-F.OUDEMAN09-1-scaled.jpg	2019/12/11OF11-VIVVI-F.OUDEMAN09-1.jpg	yes	2048	1536		494		11OF11-VIVVI-F.OUDEMAN09	2020-01-06 02:54:03	https://www.streamlineusa.com/wp-content/uploads/2019/12/11OF11-VIVVI-F.OUDEMAN09-1-scaled.jpg
800	2019/12/11OF11-VIVVI-F.OUDEMAN10-scaled.jpg	2019/12/11OF11-VIVVI-F.OUDEMAN10.jpg	yes	2048	1536		494		11OF11-VIVVI-F.OUDEMAN10	2020-01-06 02:55:05	https://www.streamlineusa.com/wp-content/uploads/2019/12/11OF11-VIVVI-F.OUDEMAN10-scaled.jpg
803	2019/12/11OF11-VIVVI-F.OUDEMAN10-3-scaled.jpg	2019/12/11OF11-VIVVI-F.OUDEMAN10-3.jpg	yes	2048	1536		494		11OF11-VIVVI-F.OUDEMAN10	2020-01-06 02:56:34	https://www.streamlineusa.com/wp-content/uploads/2019/12/11OF11-VIVVI-F.OUDEMAN10-3-scaled.jpg
804	2019/12/11OF11-VIVVI-F.OUDEMAN12-scaled.jpg	2019/12/11OF11-VIVVI-F.OUDEMAN12.jpg	yes	2048	1536		494		11OF11-VIVVI-F.OUDEMAN12	2020-01-06 02:57:48	https://www.streamlineusa.com/wp-content/uploads/2019/12/11OF11-VIVVI-F.OUDEMAN12-scaled.jpg
806	2019/12/11OF11-VIVVI-F.OUDEMAN12-2-scaled.jpg	2019/12/11OF11-VIVVI-F.OUDEMAN12-2.jpg	yes	2048	1536		494		11OF11-VIVVI-F.OUDEMAN12	2020-01-06 02:58:48	https://www.streamlineusa.com/wp-content/uploads/2019/12/11OF11-VIVVI-F.OUDEMAN12-2-scaled.jpg
808	2019/12/SL-_-Hospitality-_-2-W21-_-KatTheo-3.125x3-2.jpg	2019/12/SL-_-Hospitality-_-2-W21-_-KatTheo-3.125x3-2.jpg	no	896	933		491		SL _ Hospitality _ 2 W21 _ KatTheo-3.125x3-2	2020-01-06 03:01:46	https://www.streamlineusa.com/wp-content/uploads/2019/12/SL-_-Hospitality-_-2-W21-_-KatTheo-3.125x3-2.jpg
809	2019/12/SL-_-Hospitality-_-2-W21-_-KatTheo-3.125x3-1.jpg	2019/12/SL-_-Hospitality-_-2-W21-_-KatTheo-3.125x3-1.jpg	no	1736	1667		491		SL _ Hospitality _ 2 W21 _ KatTheo-3.125x3-1	2020-01-06 03:01:51	https://www.streamlineusa.com/wp-content/uploads/2019/12/SL-_-Hospitality-_-2-W21-_-KatTheo-3.125x3-1.jpg
810	2019/12/SL-_-Hospitality-_-2-W21-_-KatTheo-8.175x3.65.jpg	2019/12/SL-_-Hospitality-_-2-W21-_-KatTheo-8.175x3.65.jpg	no	2048	854		491		SL _ Hospitality _ 2 W21 _ KatTheo-8.175x3.65	2020-01-06 03:01:59	https://www.streamlineusa.com/wp-content/uploads/2019/12/SL-_-Hospitality-_-2-W21-_-KatTheo-8.175x3.65.jpg
813	2019/12/Creme_Mint-Kitchen_HR-11-scaled.jpg	2019/12/Creme_Mint-Kitchen_HR-11.jpg	yes	2048	1366		443		Creme_Mint Kitchen_HR-11	2020-01-06 03:05:22	https://www.streamlineusa.com/wp-content/uploads/2019/12/Creme_Mint-Kitchen_HR-11-scaled.jpg
814	2019/12/Creme_Mint-Kitchen_HR-12-scaled.jpg	2019/12/Creme_Mint-Kitchen_HR-12.jpg	yes	2048	1366		443		Creme_Mint Kitchen_HR-12	2020-01-06 03:05:28	https://www.streamlineusa.com/wp-content/uploads/2019/12/Creme_Mint-Kitchen_HR-12-scaled.jpg
815	2019/12/Creme_Mint-Kitchen_HR-13-scaled.jpg	2019/12/Creme_Mint-Kitchen_HR-13.jpg	yes	2048	1366		443		Creme_Mint Kitchen_HR-13	2020-01-06 03:05:35	https://www.streamlineusa.com/wp-content/uploads/2019/12/Creme_Mint-Kitchen_HR-13-scaled.jpg
816	2019/12/Creme_Mint-Kitchen_HR-14-scaled.jpg	2019/12/Creme_Mint-Kitchen_HR-14.jpg	yes	2048	1366		443		Creme_Mint Kitchen_HR-14	2020-01-06 03:05:42	https://www.streamlineusa.com/wp-content/uploads/2019/12/Creme_Mint-Kitchen_HR-14-scaled.jpg
817	2019/12/Creme_Mint-Kitchen_HR-15-scaled.jpg	2019/12/Creme_Mint-Kitchen_HR-15.jpg	yes	2048	1366		443		Creme_Mint Kitchen_HR-15	2020-01-06 03:05:49	https://www.streamlineusa.com/wp-content/uploads/2019/12/Creme_Mint-Kitchen_HR-15-scaled.jpg
818	2019/12/Creme_Mint-Kitchen_HR-16-scaled.jpg	2019/12/Creme_Mint-Kitchen_HR-16.jpg	yes	2048	1366		443		Creme_Mint Kitchen_HR-16	2020-01-06 03:05:57	https://www.streamlineusa.com/wp-content/uploads/2019/12/Creme_Mint-Kitchen_HR-16-scaled.jpg
819	2019/12/Creme_Mint-Kitchen_HR-17-scaled.jpg	2019/12/Creme_Mint-Kitchen_HR-17.jpg	yes	1707	2560		443		Creme_Mint Kitchen_HR-17	2020-01-06 03:06:04	https://www.streamlineusa.com/wp-content/uploads/2019/12/Creme_Mint-Kitchen_HR-17-scaled.jpg
820	2019/12/Creme_Mint-Kitchen_HR-18-scaled.jpg	2019/12/Creme_Mint-Kitchen_HR-18.jpg	yes	1707	2560		443		Creme_Mint Kitchen_HR-18	2020-01-06 03:06:12	https://www.streamlineusa.com/wp-content/uploads/2019/12/Creme_Mint-Kitchen_HR-18-scaled.jpg
823	2019/12/Creme_Mint-Kitchen_HR-20-scaled.jpg	2019/12/Creme_Mint-Kitchen_HR-20.jpg	yes	1707	2560		443		Creme_Mint Kitchen_HR-20	2020-01-06 03:06:34	https://www.streamlineusa.com/wp-content/uploads/2019/12/Creme_Mint-Kitchen_HR-20-scaled.jpg
825	2019/12/Creme_Mint-Kitchen_HR-4-scaled.jpg	2019/12/Creme_Mint-Kitchen_HR-4.jpg	yes	1707	2560		443		Creme_Mint Kitchen_HR-4	2020-01-06 03:06:50	https://www.streamlineusa.com/wp-content/uploads/2019/12/Creme_Mint-Kitchen_HR-4-scaled.jpg
826	2019/12/Creme_Mint-Kitchen_HR-5-scaled.jpg	2019/12/Creme_Mint-Kitchen_HR-5.jpg	yes	1707	2560		443		Creme_Mint Kitchen_HR-5	2020-01-06 03:06:57	https://www.streamlineusa.com/wp-content/uploads/2019/12/Creme_Mint-Kitchen_HR-5-scaled.jpg
827	2019/12/Creme_Mint-Kitchen_HR-6-scaled.jpg	2019/12/Creme_Mint-Kitchen_HR-6.jpg	yes	1707	2560		443		Creme_Mint Kitchen_HR-6	2020-01-06 03:07:05	https://www.streamlineusa.com/wp-content/uploads/2019/12/Creme_Mint-Kitchen_HR-6-scaled.jpg
828	2019/12/Creme_Mint-Kitchen_HR-7-scaled.jpg	2019/12/Creme_Mint-Kitchen_HR-7.jpg	yes	1707	2560		443		Creme_Mint Kitchen_HR-7	2020-01-06 03:07:11	https://www.streamlineusa.com/wp-content/uploads/2019/12/Creme_Mint-Kitchen_HR-7-scaled.jpg
829	2019/12/Creme_Mint-Kitchen_HR-8-scaled.jpg	2019/12/Creme_Mint-Kitchen_HR-8.jpg	yes	1707	2560		443		Creme_Mint Kitchen_HR-8	2020-01-06 03:07:19	https://www.streamlineusa.com/wp-content/uploads/2019/12/Creme_Mint-Kitchen_HR-8-scaled.jpg
830	2019/12/Creme_Mint-Kitchen_HR-9-scaled.jpg	2019/12/Creme_Mint-Kitchen_HR-9.jpg	yes	1707	2560		443		Creme_Mint Kitchen_HR-9	2020-01-06 03:07:26	https://www.streamlineusa.com/wp-content/uploads/2019/12/Creme_Mint-Kitchen_HR-9-scaled.jpg
831	2019/12/Creme_Mint-Kitchen_HR-1-1-scaled.jpg	2019/12/Creme_Mint-Kitchen_HR-1-1.jpg	yes	2048	1365		443		Creme_Mint Kitchen_HR-1	2020-01-06 03:07:33	https://www.streamlineusa.com/wp-content/uploads/2019/12/Creme_Mint-Kitchen_HR-1-1-scaled.jpg
832	2019/12/Creme_Mint-Kitchen_HR-19-1-scaled.jpg	2019/12/Creme_Mint-Kitchen_HR-19-1.jpg	yes	1706	2560		443		Creme_Mint Kitchen_HR-19	2020-01-06 03:07:43	https://www.streamlineusa.com/wp-content/uploads/2019/12/Creme_Mint-Kitchen_HR-19-1-scaled.jpg
833	2019/12/Creme_Mint-Kitchen_HR-3-1-scaled.jpg	2019/12/Creme_Mint-Kitchen_HR-3-1.jpg	yes	2048	1365		443		Creme_Mint Kitchen_HR-3	2020-01-06 03:07:59	https://www.streamlineusa.com/wp-content/uploads/2019/12/Creme_Mint-Kitchen_HR-3-1-scaled.jpg
834	2019/12/Creme_Mint-Kitchen_HR-9-1-scaled.jpg	2019/12/Creme_Mint-Kitchen_HR-9-1.jpg	yes	1706	2560		443		Creme_Mint Kitchen_HR-9	2020-01-06 03:08:11	https://www.streamlineusa.com/wp-content/uploads/2019/12/Creme_Mint-Kitchen_HR-9-1-scaled.jpg
837	2019/12/Boqueria_West40_0518_LizClayman_210-scaled.jpg	2019/12/Boqueria_West40_0518_LizClayman_210.jpg	yes	1710	2560		439		Boqueria_West40_0518_LizClayman_210	2020-01-06 03:13:10	https://www.streamlineusa.com/wp-content/uploads/2019/12/Boqueria_West40_0518_LizClayman_210-scaled.jpg
838	2019/12/Boqueria_West40_0518_LizClayman_211-scaled.jpg	2019/12/Boqueria_West40_0518_LizClayman_211.jpg	yes	2048	1367		439		Boqueria_West40_0518_LizClayman_211	2020-01-06 03:13:19	https://www.streamlineusa.com/wp-content/uploads/2019/12/Boqueria_West40_0518_LizClayman_211-scaled.jpg
839	2019/12/Boqueria_West40_0518_LizClayman_212-scaled.jpg	2019/12/Boqueria_West40_0518_LizClayman_212.jpg	yes	2048	1367		439		Boqueria_West40_0518_LizClayman_212	2020-01-06 03:13:29	https://www.streamlineusa.com/wp-content/uploads/2019/12/Boqueria_West40_0518_LizClayman_212-scaled.jpg
840	2019/12/Boqueria_West40_0518_LizClayman_003-scaled.jpg	2019/12/Boqueria_West40_0518_LizClayman_003.jpg	yes	2048	1367		439		Boqueria_West40_0518_LizClayman_003	2020-01-06 03:13:42	https://www.streamlineusa.com/wp-content/uploads/2019/12/Boqueria_West40_0518_LizClayman_003-scaled.jpg
841	2019/12/Boqueria_West40_0518_LizClayman_128-scaled.jpg	2019/12/Boqueria_West40_0518_LizClayman_128.jpg	yes	2048	1367		439		Boqueria_West40_0518_LizClayman_128	2020-01-06 03:13:49	https://www.streamlineusa.com/wp-content/uploads/2019/12/Boqueria_West40_0518_LizClayman_128-scaled.jpg
842	2019/12/Boqueria_West40_0518_LizClayman_147-scaled.jpg	2019/12/Boqueria_West40_0518_LizClayman_147.jpg	yes	2048	1367		439		Boqueria_West40_0518_LizClayman_147	2020-01-06 03:13:54	https://www.streamlineusa.com/wp-content/uploads/2019/12/Boqueria_West40_0518_LizClayman_147-scaled.jpg
843	2019/12/Boqueria_West40_0518_LizClayman_197-scaled.jpg	2019/12/Boqueria_West40_0518_LizClayman_197.jpg	yes	1709	2560		439		Boqueria_West40_0518_LizClayman_197	2020-01-06 03:13:59	https://www.streamlineusa.com/wp-content/uploads/2019/12/Boqueria_West40_0518_LizClayman_197-scaled.jpg
844	2019/12/Boqueria_West40_0518_LizClayman_203-scaled.jpg	2019/12/Boqueria_West40_0518_LizClayman_203.jpg	yes	2048	1368		439		Boqueria_West40_0518_LizClayman_203	2020-01-06 03:14:12	https://www.streamlineusa.com/wp-content/uploads/2019/12/Boqueria_West40_0518_LizClayman_203-scaled.jpg
845	2019/12/Boqueria_West40_0518_LizClayman_206-scaled.jpg	2019/12/Boqueria_West40_0518_LizClayman_206.jpg	yes	2048	1367		439		Boqueria_West40_0518_LizClayman_206	2020-01-06 03:14:30	https://www.streamlineusa.com/wp-content/uploads/2019/12/Boqueria_West40_0518_LizClayman_206-scaled.jpg
846	2019/12/Boqueria_West40_0518_LizClayman_209-scaled.jpg	2019/12/Boqueria_West40_0518_LizClayman_209.jpg	yes	2048	1367		439		Boqueria_West40_0518_LizClayman_209	2020-01-06 03:14:41	https://www.streamlineusa.com/wp-content/uploads/2019/12/Boqueria_West40_0518_LizClayman_209-scaled.jpg
847	2019/12/Boqueria_West40_0518_LizClayman_203-1-scaled.jpg	2019/12/Boqueria_West40_0518_LizClayman_203-1.jpg	yes	2048	1367		439		Boqueria_West40_0518_LizClayman_203	2020-01-06 03:17:36	https://www.streamlineusa.com/wp-content/uploads/2019/12/Boqueria_West40_0518_LizClayman_203-1-scaled.jpg
848	2019/12/Boqueria_West40_0518_LizClayman_197-1-scaled.jpg	2019/12/Boqueria_West40_0518_LizClayman_197-1.jpg	yes	1708	2560		439		Boqueria_West40_0518_LizClayman_197	2020-01-06 03:20:14	https://www.streamlineusa.com/wp-content/uploads/2019/12/Boqueria_West40_0518_LizClayman_197-1-scaled.jpg
849	2019/12/Boqueria_West40_0518_LizClayman_147-1-scaled.jpg	2019/12/Boqueria_West40_0518_LizClayman_147-1.jpg	yes	2048	1367		439		Boqueria_West40_0518_LizClayman_147	2020-01-06 03:20:51	https://www.streamlineusa.com/wp-content/uploads/2019/12/Boqueria_West40_0518_LizClayman_147-1-scaled.jpg
850	2019/12/Boqueria_West40_0518_LizClayman_128-1-scaled.jpg	2019/12/Boqueria_West40_0518_LizClayman_128-1.jpg	yes	2048	1367		439		Boqueria_West40_0518_LizClayman_128	2020-01-06 03:21:28	https://www.streamlineusa.com/wp-content/uploads/2019/12/Boqueria_West40_0518_LizClayman_128-1-scaled.jpg
852	2019/12/SUGARCANE2.jpg	2019/12/SUGARCANE2.jpg	no	1200	800		436		SUGARCANE2	2020-01-06 03:23:57	https://www.streamlineusa.com/wp-content/uploads/2019/12/SUGARCANE2.jpg
853	2019/12/SUGARCANE3.jpg	2019/12/SUGARCANE3.jpg	no	1200	800		436		SUGARCANE3	2020-01-06 03:24:02	https://www.streamlineusa.com/wp-content/uploads/2019/12/SUGARCANE3.jpg
854	2019/12/SUGARCANE9.jpg	2019/12/SUGARCANE9.jpg	no	923	1200		436		SUGARCANE9	2020-01-06 03:24:06	https://www.streamlineusa.com/wp-content/uploads/2019/12/SUGARCANE9.jpg
855	2019/12/SUGARCANE6.jpg	2019/12/SUGARCANE6.jpg	no	800	1200		436		SUGARCANE6	2020-01-06 03:24:10	https://www.streamlineusa.com/wp-content/uploads/2019/12/SUGARCANE6.jpg
856	2019/12/SUGARCANE4.jpg	2019/12/SUGARCANE4.jpg	no	1200	800		436		SUGARCANE4	2020-01-06 03:24:13	https://www.streamlineusa.com/wp-content/uploads/2019/12/SUGARCANE4.jpg
857	2019/12/SUGARCANE1-1.jpg	2019/12/SUGARCANE1-1.jpg	no	1500	1000		436		SUGARCANE1	2020-01-06 03:24:17	https://www.streamlineusa.com/wp-content/uploads/2019/12/SUGARCANE1-1.jpg
858	2019/12/SUGARCANE7.jpg	2019/12/SUGARCANE7.jpg	no	1200	1079		436		SUGARCANE7	2020-01-06 03:24:21	https://www.streamlineusa.com/wp-content/uploads/2019/12/SUGARCANE7.jpg
859	2019/12/SUGARCANE8.jpg	2019/12/SUGARCANE8.jpg	no	1500	1000		436		SUGARCANE8	2020-01-06 03:24:25	https://www.streamlineusa.com/wp-content/uploads/2019/12/SUGARCANE8.jpg
861	2019/12/OPRY5.jpg	2019/12/OPRY5.jpg	no	480	312		433		OPRY5	2020-01-06 03:26:47	https://www.streamlineusa.com/wp-content/uploads/2019/12/OPRY5.jpg
862	2019/12/OPRY10.jpg	2019/12/OPRY10.jpg	no	1800	1200		433		OPRY10	2020-01-06 03:26:51	https://www.streamlineusa.com/wp-content/uploads/2019/12/OPRY10.jpg
863	2019/12/OPRY11.jpg	2019/12/OPRY11.jpg	no	1800	1200		433		OPRY11	2020-01-06 03:26:57	https://www.streamlineusa.com/wp-content/uploads/2019/12/OPRY11.jpg
864	2019/12/OPRY2.jpg	2019/12/OPRY2.jpg	no	1800	1200		433		OPRY2	2020-01-06 03:27:03	https://www.streamlineusa.com/wp-content/uploads/2019/12/OPRY2.jpg
865	2019/12/OPRY3.jpg	2019/12/OPRY3.jpg	no	1800	1200		433		OPRY3	2020-01-06 03:27:09	https://www.streamlineusa.com/wp-content/uploads/2019/12/OPRY3.jpg
866	2019/12/OPRY4.jpg	2019/12/OPRY4.jpg	no	1800	1200		433		OPRY4	2020-01-06 03:27:16	https://www.streamlineusa.com/wp-content/uploads/2019/12/OPRY4.jpg
867	2019/12/OPRY6.jpg	2019/12/OPRY6.jpg	no	1800	1200		433		OPRY6	2020-01-06 03:27:22	https://www.streamlineusa.com/wp-content/uploads/2019/12/OPRY6.jpg
868	2019/12/OPRY7.jpg	2019/12/OPRY7.jpg	no	1800	1200		433		OPRY7	2020-01-06 03:27:27	https://www.streamlineusa.com/wp-content/uploads/2019/12/OPRY7.jpg
869	2019/12/OPRY8.jpg	2019/12/OPRY8.jpg	no	1800	1200		433		OPRY8	2020-01-06 03:27:33	https://www.streamlineusa.com/wp-content/uploads/2019/12/OPRY8.jpg
870	2019/12/OPRY9.jpg	2019/12/OPRY9.jpg	no	1800	1200		433		OPRY9	2020-01-06 03:27:39	https://www.streamlineusa.com/wp-content/uploads/2019/12/OPRY9.jpg
921	2019/12/Vivvi-scaled.jpg	2019/12/Vivvi.jpg	yes	2048	1536		494		Vivvi	2020-01-19 22:26:56	https://www.streamlineusa.com/wp-content/uploads/2019/12/Vivvi-scaled.jpg
922	2019/12/Vivvi-1-scaled.jpg	2019/12/Vivvi-1.jpg	yes	2048	1536		494		Vivvi	2020-01-19 22:27:35	https://www.streamlineusa.com/wp-content/uploads/2019/12/Vivvi-1-scaled.jpg
923	2019/12/Vivvi-2-scaled.jpg	2019/12/Vivvi-2.jpg	yes	2048	1535		494		Vivvi	2020-01-19 22:28:07	https://www.streamlineusa.com/wp-content/uploads/2019/12/Vivvi-2-scaled.jpg
924	2019/12/Vivvi-3-scaled.jpg	2019/12/Vivvi-3.jpg	yes	2048	1536		494		Vivvi	2020-01-19 22:28:34	https://www.streamlineusa.com/wp-content/uploads/2019/12/Vivvi-3-scaled.jpg
925	2019/12/Vivvi-8-scaled.jpg	2019/12/Vivvi-8.jpg	yes	2048	1536		494		Vivvi 8	2020-01-19 22:30:34	https://www.streamlineusa.com/wp-content/uploads/2019/12/Vivvi-8-scaled.jpg
926	2019/12/Vivvi-7-scaled.jpg	2019/12/Vivvi-7.jpg	yes	2048	1536		494		Vivvi 7	2020-01-19 22:33:15	https://www.streamlineusa.com/wp-content/uploads/2019/12/Vivvi-7-scaled.jpg
927	2019/12/Vivvi-6-scaled.jpg	2019/12/Vivvi-6.jpg	yes	2048	1536		494		Vivvi 6	2020-01-19 22:34:41	https://www.streamlineusa.com/wp-content/uploads/2019/12/Vivvi-6-scaled.jpg
929	2019/12/Vivvi-5-scaled.jpg	2019/12/Vivvi-5.jpg	yes	2048	1536		494		Vivvi 5	2020-01-19 22:36:20	https://www.streamlineusa.com/wp-content/uploads/2019/12/Vivvi-5-scaled.jpg
930	2019/12/Vivvi-2-1-scaled.jpg	2019/12/Vivvi-2-1.jpg	yes	2048	1535		494		Vivvi 2	2020-01-19 22:37:59	https://www.streamlineusa.com/wp-content/uploads/2019/12/Vivvi-2-1-scaled.jpg
931	2019/12/Vivvi-2-2-scaled.jpg	2019/12/Vivvi-2-2.jpg	yes	2048	1536		494		Vivvi 2 2	2020-01-19 22:40:22	https://www.streamlineusa.com/wp-content/uploads/2019/12/Vivvi-2-2-scaled.jpg
934	2020/01/streamline-logo-scaled.png	2020/01/streamline-logo-scaled.png	no	2048	566		0		streamline-logo	2020-01-25 23:33:20	https://www.streamlineusa.com/wp-content/uploads/2020/01/streamline-logo-scaled.png
946	2020/01/hotel-logo.jpg	2020/01/hotel-logo.jpg	no	162	30		0		hotel-logo.jpg	2020-01-26 01:05:23	https://www.streamlineusa.com/wp-content/uploads/2020/01/hotel-logo.jpg
947	2020/01/13.jpg	2020/01/13.jpg	no	1600	520		0		13.jpg	2020-01-26 01:05:24	https://www.streamlineusa.com/wp-content/uploads/2020/01/13.jpg
948	2020/01/14.jpg	2020/01/14.jpg	no	1600	520		0		14.jpg	2020-01-26 01:05:26	https://www.streamlineusa.com/wp-content/uploads/2020/01/14.jpg
949	2020/01/14-1.jpg	2020/01/14-1.jpg	no	1600	520		0		14.jpg	2020-01-26 01:05:28	https://www.streamlineusa.com/wp-content/uploads/2020/01/14-1.jpg
950	2020/01/11.jpg	2020/01/11.jpg	no	1600	520		0		11.jpg	2020-01-26 01:05:30	https://www.streamlineusa.com/wp-content/uploads/2020/01/11.jpg
951	2020/01/11-1.jpg	2020/01/11-1.jpg	no	1600	520		0		11.jpg	2020-01-26 01:05:31	https://www.streamlineusa.com/wp-content/uploads/2020/01/11-1.jpg
952	2020/01/16.jpg	2020/01/16.jpg	no	1600	520		0		16.jpg	2020-01-26 01:05:34	https://www.streamlineusa.com/wp-content/uploads/2020/01/16.jpg
953	2020/01/16-1.jpg	2020/01/16-1.jpg	no	1600	520		0		16.jpg	2020-01-26 01:05:35	https://www.streamlineusa.com/wp-content/uploads/2020/01/16-1.jpg
954	2020/01/12.jpg	2020/01/12.jpg	no	1600	520		0		12.jpg	2020-01-26 01:05:37	https://www.streamlineusa.com/wp-content/uploads/2020/01/12.jpg
955	2020/01/12-1.jpg	2020/01/12-1.jpg	no	1600	520		0		12.jpg	2020-01-26 01:05:39	https://www.streamlineusa.com/wp-content/uploads/2020/01/12-1.jpg
956	2020/01/15.jpg	2020/01/15.jpg	no	1600	520		0		15.jpg	2020-01-26 01:05:41	https://www.streamlineusa.com/wp-content/uploads/2020/01/15.jpg
957	2020/01/15-1.jpg	2020/01/15-1.jpg	no	1600	520		0		15.jpg	2020-01-26 01:05:43	https://www.streamlineusa.com/wp-content/uploads/2020/01/15-1.jpg
958	2020/01/q1-2.png	2020/01/q1-2.png	no	128	128		0		q1-2.png	2020-01-26 01:05:45	https://www.streamlineusa.com/wp-content/uploads/2020/01/q1-2.png
959	2020/01/q2-3.png	2020/01/q2-3.png	no	128	128		0		q2-3.png	2020-01-26 01:05:46	https://www.streamlineusa.com/wp-content/uploads/2020/01/q2-3.png
960	2020/01/q3-2.png	2020/01/q3-2.png	no	128	128		0		q3-2.png	2020-01-26 01:05:47	https://www.streamlineusa.com/wp-content/uploads/2020/01/q3-2.png
961	2020/01/q3-2-1.png	2020/01/q3-2-1.png	no	128	128		0		q3-2.png	2020-01-26 01:05:47	https://www.streamlineusa.com/wp-content/uploads/2020/01/q3-2-1.png
962	2020/01/20-1.jpg	2020/01/20-1.jpg	no	1600	600		0		20-1.jpg	2020-01-26 01:05:47	https://www.streamlineusa.com/wp-content/uploads/2020/01/20-1.jpg
963	2020/01/20-1-1.jpg	2020/01/20-1-1.jpg	no	1600	600		0		20-1.jpg	2020-01-26 01:05:48	https://www.streamlineusa.com/wp-content/uploads/2020/01/20-1-1.jpg
964	2020/01/q5.png	2020/01/q5.png	no	575	590		0		q5.png	2020-01-26 01:05:50	https://www.streamlineusa.com/wp-content/uploads/2020/01/q5.png
965	2020/01/q5-1.png	2020/01/q5-1.png	no	575	590		0		q5.png	2020-01-26 01:05:51	https://www.streamlineusa.com/wp-content/uploads/2020/01/q5-1.png
966	2020/01/25-1.png	2020/01/25-1.png	no	1924	800		0		25-1.png	2020-01-26 01:05:51	https://www.streamlineusa.com/wp-content/uploads/2020/01/25-1.png
967	2020/01/25-1-1.png	2020/01/25-1-1.png	no	1924	800		0		25-1.png	2020-01-26 01:05:52	https://www.streamlineusa.com/wp-content/uploads/2020/01/25-1-1.png
968	2020/01/21-1.jpg	2020/01/21-1.jpg	no	1600	600		0		21-1.jpg	2020-01-26 01:05:57	https://www.streamlineusa.com/wp-content/uploads/2020/01/21-1.jpg
969	2020/01/21-1-1.jpg	2020/01/21-1-1.jpg	no	1600	600		0		21-1.jpg	2020-01-26 01:05:58	https://www.streamlineusa.com/wp-content/uploads/2020/01/21-1-1.jpg
970	2020/01/logo2.png	2020/01/logo2.png	no	517	96		0		logo2.png	2020-01-26 01:06:00	https://www.streamlineusa.com/wp-content/uploads/2020/01/logo2.png
971	2020/01/logo2-1.png	2020/01/logo2-1.png	no	517	96		0		logo2.png	2020-01-26 01:06:01	https://www.streamlineusa.com/wp-content/uploads/2020/01/logo2-1.png
990	2019/12/DSC_0062-scaled.jpg	2019/12/DSC_0062.jpg	yes	2048	1366		436		DSC_0062	2020-02-02 22:47:03	https://www.streamlineusa.com/wp-content/uploads/2019/12/DSC_0062-scaled.jpg
991	2019/12/DSC_0062-1-scaled.jpg	2019/12/DSC_0062-1.jpg	yes	2048	1366		436		DSC_0062	2020-02-02 22:47:41	https://www.streamlineusa.com/wp-content/uploads/2019/12/DSC_0062-1-scaled.jpg
992	2019/12/DSC_0049-scaled.jpg	2019/12/DSC_0049.jpg	yes	2048	1366		436		DSC_0049	2020-02-02 22:49:52	https://www.streamlineusa.com/wp-content/uploads/2019/12/DSC_0049-scaled.jpg
993	2019/12/DSC_0048-scaled.jpg	2019/12/DSC_0048.jpg	yes	2048	1366		436		DSC_0048	2020-02-02 22:51:13	https://www.streamlineusa.com/wp-content/uploads/2019/12/DSC_0048-scaled.jpg
994	2019/12/DSC_0064-scaled.jpg	2019/12/DSC_0064.jpg	yes	2048	1366		436		DSC_0064	2020-02-02 22:52:02	https://www.streamlineusa.com/wp-content/uploads/2019/12/DSC_0064-scaled.jpg
995	2019/12/DSC_0058-scaled.jpg	2019/12/DSC_0058.jpg	yes	2048	1366		436		DSC_0058	2020-02-02 22:52:12	https://www.streamlineusa.com/wp-content/uploads/2019/12/DSC_0058-scaled.jpg
996	2019/12/DSC_0059-scaled.jpg	2019/12/DSC_0059.jpg	yes	2048	1366		436		DSC_0059	2020-02-02 22:52:19	https://www.streamlineusa.com/wp-content/uploads/2019/12/DSC_0059-scaled.jpg
997	2019/12/DSC_0065-scaled.jpg	2019/12/DSC_0065.jpg	yes	2048	1366		436		DSC_0065	2020-02-02 22:52:27	https://www.streamlineusa.com/wp-content/uploads/2019/12/DSC_0065-scaled.jpg
998	2019/12/DSC_0057-scaled.jpg	2019/12/DSC_0057.jpg	yes	2048	1366		436		DSC_0057	2020-02-02 22:52:34	https://www.streamlineusa.com/wp-content/uploads/2019/12/DSC_0057-scaled.jpg
999	2019/12/DSC_0056-scaled.jpg	2019/12/DSC_0056.jpg	yes	2048	1366		436		DSC_0056	2020-02-02 22:52:42	https://www.streamlineusa.com/wp-content/uploads/2019/12/DSC_0056-scaled.jpg
1000	2019/12/DSC_0054-scaled.jpg	2019/12/DSC_0054.jpg	yes	2048	1366		436		DSC_0054	2020-02-02 22:52:49	https://www.streamlineusa.com/wp-content/uploads/2019/12/DSC_0054-scaled.jpg
1001	2019/12/DSC_0055-scaled.jpg	2019/12/DSC_0055.jpg	yes	2048	1366		436		DSC_0055	2020-02-02 22:52:57	https://www.streamlineusa.com/wp-content/uploads/2019/12/DSC_0055-scaled.jpg
1002	2019/12/DSC_0052-scaled.jpg	2019/12/DSC_0052.jpg	yes	2048	1366		436		DSC_0052	2020-02-02 22:53:03	https://www.streamlineusa.com/wp-content/uploads/2019/12/DSC_0052-scaled.jpg
1003	2019/12/DSC_0047-scaled.jpg	2019/12/DSC_0047.jpg	yes	2048	1366		436		DSC_0047	2020-02-02 22:53:10	https://www.streamlineusa.com/wp-content/uploads/2019/12/DSC_0047-scaled.jpg
1008	2019/12/Screen-Shot-2016-03-02-at-1.48.10-PM.jpg	2019/12/Screen-Shot-2016-03-02-at-1.48.10-PM.jpg	no	1874	1236		491		Screen Shot 2016-03-02 at 1.48.10 PM	2020-02-02 23:00:09	https://www.streamlineusa.com/wp-content/uploads/2019/12/Screen-Shot-2016-03-02-at-1.48.10-PM.jpg
1009	2019/12/Screen-Shot-2016-03-02-at-1.48.15-PM.jpg	2019/12/Screen-Shot-2016-03-02-at-1.48.15-PM.jpg	no	1866	1236		491		Screen Shot 2016-03-02 at 1.48.15 PM	2020-02-02 23:00:13	https://www.streamlineusa.com/wp-content/uploads/2019/12/Screen-Shot-2016-03-02-at-1.48.15-PM.jpg
1010	2019/12/Screen-Shot-2016-03-02-at-1.48.02-PM.jpg	2019/12/Screen-Shot-2016-03-02-at-1.48.02-PM.jpg	no	1860	1236		491		Screen Shot 2016-03-02 at 1.48.02 PM	2020-02-02 23:00:18	https://www.streamlineusa.com/wp-content/uploads/2019/12/Screen-Shot-2016-03-02-at-1.48.02-PM.jpg
1011	2019/12/Screen-Shot-2016-03-02-at-1.48.46-PM-1.jpg	2019/12/Screen-Shot-2016-03-02-at-1.48.46-PM-1.jpg	no	818	1222		491		Screen Shot 2016-03-02 at 1.48.46 PM (1)	2020-02-02 23:00:22	https://www.streamlineusa.com/wp-content/uploads/2019/12/Screen-Shot-2016-03-02-at-1.48.46-PM-1.jpg
1012	2019/12/Screen-Shot-2016-03-02-at-1.48.52-PM.jpg	2019/12/Screen-Shot-2016-03-02-at-1.48.52-PM.jpg	no	1854	1230		491		Screen Shot 2016-03-02 at 1.48.52 PM	2020-02-02 23:00:26	https://www.streamlineusa.com/wp-content/uploads/2019/12/Screen-Shot-2016-03-02-at-1.48.52-PM.jpg
1013	2019/12/Screen-Shot-2016-03-02-at-1.48.29-PM.jpg	2019/12/Screen-Shot-2016-03-02-at-1.48.29-PM.jpg	no	820	1238		491		Screen Shot 2016-03-02 at 1.48.29 PM	2020-02-02 23:00:31	https://www.streamlineusa.com/wp-content/uploads/2019/12/Screen-Shot-2016-03-02-at-1.48.29-PM.jpg
1016	2019/12/IMG_3445-scaled.jpg	2019/12/IMG_3445.jpg	yes	1920	2560		503		IMG_3445	2020-02-02 23:02:27	https://www.streamlineusa.com/wp-content/uploads/2019/12/IMG_3445-scaled.jpg
1017	2019/12/IMG_3444-scaled.jpg	2019/12/IMG_3444.jpg	yes	1920	2560		503		IMG_3444	2020-02-02 23:02:32	https://www.streamlineusa.com/wp-content/uploads/2019/12/IMG_3444-scaled.jpg
1018	2019/12/Free-People-by-Streamline-USA-1.71x2.0.jpg	2019/12/Free-People-by-Streamline-USA-1.71x2.0.jpg	no	513	601		503		Free-People-by-Streamline-USA-1.71x2.0	2020-02-02 23:03:12	https://www.streamlineusa.com/wp-content/uploads/2019/12/Free-People-by-Streamline-USA-1.71x2.0.jpg
1019	2019/12/Free-People-by-Streamline-USA-1.71x2.19-1.jpg	2019/12/Free-People-by-Streamline-USA-1.71x2.19-1.jpg	no	513	873		503		Free-People-by-Streamline-USA-1.71x2.19	2020-02-02 23:03:14	https://www.streamlineusa.com/wp-content/uploads/2019/12/Free-People-by-Streamline-USA-1.71x2.19-1.jpg
1020	2019/12/Free-People-by-Streamline-USA-2.1x3.71-1.jpg	2019/12/Free-People-by-Streamline-USA-2.1x3.71-1.jpg	no	630	1113		503		Free-People-by-Streamline-USA-2.1x3.71	2020-02-02 23:03:16	https://www.streamlineusa.com/wp-content/uploads/2019/12/Free-People-by-Streamline-USA-2.1x3.71-1.jpg
1021	2019/12/Free-People-by-Streamline-USA-3.69x4.36.jpg	2019/12/Free-People-by-Streamline-USA-3.69x4.36.jpg	no	1107	1309		503		Free-People-by-Streamline-USA-3.69x4.36	2020-02-02 23:03:19	https://www.streamlineusa.com/wp-content/uploads/2019/12/Free-People-by-Streamline-USA-3.69x4.36.jpg
1022	2019/12/Free-People-by-Streamline-USA-5.65x4.11-1.jpg	2019/12/Free-People-by-Streamline-USA-5.65x4.11-1.jpg	no	1695	1233		503		Free-People-by-Streamline-USA-5.65x4.11	2020-02-02 23:03:25	https://www.streamlineusa.com/wp-content/uploads/2019/12/Free-People-by-Streamline-USA-5.65x4.11-1.jpg
1023	2020/02/logo-@2x-free-img.png	2020/02/logo-@2x-free-img.png	no	494	160		0		logo-@2x-free-img	2020-02-02 23:04:51	https://www.streamlineusa.com/wp-content/uploads/2020/02/logo-@2x-free-img.png
1025	2020/02/logo-regular-free-img.png	2020/02/logo-regular-free-img.png	no	247	80		0		logo-regular-free-img	2020-02-02 23:04:55	https://www.streamlineusa.com/wp-content/uploads/2020/02/logo-regular-free-img.png
1029	2019/12/IMG_1210-scaled.jpg	2019/12/IMG_1210.jpg	yes	1920	2560		555		IMG_1210	2020-02-02 23:07:04	https://www.streamlineusa.com/wp-content/uploads/2019/12/IMG_1210-scaled.jpg
1030	2019/12/IMG_1211-scaled.jpg	2019/12/IMG_1211.jpg	yes	1920	2560		555		IMG_1211	2020-02-02 23:07:15	https://www.streamlineusa.com/wp-content/uploads/2019/12/IMG_1211-scaled.jpg
1031	2019/12/IMG_1213-scaled.jpg	2019/12/IMG_1213.jpg	yes	1920	2560		555		IMG_1213	2020-02-02 23:07:26	https://www.streamlineusa.com/wp-content/uploads/2019/12/IMG_1213-scaled.jpg
1032	2019/12/IMG_1212-scaled.jpg	2019/12/IMG_1212.jpg	yes	1920	2560		555		IMG_1212	2020-02-02 23:07:38	https://www.streamlineusa.com/wp-content/uploads/2019/12/IMG_1212-scaled.jpg
1033	2019/12/IMG_1216-scaled.jpg	2019/12/IMG_1216.jpg	yes	1920	2560		555		IMG_1216	2020-02-02 23:07:53	https://www.streamlineusa.com/wp-content/uploads/2019/12/IMG_1216-scaled.jpg
1034	2019/12/IMG_1217-scaled.jpg	2019/12/IMG_1217.jpg	yes	1920	2560		555		IMG_1217	2020-02-02 23:08:04	https://www.streamlineusa.com/wp-content/uploads/2019/12/IMG_1217-scaled.jpg
1035	2019/12/IMG_1215-scaled.jpg	2019/12/IMG_1215.jpg	yes	1920	2560		555		IMG_1215	2020-02-02 23:08:19	https://www.streamlineusa.com/wp-content/uploads/2019/12/IMG_1215-scaled.jpg
1039	2019/12/IMG_1214-scaled.jpg	2019/12/IMG_1214.jpg	yes	1920	2560		555		IMG_1214	2020-02-02 23:08:33	https://www.streamlineusa.com/wp-content/uploads/2019/12/IMG_1214-scaled.jpg
1040	2019/12/IMG_1221-scaled.jpg	2019/12/IMG_1221.jpg	yes	1920	2560		555		IMG_1221	2020-02-02 23:08:42	https://www.streamlineusa.com/wp-content/uploads/2019/12/IMG_1221-scaled.jpg
1042	2019/12/SL-_-Commercial-Indeed-05-2x2.155-1.jpg	2019/12/SL-_-Commercial-Indeed-05-2x2.155-1.jpg	no	646	600		555		SL _ Commercial - Indeed-05-2x2.155	2020-02-02 23:12:57	https://www.streamlineusa.com/wp-content/uploads/2019/12/SL-_-Commercial-Indeed-05-2x2.155-1.jpg
1043	2019/12/SL-_-Commercial-Indeed-06-3x2-1.jpg	2019/12/SL-_-Commercial-Indeed-06-3x2-1.jpg	no	1436	599		555		SL _ Commercial - Indeed-06-3x2	2020-02-02 23:12:59	https://www.streamlineusa.com/wp-content/uploads/2019/12/SL-_-Commercial-Indeed-06-3x2-1.jpg
1044	2019/12/SL-_-Commercial-Indeed-03-2.155x3.445.jpg	2019/12/SL-_-Commercial-Indeed-03-2.155x3.445.jpg	no	1034	647		555		SL _ Commercial - Indeed-03-2.155x3.445	2020-02-02 23:13:03	https://www.streamlineusa.com/wp-content/uploads/2019/12/SL-_-Commercial-Indeed-03-2.155x3.445.jpg
1045	2019/12/SL-_-Commercial-Indeed-01-4x5.65-1.jpg	2019/12/SL-_-Commercial-Indeed-01-4x5.65-1.jpg	no	1695	1200		555		SL _ Commercial - Indeed-01-4x5.65	2020-02-02 23:13:07	https://www.streamlineusa.com/wp-content/uploads/2019/12/SL-_-Commercial-Indeed-01-4x5.65-1.jpg
1046	2019/12/SL-_-Commercial-Indeed-04-2x4.7875-1.jpg	2019/12/SL-_-Commercial-Indeed-04-2x4.7875-1.jpg	no	1436	599		555		SL _ Commercial - Indeed-04-2x4.7875	2020-02-02 23:13:13	https://www.streamlineusa.com/wp-content/uploads/2019/12/SL-_-Commercial-Indeed-04-2x4.7875-1.jpg
1047	2019/12/indeed-nyc-office-4.jpg	2019/12/indeed-nyc-office-4.jpg	no	1600	1068		555		indeed-nyc-office-4	2020-02-02 23:13:17	https://www.streamlineusa.com/wp-content/uploads/2019/12/indeed-nyc-office-4.jpg
1048	2019/12/SL-_-Commercial-Indeed-07-1.4x2-1.jpg	2019/12/SL-_-Commercial-Indeed-07-1.4x2-1.jpg	no	600	420		555		SL _ Commercial - Indeed-07-1.4x2	2020-02-02 23:13:22	https://www.streamlineusa.com/wp-content/uploads/2019/12/SL-_-Commercial-Indeed-07-1.4x2-1.jpg
1049	2019/12/SL-_-Commercial-Indeed-02-2.155x2-1.jpg	2019/12/SL-_-Commercial-Indeed-02-2.155x2-1.jpg	no	600	646		555		SL _ Commercial - Indeed-02-2.155x2	2020-02-02 23:13:24	https://www.streamlineusa.com/wp-content/uploads/2019/12/SL-_-Commercial-Indeed-02-2.155x2-1.jpg
1053	2019/12/Hudson-St-8.75x3-scaled.jpg	2019/12/Hudson-St-8.75x3.jpg	yes	2048	862		517		© Nadav Havakook	2020-02-02 23:25:38	https://www.streamlineusa.com/wp-content/uploads/2019/12/Hudson-St-8.75x3-scaled.jpg
1054	2019/12/Hudson-St-4.375x3.jpg	2019/12/Hudson-St-4.375x3.jpg	no	1313	963		517		© Nadav Havakook	2020-02-02 23:25:47	https://www.streamlineusa.com/wp-content/uploads/2019/12/Hudson-St-4.375x3.jpg
1055	2019/12/Streamline-USA-Hudson-St-Penthouse-3.39x2.25-1.jpg	2019/12/Streamline-USA-Hudson-St-Penthouse-3.39x2.25-1.jpg	no	1017	675		517		Streamline-USA-Hudson-St-Penthouse-3.39x2.25	2020-02-02 23:25:51	https://www.streamlineusa.com/wp-content/uploads/2019/12/Streamline-USA-Hudson-St-Penthouse-3.39x2.25-1.jpg
1056	2019/12/Streamline-USA-Hudson-St-Penthouse-5.65x4.11.jpg	2019/12/Streamline-USA-Hudson-St-Penthouse-5.65x4.11.jpg	no	1695	1233		517		Streamline-USA-Hudson-St-Penthouse-5.65x4.11	2020-02-02 23:25:55	https://www.streamlineusa.com/wp-content/uploads/2019/12/Streamline-USA-Hudson-St-Penthouse-5.65x4.11.jpg
1057	2019/12/Streamline-USA-Hudson-St-Penthouse-3.69x1.91-1.jpg	2019/12/Streamline-USA-Hudson-St-Penthouse-3.69x1.91-1.jpg	no	1107	576		517		Streamline-USA-Hudson-St-Penthouse-3.69x1.91	2020-02-02 23:26:00	https://www.streamlineusa.com/wp-content/uploads/2019/12/Streamline-USA-Hudson-St-Penthouse-3.69x1.91-1.jpg
1058	2019/12/Streamline-USA-Hudson-St-Penthouse-4.36x2.25-1.jpg	2019/12/Streamline-USA-Hudson-St-Penthouse-4.36x2.25-1.jpg	no	1308	675		517		Streamline-USA-Hudson-St-Penthouse-4.36x2.25	2020-02-02 23:26:04	https://www.streamlineusa.com/wp-content/uploads/2019/12/Streamline-USA-Hudson-St-Penthouse-4.36x2.25-1.jpg
1061	2020/02/logo-@2x-free-img-1.png	2020/02/logo-@2x-free-img-1.png	no	494	160		0		logo-@2x-free-img-1	2020-02-02 23:28:16	https://www.streamlineusa.com/wp-content/uploads/2020/02/logo-@2x-free-img-1.png
1063	2020/02/logo-regular-free-img-1.png	2020/02/logo-regular-free-img-1.png	no	247	80		0		logo-regular-free-img-1	2020-02-02 23:28:18	https://www.streamlineusa.com/wp-content/uploads/2020/02/logo-regular-free-img-1.png
1064	2020/02/bg-img-04-free-img.jpg	2020/02/bg-img-04-free-img.jpg	no	1920	400		0		bg-img-04-free-img.jpg	2020-02-02 23:28:21	https://www.streamlineusa.com/wp-content/uploads/2020/02/bg-img-04-free-img.jpg
1065	2020/02/Overlay-Grey.png	2020/02/Overlay-Grey.png	no				0		Overlay-Grey.png	2020-02-02 23:28:23	https://www.streamlineusa.com/wp-content/uploads/2020/02/Overlay-Grey.png
1066	2020/02/image-01-free-img.png	2020/02/image-01-free-img.png	no	590	450		0		image-01-free-img.png	2020-02-02 23:28:24	https://www.streamlineusa.com/wp-content/uploads/2020/02/image-01-free-img.png
1067	2020/02/bg-img-09-free-img.jpg	2020/02/bg-img-09-free-img.jpg	no	1920	1080		0		bg-img-09-free-img.jpg	2020-02-02 23:28:25	https://www.streamlineusa.com/wp-content/uploads/2020/02/bg-img-09-free-img.jpg
1068	2020/02/dc16d6bf-90ec-4fa4-a272-07ab2dcc661b.jpg	2020/02/dc16d6bf-90ec-4fa4-a272-07ab2dcc661b.jpg	no	720	720		0		dc16d6bf-90ec-4fa4-a272-07ab2dcc661b.jpg	2020-02-02 23:28:28	https://www.streamlineusa.com/wp-content/uploads/2020/02/dc16d6bf-90ec-4fa4-a272-07ab2dcc661b.jpg
1069	2020/02/placeholder.png	2020/02/placeholder.png	no	1200	800		0		placeholder.png	2020-02-02 23:28:30	https://www.streamlineusa.com/wp-content/uploads/2020/02/placeholder.png
1070	2020/02/3dcfb570-9aae-4c97-b9e7-7c3beb86bf41.jpg	2020/02/3dcfb570-9aae-4c97-b9e7-7c3beb86bf41.jpg	no	800	800		0		3dcfb570-9aae-4c97-b9e7-7c3beb86bf41.jpg	2020-02-02 23:28:33	https://www.streamlineusa.com/wp-content/uploads/2020/02/3dcfb570-9aae-4c97-b9e7-7c3beb86bf41.jpg
1076	2019/12/tersigni-palachek-residential-west-village-08.png	2019/12/tersigni-palachek-residential-west-village-08.png	no	990	740		567		tersigni-palachek-residential-west-village-08	2020-02-02 23:40:39	https://www.streamlineusa.com/wp-content/uploads/2019/12/tersigni-palachek-residential-west-village-08.png
1077	2019/12/tersigni-palachek-residential-west-village-06.png	2019/12/tersigni-palachek-residential-west-village-06.png	no	990	740		567		tersigni-palachek-residential-west-village-06	2020-02-02 23:40:44	https://www.streamlineusa.com/wp-content/uploads/2019/12/tersigni-palachek-residential-west-village-06.png
1078	2019/12/tersigni-palachek-residential-west-village-04.png	2019/12/tersigni-palachek-residential-west-village-04.png	no	990	740		567		tersigni-palachek-residential-west-village-04	2020-02-02 23:40:49	https://www.streamlineusa.com/wp-content/uploads/2019/12/tersigni-palachek-residential-west-village-04.png
1079	2019/12/tersigni-palachek-residential-west-village-09.png	2019/12/tersigni-palachek-residential-west-village-09.png	no	990	740		567		tersigni-palachek-residential-west-village-09	2020-02-02 23:40:54	https://www.streamlineusa.com/wp-content/uploads/2019/12/tersigni-palachek-residential-west-village-09.png
1080	2019/12/tersigni-palachek-residential-west-village-07.png	2019/12/tersigni-palachek-residential-west-village-07.png	no	990	740		567		tersigni-palachek-residential-west-village-07	2020-02-02 23:40:58	https://www.streamlineusa.com/wp-content/uploads/2019/12/tersigni-palachek-residential-west-village-07.png
1081	2019/12/tersigni-palachek-residential-west-village-03.png	2019/12/tersigni-palachek-residential-west-village-03.png	no	990	740		567		tersigni-palachek-residential-west-village-03	2020-02-02 23:41:02	https://www.streamlineusa.com/wp-content/uploads/2019/12/tersigni-palachek-residential-west-village-03.png
1082	2019/12/tersigni-palachek-residential-west-village-05.png	2019/12/tersigni-palachek-residential-west-village-05.png	no	990	740		567		tersigni-palachek-residential-west-village-05	2020-02-02 23:41:07	https://www.streamlineusa.com/wp-content/uploads/2019/12/tersigni-palachek-residential-west-village-05.png
1083	2019/12/tersigni-palachek-residential-west-village-02.png	2019/12/tersigni-palachek-residential-west-village-02.png	no	990	740		567		tersigni-palachek-residential-west-village-02	2020-02-02 23:41:12	https://www.streamlineusa.com/wp-content/uploads/2019/12/tersigni-palachek-residential-west-village-02.png
1086	2019/12/tersigni-palachek-residential-west-village-01-1.png	2019/12/tersigni-palachek-residential-west-village-01-1.png	no	990	740		570		tersigni-palachek-residential-west-village-01	2020-02-02 23:45:01	https://www.streamlineusa.com/wp-content/uploads/2019/12/tersigni-palachek-residential-west-village-01-1.png
1087	2019/12/tersigni-palachek-residential-west-village-08-1.png	2019/12/tersigni-palachek-residential-west-village-08-1.png	no	990	740		570		tersigni-palachek-residential-west-village-08	2020-02-02 23:45:05	https://www.streamlineusa.com/wp-content/uploads/2019/12/tersigni-palachek-residential-west-village-08-1.png
1089	2019/12/tersigni-palachek-residential-west-village-04-1.png	2019/12/tersigni-palachek-residential-west-village-04-1.png	no	990	740		570		tersigni-palachek-residential-west-village-04	2020-02-02 23:45:14	https://www.streamlineusa.com/wp-content/uploads/2019/12/tersigni-palachek-residential-west-village-04-1.png
1097	2019/12/BlackHenselNYC_10retouched1-scaled.jpg	2019/12/BlackHenselNYC_10retouched1.jpg	yes	2048	1587		570		BlackHenselNYC_10retouched[1]	2020-02-02 23:52:01	https://www.streamlineusa.com/wp-content/uploads/2019/12/BlackHenselNYC_10retouched1-scaled.jpg
1098	2019/12/BlackHenselNYC_041-scaled.jpg	2019/12/BlackHenselNYC_041.jpg	yes	2048	1587		570		BlackHenselNYC_04[1]	2020-02-02 23:52:13	https://www.streamlineusa.com/wp-content/uploads/2019/12/BlackHenselNYC_041-scaled.jpg
1099	2019/12/BlackHenselNYC_031-scaled.jpg	2019/12/BlackHenselNYC_031.jpg	yes	1873	2560		570		BlackHenselNYC_03[1]	2020-02-02 23:52:23	https://www.streamlineusa.com/wp-content/uploads/2019/12/BlackHenselNYC_031-scaled.jpg
1100	2019/12/BlackHenselNYC_061-scaled.jpg	2019/12/BlackHenselNYC_061.jpg	yes	2048	1587		570		BlackHenselNYC_06[1]	2020-02-02 23:52:34	https://www.streamlineusa.com/wp-content/uploads/2019/12/BlackHenselNYC_061-scaled.jpg
1101	2019/12/BlackHenselNYC_081-scaled.jpg	2019/12/BlackHenselNYC_081.jpg	yes	1873	2560		570		BlackHenselNYC_08[1]	2020-02-02 23:52:43	https://www.streamlineusa.com/wp-content/uploads/2019/12/BlackHenselNYC_081-scaled.jpg
1102	2019/12/BlackHenselNYC_011-scaled.jpg	2019/12/BlackHenselNYC_011.jpg	yes	2048	1587		570		BlackHenselNYC_01[1]	2020-02-02 23:52:52	https://www.streamlineusa.com/wp-content/uploads/2019/12/BlackHenselNYC_011-scaled.jpg
1103	2019/12/BlackHenselNYC_021-scaled.jpg	2019/12/BlackHenselNYC_021.jpg	yes	2048	1587		570		BlackHenselNYC_02[1]	2020-02-02 23:53:01	https://www.streamlineusa.com/wp-content/uploads/2019/12/BlackHenselNYC_021-scaled.jpg
1104	2019/12/BlackHenselNYC_091-scaled.jpg	2019/12/BlackHenselNYC_091.jpg	yes	2048	1587		570		BlackHenselNYC_09[1]	2020-02-02 23:53:11	https://www.streamlineusa.com/wp-content/uploads/2019/12/BlackHenselNYC_091-scaled.jpg
1105	2019/12/BlackHenselNYC_071-scaled.jpg	2019/12/BlackHenselNYC_071.jpg	yes	2048	1587		570		BlackHenselNYC_07[1]	2020-02-02 23:53:22	https://www.streamlineusa.com/wp-content/uploads/2019/12/BlackHenselNYC_071-scaled.jpg
1106	2019/12/BlackHenselNYC_11retouched1-scaled.jpg	2019/12/BlackHenselNYC_11retouched1.jpg	yes	2048	1587		570		BlackHenselNYC_11retouched[1]	2020-02-02 23:53:31	https://www.streamlineusa.com/wp-content/uploads/2019/12/BlackHenselNYC_11retouched1-scaled.jpg
1107	2019/12/BlackHenselNYC_051-scaled.jpg	2019/12/BlackHenselNYC_051.jpg	yes	1873	2560		570		BlackHenselNYC_05[1]	2020-02-02 23:53:42	https://www.streamlineusa.com/wp-content/uploads/2019/12/BlackHenselNYC_051-scaled.jpg
1109	2019/12/SL-_-Residential-_-215-Madision-_-Residence-8.75x3.65-scaled.jpg	2019/12/SL-_-Residential-_-215-Madision-_-Residence-8.75x3.65.jpg	yes	2048	854		523		SL _ Residential _ 215 Madision _ Residence-8.75x3.65	2020-02-02 23:56:39	https://www.streamlineusa.com/wp-content/uploads/2019/12/SL-_-Residential-_-215-Madision-_-Residence-8.75x3.65-scaled.jpg
1110	2019/12/SL-_-Residential-_-215-Madision-_-Residence-3.125x3-3-1.jpg	2019/12/SL-_-Residential-_-215-Madision-_-Residence-3.125x3-3-1.jpg	no	937	900		523		SL _ Residential _ 215 Madision _ Residence-3.125x3-3	2020-02-02 23:56:46	https://www.streamlineusa.com/wp-content/uploads/2019/12/SL-_-Residential-_-215-Madision-_-Residence-3.125x3-3-1.jpg
1111	2019/12/SL-_-Residential-_-215-Madision-_-Residence-3.125x3-1-1.jpg	2019/12/SL-_-Residential-_-215-Madision-_-Residence-3.125x3-1-1.jpg	no	937	900		523		SL _ Residential _ 215 Madision _ Residence-3.125x3-1	2020-02-02 23:56:50	https://www.streamlineusa.com/wp-content/uploads/2019/12/SL-_-Residential-_-215-Madision-_-Residence-3.125x3-1-1.jpg
1112	2019/12/SL-_-Residential-_-215-Madision-_-Residence-3.125X3-2-1.jpg	2019/12/SL-_-Residential-_-215-Madision-_-Residence-3.125X3-2-1.jpg	no	900	937		523		SL _ Residential _ 215 Madision _ Residence-3.125X3-2	2020-02-02 23:56:53	https://www.streamlineusa.com/wp-content/uploads/2019/12/SL-_-Residential-_-215-Madision-_-Residence-3.125X3-2-1.jpg
1113	2019/12/SL-_-Residential-_-215-Madision-_-Residence-5.475x3-1.jpg	2019/12/SL-_-Residential-_-215-Madision-_-Residence-5.475x3-1.jpg	no	1642	900		523		SL _ Residential _ 215 Madision _ Residence-5.475x3	2020-02-02 23:56:57	https://www.streamlineusa.com/wp-content/uploads/2019/12/SL-_-Residential-_-215-Madision-_-Residence-5.475x3-1.jpg
1114	2019/12/SL-_-Residential-_-215-Madision-_-Residence-3.425x3-1.jpg	2019/12/SL-_-Residential-_-215-Madision-_-Residence-3.425x3-1.jpg	no	1027	900		523		SL _ Residential _ 215 Madision _ Residence-3.425x3	2020-02-02 23:57:01	https://www.streamlineusa.com/wp-content/uploads/2019/12/SL-_-Residential-_-215-Madision-_-Residence-3.425x3-1.jpg
1118	2019/12/tersigni-palachek-residential-manhattan-townhouse-04.png	2019/12/tersigni-palachek-residential-manhattan-townhouse-04.png	no	990	740		537		tersigni-palachek-residential-manhattan-townhouse-04	2020-02-03 00:02:32	https://www.streamlineusa.com/wp-content/uploads/2019/12/tersigni-palachek-residential-manhattan-townhouse-04.png
1119	2019/12/tersigni-palachek-residential-manhattan-townhouse-05.png	2019/12/tersigni-palachek-residential-manhattan-townhouse-05.png	no	990	740		537		tersigni-palachek-residential-manhattan-townhouse-05	2020-02-03 00:02:37	https://www.streamlineusa.com/wp-content/uploads/2019/12/tersigni-palachek-residential-manhattan-townhouse-05.png
1120	2019/12/tersigni-palachek-residential-manhattan-townhouse-03.png	2019/12/tersigni-palachek-residential-manhattan-townhouse-03.png	no	990	740		537		tersigni-palachek-residential-manhattan-townhouse-03	2020-02-03 00:02:41	https://www.streamlineusa.com/wp-content/uploads/2019/12/tersigni-palachek-residential-manhattan-townhouse-03.png
1121	2019/12/tersigni-palachek-residential-manhattan-townhouse-02.png	2019/12/tersigni-palachek-residential-manhattan-townhouse-02.png	no	990	740		537		tersigni-palachek-residential-manhattan-townhouse-02	2020-02-03 00:02:45	https://www.streamlineusa.com/wp-content/uploads/2019/12/tersigni-palachek-residential-manhattan-townhouse-02.png
1122	2019/12/tersigni-palachek-residential-manhattan-townhouse-01.png	2019/12/tersigni-palachek-residential-manhattan-townhouse-01.png	no	990	740		537		tersigni-palachek-residential-manhattan-townhouse-01	2020-02-03 00:02:49	https://www.streamlineusa.com/wp-content/uploads/2019/12/tersigni-palachek-residential-manhattan-townhouse-01.png
1123	2019/12/tersigni-palachek-residential-manhattan-townhouse-01a.png	2019/12/tersigni-palachek-residential-manhattan-townhouse-01a.png	no	990	740		537		tersigni-palachek-residential-manhattan-townhouse-01a	2020-02-03 00:02:53	https://www.streamlineusa.com/wp-content/uploads/2019/12/tersigni-palachek-residential-manhattan-townhouse-01a.png
1124	2019/12/tersigni-palachek-residential-manhattan-townhouse-06.png	2019/12/tersigni-palachek-residential-manhattan-townhouse-06.png	no	990	740		537		tersigni-palachek-residential-manhattan-townhouse-06	2020-02-03 00:02:56	https://www.streamlineusa.com/wp-content/uploads/2019/12/tersigni-palachek-residential-manhattan-townhouse-06.png
1125	2019/12/tersigni-palachek-residential-manhattan-townhouse-07.png	2019/12/tersigni-palachek-residential-manhattan-townhouse-07.png	no	990	740		537		tersigni-palachek-residential-manhattan-townhouse-07	2020-02-03 00:03:03	https://www.streamlineusa.com/wp-content/uploads/2019/12/tersigni-palachek-residential-manhattan-townhouse-07.png
1126	2019/12/tersigni-palachek-residential-manhattan-townhouse-08.png	2019/12/tersigni-palachek-residential-manhattan-townhouse-08.png	no	990	740		537		tersigni-palachek-residential-manhattan-townhouse-08	2020-02-03 00:03:07	https://www.streamlineusa.com/wp-content/uploads/2019/12/tersigni-palachek-residential-manhattan-townhouse-08.png
1143	2019/12/Streamline-USA-Atrium-8.0x2.25.jpg	2019/12/Streamline-USA-Atrium-8.0x2.25.jpg	no	2048	576		558		Streamline-USA-Atrium-8.0x2.25	2020-02-03 00:07:41	https://www.streamlineusa.com/wp-content/uploads/2019/12/Streamline-USA-Atrium-8.0x2.25.jpg
1144	2019/12/Streamline-USA-Atrium-1.71x1.90-1.jpg	2019/12/Streamline-USA-Atrium-1.71x1.90-1.jpg	no	513	573		558		Streamline-USA-Atrium-1.71x1.90	2020-02-03 00:07:46	https://www.streamlineusa.com/wp-content/uploads/2019/12/Streamline-USA-Atrium-1.71x1.90-1.jpg
1145	2019/12/Streamline-USA-Atrium-3.69x1.91-1.jpg	2019/12/Streamline-USA-Atrium-3.69x1.91-1.jpg	no	1431	741		558		Streamline-USA-Atrium-3.69x1.91	2020-02-03 00:07:54	https://www.streamlineusa.com/wp-content/uploads/2019/12/Streamline-USA-Atrium-3.69x1.91-1.jpg
1146	2019/12/Streamline-USA-Atrium-5.65x4.11-1.jpg	2019/12/Streamline-USA-Atrium-5.65x4.11-1.jpg	no	1695	1233		558		Streamline-USA-Atrium-5.65x4.11	2020-02-03 00:07:59	https://www.streamlineusa.com/wp-content/uploads/2019/12/Streamline-USA-Atrium-5.65x4.11-1.jpg
1147	2019/12/Streamline-USA-Atrium-1.71x1.91-1.jpg	2019/12/Streamline-USA-Atrium-1.71x1.91-1.jpg	no	513	573		558		Streamline-USA-Atrium-1.71x1.91	2020-02-03 00:08:04	https://www.streamlineusa.com/wp-content/uploads/2019/12/Streamline-USA-Atrium-1.71x1.91-1.jpg
1152	2019/12/IMG_1071-scaled.jpg	2019/12/IMG_1071.jpg	yes	1920	2560		561		IMG_1071	2020-02-03 00:19:08	https://www.streamlineusa.com/wp-content/uploads/2019/12/IMG_1071-scaled.jpg
1153	2019/12/IMG_1070-scaled.jpg	2019/12/IMG_1070.jpg	yes	1920	2560		561		IMG_1070	2020-02-03 00:19:18	https://www.streamlineusa.com/wp-content/uploads/2019/12/IMG_1070-scaled.jpg
1154	2019/12/IMG_1072-scaled.jpg	2019/12/IMG_1072.jpg	yes	1920	2560		561		IMG_1072	2020-02-03 00:19:32	https://www.streamlineusa.com/wp-content/uploads/2019/12/IMG_1072-scaled.jpg
1155	2019/12/IMG_1073-scaled.jpg	2019/12/IMG_1073.jpg	yes	1920	2560		561		IMG_1073	2020-02-03 00:19:44	https://www.streamlineusa.com/wp-content/uploads/2019/12/IMG_1073-scaled.jpg
1156	2019/12/IMG_7210-scaled.jpg	2019/12/IMG_7210.jpg	yes	1920	2560		561		IMG_7210	2020-02-03 00:20:01	https://www.streamlineusa.com/wp-content/uploads/2019/12/IMG_7210-scaled.jpg
1157	2019/12/IMG_1077-scaled.jpg	2019/12/IMG_1077.jpg	yes	1920	2560		561		IMG_1077	2020-02-03 00:20:10	https://www.streamlineusa.com/wp-content/uploads/2019/12/IMG_1077-scaled.jpg
1158	2019/12/IMG_1076-scaled.jpg	2019/12/IMG_1076.jpg	yes	1920	2560		561		IMG_1076	2020-02-03 00:20:20	https://www.streamlineusa.com/wp-content/uploads/2019/12/IMG_1076-scaled.jpg
1159	2019/12/IMG_1074-scaled.jpg	2019/12/IMG_1074.jpg	yes	1920	2560		561		IMG_1074	2020-02-03 00:20:30	https://www.streamlineusa.com/wp-content/uploads/2019/12/IMG_1074-scaled.jpg
1160	2019/12/IMG_1075-scaled.jpg	2019/12/IMG_1075.jpg	yes	1920	2560		561		IMG_1075	2020-02-03 00:20:41	https://www.streamlineusa.com/wp-content/uploads/2019/12/IMG_1075-scaled.jpg
1161	2019/12/IMG_0126-scaled.jpg	2019/12/IMG_0126.jpg	yes	1920	2560		561		IMG_0126	2020-02-03 00:20:51	https://www.streamlineusa.com/wp-content/uploads/2019/12/IMG_0126-scaled.jpg
1162	2019/12/IMG_0127-scaled.jpg	2019/12/IMG_0127.jpg	yes	1920	2560		561		IMG_0127	2020-02-03 00:21:03	https://www.streamlineusa.com/wp-content/uploads/2019/12/IMG_0127-scaled.jpg
1163	2019/12/IMG_0119-scaled.jpg	2019/12/IMG_0119.jpg	yes	1920	2560		561		IMG_0119	2020-02-03 00:21:14	https://www.streamlineusa.com/wp-content/uploads/2019/12/IMG_0119-scaled.jpg
1164	2019/12/IMG_0125-scaled.jpg	2019/12/IMG_0125.jpg	yes	1920	2560		561		IMG_0125	2020-02-03 00:21:25	https://www.streamlineusa.com/wp-content/uploads/2019/12/IMG_0125-scaled.jpg
1165	2019/12/IMG_0124-scaled.jpg	2019/12/IMG_0124.jpg	yes	1920	2560		561		IMG_0124	2020-02-03 00:21:37	https://www.streamlineusa.com/wp-content/uploads/2019/12/IMG_0124-scaled.jpg
1166	2019/12/IMG_0118-scaled.jpg	2019/12/IMG_0118.jpg	yes	1920	2560		561		IMG_0118	2020-02-03 00:21:50	https://www.streamlineusa.com/wp-content/uploads/2019/12/IMG_0118-scaled.jpg
1167	2019/12/IMG_0120-scaled.jpg	2019/12/IMG_0120.jpg	yes	1920	2560		561		IMG_0120	2020-02-03 00:22:02	https://www.streamlineusa.com/wp-content/uploads/2019/12/IMG_0120-scaled.jpg
1168	2019/12/IMG_0108-scaled.jpg	2019/12/IMG_0108.jpg	yes	1920	2560		561		IMG_0108	2020-02-03 00:22:12	https://www.streamlineusa.com/wp-content/uploads/2019/12/IMG_0108-scaled.jpg
1169	2019/12/IMG_0109-scaled.jpg	2019/12/IMG_0109.jpg	yes	1920	2560		561		IMG_0109	2020-02-03 00:22:23	https://www.streamlineusa.com/wp-content/uploads/2019/12/IMG_0109-scaled.jpg
1170	2019/12/IMG_0121-scaled.jpg	2019/12/IMG_0121.jpg	yes	1920	2560		561		IMG_0121	2020-02-03 00:22:35	https://www.streamlineusa.com/wp-content/uploads/2019/12/IMG_0121-scaled.jpg
1171	2019/12/IMG_0123-scaled.jpg	2019/12/IMG_0123.jpg	yes	1920	2560		561		IMG_0123	2020-02-03 00:22:46	https://www.streamlineusa.com/wp-content/uploads/2019/12/IMG_0123-scaled.jpg
1172	2019/12/IMG_0122-scaled.jpg	2019/12/IMG_0122.jpg	yes	1920	2560		561		IMG_0122	2020-02-03 00:22:55	https://www.streamlineusa.com/wp-content/uploads/2019/12/IMG_0122-scaled.jpg
1173	2019/12/IMG_0107-scaled.jpg	2019/12/IMG_0107.jpg	yes	1920	2560		561		IMG_0107	2020-02-03 00:23:04	https://www.streamlineusa.com/wp-content/uploads/2019/12/IMG_0107-scaled.jpg
1174	2019/12/IMG_0113-scaled.jpg	2019/12/IMG_0113.jpg	yes	1920	2560		561		IMG_0113	2020-02-03 00:23:14	https://www.streamlineusa.com/wp-content/uploads/2019/12/IMG_0113-scaled.jpg
1175	2019/12/IMG_0112-scaled.jpg	2019/12/IMG_0112.jpg	yes	1920	2560		561		IMG_0112	2020-02-03 00:23:22	https://www.streamlineusa.com/wp-content/uploads/2019/12/IMG_0112-scaled.jpg
1176	2019/12/IMG_0110-scaled.jpg	2019/12/IMG_0110.jpg	yes	1920	2560		561		IMG_0110	2020-02-03 00:23:30	https://www.streamlineusa.com/wp-content/uploads/2019/12/IMG_0110-scaled.jpg
1177	2019/12/IMG_0111-scaled.jpg	2019/12/IMG_0111.jpg	yes	1920	2560		561		IMG_0111	2020-02-03 00:23:39	https://www.streamlineusa.com/wp-content/uploads/2019/12/IMG_0111-scaled.jpg
1178	2019/12/IMG_0115-scaled.jpg	2019/12/IMG_0115.jpg	yes	1920	2560		561		IMG_0115	2020-02-03 00:23:47	https://www.streamlineusa.com/wp-content/uploads/2019/12/IMG_0115-scaled.jpg
1179	2019/12/IMG_0114-scaled.jpg	2019/12/IMG_0114.jpg	yes	1920	2560		561		IMG_0114	2020-02-03 00:23:58	https://www.streamlineusa.com/wp-content/uploads/2019/12/IMG_0114-scaled.jpg
1180	2019/12/IMG_0116-scaled.jpg	2019/12/IMG_0116.jpg	yes	1920	2560		561		IMG_0116	2020-02-03 00:24:06	https://www.streamlineusa.com/wp-content/uploads/2019/12/IMG_0116-scaled.jpg
1181	2019/12/IMG_0117-scaled.jpg	2019/12/IMG_0117.jpg	yes	1920	2560		561		IMG_0117	2020-02-03 00:24:15	https://www.streamlineusa.com/wp-content/uploads/2019/12/IMG_0117-scaled.jpg
1182	2019/12/IMG_1084-scaled.jpg	2019/12/IMG_1084.jpg	yes	1920	2560		561		IMG_1084	2020-02-03 00:24:30	https://www.streamlineusa.com/wp-content/uploads/2019/12/IMG_1084-scaled.jpg
1183	2019/12/IMG_1085-scaled.jpg	2019/12/IMG_1085.jpg	yes	1920	2560		561		IMG_1085	2020-02-03 00:24:41	https://www.streamlineusa.com/wp-content/uploads/2019/12/IMG_1085-scaled.jpg
1184	2019/12/IMG_1082-scaled.jpg	2019/12/IMG_1082.jpg	yes	1920	2560		561		IMG_1082	2020-02-03 00:25:02	https://www.streamlineusa.com/wp-content/uploads/2019/12/IMG_1082-scaled.jpg
1185	2019/12/IMG_1083-scaled.jpg	2019/12/IMG_1083.jpg	yes	1920	2560		561		IMG_1083	2020-02-03 00:25:12	https://www.streamlineusa.com/wp-content/uploads/2019/12/IMG_1083-scaled.jpg
1188	2019/12/16041_pr_springplace_5-5-1621862-3x3-1.jpg	2019/12/16041_pr_springplace_5-5-1621862-3x3-1.jpg	no	900	900		506		16041_pr_springplace_5-5-1621862-3x3	2020-02-03 00:33:18	https://www.streamlineusa.com/wp-content/uploads/2019/12/16041_pr_springplace_5-5-1621862-3x3-1.jpg
1189	2019/12/8.75x2.25-spring-1-scaled.jpg	2019/12/8.75x2.25-spring-1.jpg	yes	2048	526		506		8.75x2.25-spring	2020-02-03 00:33:21	https://www.streamlineusa.com/wp-content/uploads/2019/12/8.75x2.25-spring-1-scaled.jpg
1190	2019/12/16041_pr_springplace_5-5-1621784-3x2-1.jpg	2019/12/16041_pr_springplace_5-5-1621784-3x2-1.jpg	no	900	600		506		16041_pr_springplace_5-5-1621784-3x2	2020-02-03 00:33:27	https://www.streamlineusa.com/wp-content/uploads/2019/12/16041_pr_springplace_5-5-1621784-3x2-1.jpg
1191	2019/12/16041_pr_springplace_5-5-1621884-3x2-1.jpg	2019/12/16041_pr_springplace_5-5-1621884-3x2-1.jpg	no	900	600		506		16041_pr_springplace_5-5-1621884-3x2	2020-02-03 00:33:30	https://www.streamlineusa.com/wp-content/uploads/2019/12/16041_pr_springplace_5-5-1621884-3x2-1.jpg
1192	2019/12/16041_pr_springplace_5-5-1621823-3x3-1.jpg	2019/12/16041_pr_springplace_5-5-1621823-3x3-1.jpg	no	900	900		506		16041_pr_springplace_5-5-1621823-3x3	2020-02-03 00:33:33	https://www.streamlineusa.com/wp-content/uploads/2019/12/16041_pr_springplace_5-5-1621823-3x3-1.jpg
1193	2019/12/16041_pr_springplace_5-5-1621940-3x2-1.jpg	2019/12/16041_pr_springplace_5-5-1621940-3x2-1.jpg	no	900	600		506		16041_pr_springplace_5-5-1621940-3x2	2020-02-03 00:33:36	https://www.streamlineusa.com/wp-content/uploads/2019/12/16041_pr_springplace_5-5-1621940-3x2-1.jpg
1194	2019/12/Streamline-USA-Spring-Studios-29-3x2-2.jpg	2019/12/Streamline-USA-Spring-Studios-29-3x2-2.jpg	no	900	600		506		Streamline-USA-Spring-Studios-29-3x2	2020-02-03 00:33:39	https://www.streamlineusa.com/wp-content/uploads/2019/12/Streamline-USA-Spring-Studios-29-3x2-2.jpg
1197	2019/12/Creme_Mint-Kitchen_HR-15-1-scaled.jpg	2019/12/Creme_Mint-Kitchen_HR-15-1.jpg	yes	2048	1366		443		Creme_Mint Kitchen_HR-15	2020-02-03 00:44:17	https://www.streamlineusa.com/wp-content/uploads/2019/12/Creme_Mint-Kitchen_HR-15-1-scaled.jpg
1198	2019/12/Creme_Mint-Kitchen_HR-2-scaled.jpg	2019/12/Creme_Mint-Kitchen_HR-2.jpg	yes	1707	2560		443		Creme_Mint Kitchen_HR-2	2020-02-03 00:44:24	https://www.streamlineusa.com/wp-content/uploads/2019/12/Creme_Mint-Kitchen_HR-2-scaled.jpg
1199	2019/12/Creme_Mint-Kitchen_HR-3-scaled.jpg	2019/12/Creme_Mint-Kitchen_HR-3.jpg	yes	2048	1366		443		Creme_Mint Kitchen_HR-3	2020-02-03 00:44:31	https://www.streamlineusa.com/wp-content/uploads/2019/12/Creme_Mint-Kitchen_HR-3-scaled.jpg
1200	2019/12/Creme_Mint-Kitchen_HR-1-scaled.jpg	2019/12/Creme_Mint-Kitchen_HR-1.jpg	yes	2048	1366		443		Creme_Mint Kitchen_HR-1	2020-02-03 00:44:38	https://www.streamlineusa.com/wp-content/uploads/2019/12/Creme_Mint-Kitchen_HR-1-scaled.jpg
1201	2019/12/Mint-Featured-3-scaled.jpg	2019/12/Mint-Featured-3.jpg	yes	2048	1366		443		Mint Featured	2020-02-03 00:44:45	https://www.streamlineusa.com/wp-content/uploads/2019/12/Mint-Featured-3-scaled.jpg
1202	2019/12/Creme_Mint-Kitchen_HR-6-1-scaled.jpg	2019/12/Creme_Mint-Kitchen_HR-6-1.jpg	yes	1707	2560		443		Creme_Mint Kitchen_HR-6	2020-02-03 00:44:52	https://www.streamlineusa.com/wp-content/uploads/2019/12/Creme_Mint-Kitchen_HR-6-1-scaled.jpg
1203	2019/12/Creme_Mint-Kitchen_HR-20-1-scaled.jpg	2019/12/Creme_Mint-Kitchen_HR-20-1.jpg	yes	1707	2560		443		Creme_Mint Kitchen_HR-20	2020-02-03 00:45:02	https://www.streamlineusa.com/wp-content/uploads/2019/12/Creme_Mint-Kitchen_HR-20-1-scaled.jpg
1204	2019/12/Creme_Mint-Kitchen_HR-13-1-scaled.jpg	2019/12/Creme_Mint-Kitchen_HR-13-1.jpg	yes	2048	1366		443		Creme_Mint Kitchen_HR-13	2020-02-03 00:45:10	https://www.streamlineusa.com/wp-content/uploads/2019/12/Creme_Mint-Kitchen_HR-13-1-scaled.jpg
1205	2019/12/Creme_Mint-Kitchen_HR-19-scaled.jpg	2019/12/Creme_Mint-Kitchen_HR-19.jpg	yes	1707	2560		443		Creme_Mint Kitchen_HR-19	2020-02-03 00:45:18	https://www.streamlineusa.com/wp-content/uploads/2019/12/Creme_Mint-Kitchen_HR-19-scaled.jpg
1206	2019/12/Creme_Mint-Kitchen_HR-4-1-scaled.jpg	2019/12/Creme_Mint-Kitchen_HR-4-1.jpg	yes	1707	2560		443		Creme_Mint Kitchen_HR-4	2020-02-03 00:45:24	https://www.streamlineusa.com/wp-content/uploads/2019/12/Creme_Mint-Kitchen_HR-4-1-scaled.jpg
1207	2019/12/Creme_Mint-Kitchen_HR-14-1-scaled.jpg	2019/12/Creme_Mint-Kitchen_HR-14-1.jpg	yes	2048	1366		443		Creme_Mint Kitchen_HR-14	2020-02-03 00:45:32	https://www.streamlineusa.com/wp-content/uploads/2019/12/Creme_Mint-Kitchen_HR-14-1-scaled.jpg
1208	2019/12/Creme_Mint-Kitchen_HR-7-1-scaled.jpg	2019/12/Creme_Mint-Kitchen_HR-7-1.jpg	yes	1707	2560		443		Creme_Mint Kitchen_HR-7	2020-02-03 00:45:38	https://www.streamlineusa.com/wp-content/uploads/2019/12/Creme_Mint-Kitchen_HR-7-1-scaled.jpg
1209	2019/12/Creme_Mint-Kitchen_HR-16-1-scaled.jpg	2019/12/Creme_Mint-Kitchen_HR-16-1.jpg	yes	2048	1366		443		Creme_Mint Kitchen_HR-16	2020-02-03 00:45:45	https://www.streamlineusa.com/wp-content/uploads/2019/12/Creme_Mint-Kitchen_HR-16-1-scaled.jpg
1210	2019/12/Creme_Mint-Kitchen_HR-5-1-scaled.jpg	2019/12/Creme_Mint-Kitchen_HR-5-1.jpg	yes	1707	2560		443		Creme_Mint Kitchen_HR-5	2020-02-03 00:45:51	https://www.streamlineusa.com/wp-content/uploads/2019/12/Creme_Mint-Kitchen_HR-5-1-scaled.jpg
1211	2019/12/Creme_Mint-Kitchen_HR-17-1-scaled.jpg	2019/12/Creme_Mint-Kitchen_HR-17-1.jpg	yes	1707	2560		443		Creme_Mint Kitchen_HR-17	2020-02-03 00:45:59	https://www.streamlineusa.com/wp-content/uploads/2019/12/Creme_Mint-Kitchen_HR-17-1-scaled.jpg
1212	2019/12/Creme_Mint-Kitchen_HR-9-2-scaled.jpg	2019/12/Creme_Mint-Kitchen_HR-9-2.jpg	yes	1707	2560		443		Creme_Mint Kitchen_HR-9	2020-02-03 00:46:06	https://www.streamlineusa.com/wp-content/uploads/2019/12/Creme_Mint-Kitchen_HR-9-2-scaled.jpg
1213	2019/12/Creme_Mint-Kitchen_HR-8-1-scaled.jpg	2019/12/Creme_Mint-Kitchen_HR-8-1.jpg	yes	1707	2560		443		Creme_Mint Kitchen_HR-8	2020-02-03 00:46:12	https://www.streamlineusa.com/wp-content/uploads/2019/12/Creme_Mint-Kitchen_HR-8-1-scaled.jpg
1214	2019/12/Creme_Mint-Kitchen_HR-12-1-scaled.jpg	2019/12/Creme_Mint-Kitchen_HR-12-1.jpg	yes	2048	1366		443		Creme_Mint Kitchen_HR-12	2020-02-03 00:46:22	https://www.streamlineusa.com/wp-content/uploads/2019/12/Creme_Mint-Kitchen_HR-12-1-scaled.jpg
1215	2019/12/Creme_Mint-Kitchen_HR-11-1-scaled.jpg	2019/12/Creme_Mint-Kitchen_HR-11-1.jpg	yes	2048	1366		443		Creme_Mint Kitchen_HR-11	2020-02-03 00:46:29	https://www.streamlineusa.com/wp-content/uploads/2019/12/Creme_Mint-Kitchen_HR-11-1-scaled.jpg
1216	2019/12/Creme_Mint-Kitchen_HR-18-1-scaled.jpg	2019/12/Creme_Mint-Kitchen_HR-18-1.jpg	yes	1707	2560		443		Creme_Mint Kitchen_HR-18	2020-02-03 00:46:36	https://www.streamlineusa.com/wp-content/uploads/2019/12/Creme_Mint-Kitchen_HR-18-1-scaled.jpg
1225	2020/02/Streamline-USA-Logo-1.jpg	2020/02/Streamline-USA-Logo-1.jpg	no	288	95		0		Streamline USA - Logo (1)	2020-02-03 02:46:33	https://www.streamlineusa.com/wp-content/uploads/2020/02/Streamline-USA-Logo-1.jpg
1233	2020/02/big1.jpg	2020/02/big1.jpg	no	1160	520		0		big1.jpg	2020-02-03 03:46:28	https://www.streamlineusa.com/wp-content/uploads/2020/02/big1.jpg
1234	2020/02/big1-1.jpg	2020/02/big1-1.jpg	no	1160	520		0		big1.jpg	2020-02-03 03:46:31	https://www.streamlineusa.com/wp-content/uploads/2020/02/big1-1.jpg
1235	2020/02/big2.jpg	2020/02/big2.jpg	no	1160	520		0		big2.jpg	2020-02-03 03:46:32	https://www.streamlineusa.com/wp-content/uploads/2020/02/big2.jpg
1236	2020/02/big2-1.jpg	2020/02/big2-1.jpg	no	1160	520		0		big2.jpg	2020-02-03 03:46:34	https://www.streamlineusa.com/wp-content/uploads/2020/02/big2-1.jpg
1237	2020/02/big3.jpg	2020/02/big3.jpg	no	1160	520		0		big3.jpg	2020-02-03 03:46:36	https://www.streamlineusa.com/wp-content/uploads/2020/02/big3.jpg
1238	2020/02/big3-1.jpg	2020/02/big3-1.jpg	no	1160	520		0		big3.jpg	2020-02-03 03:46:39	https://www.streamlineusa.com/wp-content/uploads/2020/02/big3-1.jpg
1239	2020/02/big4.jpg	2020/02/big4.jpg	no	1160	520		0		big4.jpg	2020-02-03 03:46:41	https://www.streamlineusa.com/wp-content/uploads/2020/02/big4.jpg
1240	2020/02/big4-1.jpg	2020/02/big4-1.jpg	no	1160	520		0		big4.jpg	2020-02-03 03:46:43	https://www.streamlineusa.com/wp-content/uploads/2020/02/big4-1.jpg
1241	2020/02/big5.jpg	2020/02/big5.jpg	no	1160	520		0		big5.jpg	2020-02-03 03:46:46	https://www.streamlineusa.com/wp-content/uploads/2020/02/big5.jpg
1242	2020/02/big5-1.jpg	2020/02/big5-1.jpg	no	1160	520		0		big5.jpg	2020-02-03 03:46:47	https://www.streamlineusa.com/wp-content/uploads/2020/02/big5-1.jpg
1250	2020/02/church-home-scaled.jpg	2020/02/church-home.jpg	yes	596	2560		0		church-home.jpg	2020-02-03 04:44:25	https://www.streamlineusa.com/wp-content/uploads/2020/02/church-home-scaled.jpg
1253	2020/02/law-firm-03-scaled.jpg	2020/02/law-firm-03.jpg	yes	585	2560		0		law-firm-03.jpg	2020-02-03 04:44:26	https://www.streamlineusa.com/wp-content/uploads/2020/02/law-firm-03-scaled.jpg
1255	2020/02/law-home-scaled.jpg	2020/02/law-home.jpg	yes	584	2560		0		law-home.jpg	2020-02-03 04:44:38	https://www.streamlineusa.com/wp-content/uploads/2020/02/law-home-scaled.jpg
1257	2020/02/nutritionist-02-home-scaled.jpg	2020/02/nutritionist-02-home.jpg	yes	604	2560		0		nutritionist-02-home.jpg	2020-02-03 04:44:48	https://www.streamlineusa.com/wp-content/uploads/2020/02/nutritionist-02-home-scaled.jpg
1260	2020/02/nutritionist-02-home-page-scaled.jpg	2020/02/nutritionist-02-home-page.jpg	yes	600	2560		0		nutritionist-02-home-page.jpg	2020-02-03 04:45:00	https://www.streamlineusa.com/wp-content/uploads/2020/02/nutritionist-02-home-page-scaled.jpg
1262	2020/02/id-17621-makeup-artist-resize-scaled.jpg	2020/02/id-17621-makeup-artist-resize.jpg	yes	931	2560		0		id-17621-makeup-artist-resize.jpg	2020-02-03 04:45:09	https://www.streamlineusa.com/wp-content/uploads/2020/02/id-17621-makeup-artist-resize-scaled.jpg
1265	2020/02/ife-coach-04-home-page-scaled.jpg	2020/02/ife-coach-04-home-page.jpg	yes	782	2560		0		ife-coach-04-home-page.jpg	2020-02-03 04:45:19	https://www.streamlineusa.com/wp-content/uploads/2020/02/ife-coach-04-home-page-scaled.jpg
1267	2020/02/id-24696-life-coach-home-resize-scaled.jpg	2020/02/id-24696-life-coach-home-resize.jpg	yes	756	2560		0		id-24696-life-coach-home-resize.jpg	2020-02-03 04:45:27	https://www.streamlineusa.com/wp-content/uploads/2020/02/id-24696-life-coach-home-resize-scaled.jpg
1269	2020/02/id-18138-furniture-store-resize-scaled.jpg	2020/02/id-18138-furniture-store-resize.jpg	yes	930	2560		0		id-18138-furniture-store-resize.jpg	2020-02-03 04:45:36	https://www.streamlineusa.com/wp-content/uploads/2020/02/id-18138-furniture-store-resize-scaled.jpg
1271	2020/02/furniture-store-03-home-scaled.jpg	2020/02/furniture-store-03-home.jpg	yes	926	2560		0		furniture-store-03-home.jpg	2020-02-03 04:45:45	https://www.streamlineusa.com/wp-content/uploads/2020/02/furniture-store-03-home-scaled.jpg
1273	2020/02/id-20755-architecture-firm-resize-scaled.jpg	2020/02/id-20755-architecture-firm-resize.jpg	yes	822	2560		0		id-20755-architecture-firm-resize.jpg	2020-02-03 04:45:53	https://www.streamlineusa.com/wp-content/uploads/2020/02/id-20755-architecture-firm-resize-scaled.jpg
1275	2020/02/id-20811-architecture-firm-resize-scaled.jpg	2020/02/id-20811-architecture-firm-resize.jpg	yes	781	2560		0		id-20811-architecture-firm-resize.jpg	2020-02-03 04:46:02	https://www.streamlineusa.com/wp-content/uploads/2020/02/id-20811-architecture-firm-resize-scaled.jpg
1277	2020/02/winery-04-home-scaled.jpg	2020/02/winery-04-home.jpg	yes	755	2560		0		winery-04-home.jpg	2020-02-03 04:46:10	https://www.streamlineusa.com/wp-content/uploads/2020/02/winery-04-home-scaled.jpg
1279	2020/02/id-18736-winery-resize-scaled.jpg	2020/02/id-18736-winery-resize.jpg	yes	799	2560		0		id-18736-winery-resize.jpg	2020-02-03 04:46:19	https://www.streamlineusa.com/wp-content/uploads/2020/02/id-18736-winery-resize-scaled.jpg
1281	2020/02/fitness-trainer-02.jpg	2020/02/fitness-trainer-02.jpg	no	600	2194		0		fitness-trainer-02.jpg	2020-02-03 04:46:28	https://www.streamlineusa.com/wp-content/uploads/2020/02/fitness-trainer-02.jpg
1283	2020/02/id-17505-fitness-trainer-resize-scaled.jpg	2020/02/id-17505-fitness-trainer-resize.jpg	yes	530	2560		0		id-17505-fitness-trainer-resize.jpg	2020-02-03 04:46:34	https://www.streamlineusa.com/wp-content/uploads/2020/02/id-17505-fitness-trainer-resize-scaled.jpg
1285	2020/02/artist-04-home-scaled.jpg	2020/02/artist-04-home.jpg	yes	741	2560		0		artist-04-home.jpg	2020-02-03 04:46:45	https://www.streamlineusa.com/wp-content/uploads/2020/02/artist-04-home-scaled.jpg
1288	2020/02/wedding-organizer-04-home-scaled.jpg	2020/02/wedding-organizer-04-home.jpg	yes	702	2560		0		wedding-organizer-04-home.jpg	2020-02-03 04:46:56	https://www.streamlineusa.com/wp-content/uploads/2020/02/wedding-organizer-04-home-scaled.jpg
1291	2020/02/massage-therapist-home-scaled.jpg	2020/02/massage-therapist-home.jpg	yes	821	2560		0		massage-therapist-home.jpg	2020-02-03 04:47:08	https://www.streamlineusa.com/wp-content/uploads/2020/02/massage-therapist-home-scaled.jpg
1293	2020/02/dietitian-04-home-1-scaled.jpg	2020/02/dietitian-04-home-1.jpg	yes	803	2560		0		dietitian-04-home-1.jpg	2020-02-03 04:47:18	https://www.streamlineusa.com/wp-content/uploads/2020/02/dietitian-04-home-1-scaled.jpg
1295	2020/02/massage-therapist-04-home-scaled.jpg	2020/02/massage-therapist-04-home.jpg	yes	659	2560		0		massage-therapist-04-home.jpg	2020-02-03 04:47:28	https://www.streamlineusa.com/wp-content/uploads/2020/02/massage-therapist-04-home-scaled.jpg
1298	2020/02/pet-care-04-scaled.jpg	2020/02/pet-care-04.jpg	yes	586	2560		0		pet-care-04.jpg	2020-02-03 04:47:38	https://www.streamlineusa.com/wp-content/uploads/2020/02/pet-care-04-scaled.jpg
1300	2020/02/photographer-04-scaled.jpg	2020/02/photographer-04.jpg	yes	653	2560		0		photographer-04.jpg	2020-02-03 04:47:47	https://www.streamlineusa.com/wp-content/uploads/2020/02/photographer-04-scaled.jpg
1303	2020/02/dental-clinic-homescreen-scaled.jpg	2020/02/dental-clinic-homescreen.jpg	yes	721	2560		0		dental-clinic-homescreen.jpg	2020-02-03 04:47:56	https://www.streamlineusa.com/wp-content/uploads/2020/02/dental-clinic-homescreen-scaled.jpg
1305	2020/02/id-22302-organic-store-resize-1-scaled.jpg	2020/02/id-22302-organic-store-resize-1.jpg	yes	725	2560		0		id-22302-organic-store-resize-1.jpg	2020-02-03 04:48:05	https://www.streamlineusa.com/wp-content/uploads/2020/02/id-22302-organic-store-resize-1-scaled.jpg
1307	2020/02/id-26309-pet-services-resize-scaled.jpg	2020/02/id-26309-pet-services-resize.jpg	yes	667	2560		0		id-26309-pet-services-resize.jpg	2020-02-03 04:48:13	https://www.streamlineusa.com/wp-content/uploads/2020/02/id-26309-pet-services-resize-scaled.jpg
1309	2020/02/id-28828-fly-movers-home-resize-scaled.jpg	2020/02/id-28828-fly-movers-home-resize.jpg	yes	590	2560		0		id-28828-fly-movers-home-resize.jpg	2020-02-03 04:48:22	https://www.streamlineusa.com/wp-content/uploads/2020/02/id-28828-fly-movers-home-resize-scaled.jpg
1311	2020/02/id-28407-tow-services-resize-scaled.jpg	2020/02/id-28407-tow-services-resize.jpg	yes	805	2560		0		id-28407-tow-services-resize.jpg	2020-02-03 04:48:31	https://www.streamlineusa.com/wp-content/uploads/2020/02/id-28407-tow-services-resize-scaled.jpg
1313	2020/02/id-22401-organic-store-resize-1-scaled.jpg	2020/02/id-22401-organic-store-resize-1.jpg	yes	707	2560		0		id-22401-organic-store-resize-1.jpg	2020-02-03 04:48:40	https://www.streamlineusa.com/wp-content/uploads/2020/02/id-22401-organic-store-resize-1-scaled.jpg
1315	2020/02/pet-sitting-02-scaled.jpg	2020/02/pet-sitting-02.jpg	yes	637	2560		0		pet-sitting-02.jpg	2020-02-03 04:48:48	https://www.streamlineusa.com/wp-content/uploads/2020/02/pet-sitting-02-scaled.jpg
1317	2020/02/image-22422-470-resized-scaled.jpg	2020/02/image-22422-470-resized.jpg	yes	604	2560		0		image-22422-470-resized.jpg	2020-02-03 04:48:57	https://www.streamlineusa.com/wp-content/uploads/2020/02/image-22422-470-resized-scaled.jpg
1319	2020/02/shoe-store-04-home-scaled.jpg	2020/02/shoe-store-04-home.jpg	yes	841	2560		0		shoe-store-04-home.jpg	2020-02-03 04:49:06	https://www.streamlineusa.com/wp-content/uploads/2020/02/shoe-store-04-home-scaled.jpg
1321	2020/02/id-22296-shoe-store-resize-scaled.jpg	2020/02/id-22296-shoe-store-resize.jpg	yes	867	2560		0		id-22296-shoe-store-resize.jpg	2020-02-03 04:49:14	https://www.streamlineusa.com/wp-content/uploads/2020/02/id-22296-shoe-store-resize-scaled.jpg
1323	2020/02/id-22317-photographer-resize-scaled.jpg	2020/02/id-22317-photographer-resize.jpg	yes	577	2560		0		id-22317-photographer-resize.jpg	2020-02-03 04:49:23	https://www.streamlineusa.com/wp-content/uploads/2020/02/id-22317-photographer-resize-scaled.jpg
1324	2020/02/id-22306-pet-care-resize-scaled.jpg	2020/02/id-22306-pet-care-resize.jpg	yes	899	2560		0		id-22306-pet-care-resize.jpg	2020-02-03 04:49:27	https://www.streamlineusa.com/wp-content/uploads/2020/02/id-22306-pet-care-resize-scaled.jpg
1327	2020/02/custom-printing-home-screenshot.png	2020/02/custom-printing-home-screenshot.png	no	1200	3656		0		custom-printing-home-screenshot.png	2020-02-03 04:49:32	https://www.streamlineusa.com/wp-content/uploads/2020/02/custom-printing-home-screenshot.png
1328	2020/02/id-22137-yoga-studio-resize-scaled.jpg	2020/02/id-22137-yoga-studio-resize.jpg	yes	702	2560		0		id-22137-yoga-studio-resize.jpg	2020-02-03 04:49:35	https://www.streamlineusa.com/wp-content/uploads/2020/02/id-22137-yoga-studio-resize-scaled.jpg
1329	2020/02/accountant-home-screenshot.png	2020/02/accountant-home-screenshot.png	no	1200	4698		0		accountant-home-screenshot.png	2020-02-03 04:49:45	https://www.streamlineusa.com/wp-content/uploads/2020/02/accountant-home-screenshot.png
1333	2020/02/id-22110-learndash-academy-resize-scaled.jpg	2020/02/id-22110-learndash-academy-resize.jpg	yes	805	2560		0		id-22110-learndash-academy-resize.jpg	2020-02-03 04:49:57	https://www.streamlineusa.com/wp-content/uploads/2020/02/id-22110-learndash-academy-resize-scaled.jpg
1334	2020/02/yoga-04-home-scaled.jpg	2020/02/yoga-04-home.jpg	yes	655	2560		0		yoga-04-home.jpg	2020-02-03 04:50:00	https://www.streamlineusa.com/wp-content/uploads/2020/02/yoga-04-home-scaled.jpg
1337	2020/02/id-22081-learndash-academy-resize-scaled.jpg	2020/02/id-22081-learndash-academy-resize.jpg	yes	767	2560		0		id-22081-learndash-academy-resize.jpg	2020-02-03 04:50:06	https://www.streamlineusa.com/wp-content/uploads/2020/02/id-22081-learndash-academy-resize-scaled.jpg
1338	2020/02/id-22091-travel-agency-resize-scaled.jpg	2020/02/id-22091-travel-agency-resize.jpg	yes	639	2560		0		id-22091-travel-agency-resize.jpg	2020-02-03 04:50:09	https://www.streamlineusa.com/wp-content/uploads/2020/02/id-22091-travel-agency-resize-scaled.jpg
1341	2020/02/id-22080-disc-jockey-resize-scaled.jpg	2020/02/id-22080-disc-jockey-resize.jpg	yes	764	2560		0		id-22080-disc-jockey-resize.jpg	2020-02-03 04:50:15	https://www.streamlineusa.com/wp-content/uploads/2020/02/id-22080-disc-jockey-resize-scaled.jpg
1343	2020/02/id-22058-travel-agency-resize-scaled.jpg	2020/02/id-22058-travel-agency-resize.jpg	yes	661	2560		0		id-22058-travel-agency-resize.jpg	2020-02-03 04:50:23	https://www.streamlineusa.com/wp-content/uploads/2020/02/id-22058-travel-agency-resize-scaled.jpg
1345	2020/02/window-door-homepage-scaled.jpg	2020/02/window-door-homepage.jpg	yes	911	2560		0		window-door-homepage.jpg	2020-02-03 04:50:33	https://www.streamlineusa.com/wp-content/uploads/2020/02/window-door-homepage-scaled.jpg
1347	2020/02/id-22044-accountant-resize-scaled.jpg	2020/02/id-22044-accountant-resize.jpg	yes	658	2560		0		id-22044-accountant-resize.jpg	2020-02-03 04:50:41	https://www.streamlineusa.com/wp-content/uploads/2020/02/id-22044-accountant-resize-scaled.jpg
1349	2020/02/id-22000-fitness-trainer-resize-scaled.jpg	2020/02/id-22000-fitness-trainer-resize.jpg	yes	410	2560		0		id-22000-fitness-trainer-resize.jpg	2020-02-03 04:50:50	https://www.streamlineusa.com/wp-content/uploads/2020/02/id-22000-fitness-trainer-resize-scaled.jpg
1351	2020/02/id-22009-learndash-academy-resize-scaled.jpg	2020/02/id-22009-learndash-academy-resize.jpg	yes	784	2560		0		id-22009-learndash-academy-resize.jpg	2020-02-03 04:51:00	https://www.streamlineusa.com/wp-content/uploads/2020/02/id-22009-learndash-academy-resize-scaled.jpg
1353	2020/02/cleaning-agency-04-home-page-scaled.jpg	2020/02/cleaning-agency-04-home-page.jpg	yes	609	2560		0		cleaning-agency-04-home-page.jpg	2020-02-03 04:51:08	https://www.streamlineusa.com/wp-content/uploads/2020/02/cleaning-agency-04-home-page-scaled.jpg
1355	2020/02/fashion-lifestyle-home-screenshot.png	2020/02/fashion-lifestyle-home-screenshot.png	no	1200	4016		0		fashion-lifestyle-home-screenshot.png	2020-02-03 04:51:17	https://www.streamlineusa.com/wp-content/uploads/2020/02/fashion-lifestyle-home-screenshot.png
1357	2020/02/id-21931-life-coach-resize-scaled.jpg	2020/02/id-21931-life-coach-resize.jpg	yes	796	2560		0		id-21931-life-coach-resize.jpg	2020-02-03 04:51:35	https://www.streamlineusa.com/wp-content/uploads/2020/02/id-21931-life-coach-resize-scaled.jpg
1359	2020/02/image-21922-242-resized-scaled.jpg	2020/02/image-21922-242-resized.jpg	yes	573	2560		0		image-21922-242-resized.jpg	2020-02-03 04:51:45	https://www.streamlineusa.com/wp-content/uploads/2020/02/image-21922-242-resized-scaled.jpg
1361	2020/02/id-21935-construction-resize-scaled.jpg	2020/02/id-21935-construction-resize.jpg	yes	572	2560		0		id-21935-construction-resize.jpg	2020-02-03 04:51:53	https://www.streamlineusa.com/wp-content/uploads/2020/02/id-21935-construction-resize-scaled.jpg
1362	2020/02/id-21835-manufacturing-resize-scaled.jpg	2020/02/id-21835-manufacturing-resize.jpg	yes	909	2560		0		id-21835-manufacturing-resize.jpg	2020-02-03 04:55:59	https://www.streamlineusa.com/wp-content/uploads/2020/02/id-21835-manufacturing-resize-scaled.jpg
1363	2020/02/id-21913-motivational-speaker-resize-scaled.jpg	2020/02/id-21913-motivational-speaker-resize.jpg	yes	739	2560		0		id-21913-motivational-speaker-resize.jpg	2020-02-03 04:56:06	https://www.streamlineusa.com/wp-content/uploads/2020/02/id-21913-motivational-speaker-resize-scaled.jpg
1364	2020/02/image-21904-432-resized-scaled.jpg	2020/02/image-21904-432-resized.jpg	yes	447	2560		0		image-21904-432-resized.jpg	2020-02-03 04:56:13	https://www.streamlineusa.com/wp-content/uploads/2020/02/image-21904-432-resized-scaled.jpg
1365	2020/02/id-21899-travel-blog-resize-scaled.jpg	2020/02/id-21899-travel-blog-resize.jpg	yes	608	2560		0		id-21899-travel-blog-resize.jpg	2020-02-03 04:56:22	https://www.streamlineusa.com/wp-content/uploads/2020/02/id-21899-travel-blog-resize-scaled.jpg
1366	2020/02/id-21828-health-coach-resize-scaled.jpg	2020/02/id-21828-health-coach-resize.jpg	yes	554	2560		0		id-21828-health-coach-resize.jpg	2020-02-03 04:56:30	https://www.streamlineusa.com/wp-content/uploads/2020/02/id-21828-health-coach-resize-scaled.jpg
1367	2020/02/id-21879-home-remodeling-resize-scaled.jpg	2020/02/id-21879-home-remodeling-resize.jpg	yes	678	2560		0		id-21879-home-remodeling-resize.jpg	2020-02-03 04:56:39	https://www.streamlineusa.com/wp-content/uploads/2020/02/id-21879-home-remodeling-resize-scaled.jpg
1368	2020/02/id-21873-health-fitness-resize-scaled.jpg	2020/02/id-21873-health-fitness-resize.jpg	yes	648	2560		0		id-21873-health-fitness-resize.jpg	2020-02-03 04:56:48	https://www.streamlineusa.com/wp-content/uploads/2020/02/id-21873-health-fitness-resize-scaled.jpg
1369	2020/02/real-estate-home-screenshot.png	2020/02/real-estate-home-screenshot.png	no	1200	4654		0		real-estate-home-screenshot.png	2020-02-03 04:56:57	https://www.streamlineusa.com/wp-content/uploads/2020/02/real-estate-home-screenshot.png
1379	2020/02/id-21841-towing-servicese2808b-resize-scaled.jpg	2020/02/id-21841-towing-servicese2808b-resize.jpg	yes	825	2560		0		id-21841-towing-servicese2808b-resize.jpg	2020-02-03 04:57:20	https://www.streamlineusa.com/wp-content/uploads/2020/02/id-21841-towing-servicese2808b-resize-scaled.jpg
1380	2020/02/id-21841-towing-servicese2808b-resize-1-scaled.jpg	2020/02/id-21841-towing-servicese2808b-resize-1.jpg	yes	825	2560		0		id-21841-towing-servicese2808b-resize.jpg	2020-02-03 04:57:20	https://www.streamlineusa.com/wp-content/uploads/2020/02/id-21841-towing-servicese2808b-resize-1-scaled.jpg
1382	2020/02/id-21821-custom-printing-resize-scaled.jpg	2020/02/id-21821-custom-printing-resize.jpg	yes	732	2560		0		id-21821-custom-printing-resize.jpg	2020-02-03 04:57:34	https://www.streamlineusa.com/wp-content/uploads/2020/02/id-21821-custom-printing-resize-scaled.jpg
1383	2020/02/id-21821-custom-printing-resize-scaled.jpg	2020/02/id-21821-custom-printing-resize.jpg	yes	732	2560		0		id-21821-custom-printing-resize.jpg	2020-02-03 04:57:34	https://www.streamlineusa.com/wp-content/uploads/2020/02/id-21821-custom-printing-resize-scaled.jpg
1385	2020/02/id-21814-swimming-pool-services-resize-scaled.jpg	2020/02/id-21814-swimming-pool-services-resize.jpg	yes	610	2560		0		id-21814-swimming-pool-services-resize.jpg	2020-02-03 04:57:45	https://www.streamlineusa.com/wp-content/uploads/2020/02/id-21814-swimming-pool-services-resize-scaled.jpg
1386	2020/02/id-21814-swimming-pool-services-resize-scaled.jpg	2020/02/id-21814-swimming-pool-services-resize.jpg	yes	610	2560		0		id-21814-swimming-pool-services-resize.jpg	2020-02-03 04:57:45	https://www.streamlineusa.com/wp-content/uploads/2020/02/id-21814-swimming-pool-services-resize-scaled.jpg
1387	2020/02/florist-04-home-page-scaled.jpg	2020/02/florist-04-home-page.jpg	yes	632	2560		0		florist-04-home-page.jpg	2020-02-03 04:57:55	https://www.streamlineusa.com/wp-content/uploads/2020/02/florist-04-home-page-scaled.jpg
1388	2020/02/id-21340-car-wash-resize-scaled.jpg	2020/02/id-21340-car-wash-resize.jpg	yes	668	2560		0		id-21340-car-wash-resize.jpg	2020-02-03 04:58:05	https://www.streamlineusa.com/wp-content/uploads/2020/02/id-21340-car-wash-resize-scaled.jpg
1389	2020/02/car-wash-home-screenshot.png	2020/02/car-wash-home-screenshot.png	no	1200	4504		0		car-wash-home-screenshot.png	2020-02-03 04:58:15	https://www.streamlineusa.com/wp-content/uploads/2020/02/car-wash-home-screenshot.png
1390	2020/02/wedding-mark-brizy-scaled.jpg	2020/02/wedding-mark-brizy.jpg	yes	779	2560		0		wedding-mark-brizy.jpg	2020-02-03 04:58:45	https://www.streamlineusa.com/wp-content/uploads/2020/02/wedding-mark-brizy-scaled.jpg
1391	2020/02/id-21599-makeup-artist-resize-scaled.jpg	2020/02/id-21599-makeup-artist-resize.jpg	yes	788	2560		0		id-21599-makeup-artist-resize.jpg	2020-02-03 04:58:52	https://www.streamlineusa.com/wp-content/uploads/2020/02/id-21599-makeup-artist-resize-scaled.jpg
1392	2020/02/id-21592-custom-printing-pro-resize-scaled.jpg	2020/02/id-21592-custom-printing-pro-resize.jpg	yes	732	2560		0		id-21592-custom-printing-pro-resize.jpg	2020-02-03 04:59:01	https://www.streamlineusa.com/wp-content/uploads/2020/02/id-21592-custom-printing-pro-resize-scaled.jpg
1393	2020/02/life-coach-sara-john-home-1-scaled.jpg	2020/02/life-coach-sara-john-home-1.jpg	yes	1026	2560		0		life-coach-sara-john-home-1.jpg	2020-02-03 04:59:10	https://www.streamlineusa.com/wp-content/uploads/2020/02/life-coach-sara-john-home-1-scaled.jpg
1394	2020/02/id-21347-transport-services-resize-scaled.jpg	2020/02/id-21347-transport-services-resize.jpg	yes	540	2560		0		id-21347-transport-services-resize.jpg	2020-02-03 04:59:21	https://www.streamlineusa.com/wp-content/uploads/2020/02/id-21347-transport-services-resize-scaled.jpg
1395	2020/02/id-21329-transport-services-resize-scaled.jpg	2020/02/id-21329-transport-services-resize.jpg	yes	527	2560		0		id-21329-transport-services-resize.jpg	2020-02-03 04:59:29	https://www.streamlineusa.com/wp-content/uploads/2020/02/id-21329-transport-services-resize-scaled.jpg
1396	2020/02/id-21335-cleaning-services-resize-scaled.jpg	2020/02/id-21335-cleaning-services-resize.jpg	yes	707	2560		0		id-21335-cleaning-services-resize.jpg	2020-02-03 04:59:39	https://www.streamlineusa.com/wp-content/uploads/2020/02/id-21335-cleaning-services-resize-scaled.jpg
1397	2020/02/id-21171-fly-movers-resize-scaled.jpg	2020/02/id-21171-fly-movers-resize.jpg	yes	607	2560		0		id-21171-fly-movers-resize.jpg	2020-02-03 04:59:49	https://www.streamlineusa.com/wp-content/uploads/2020/02/id-21171-fly-movers-resize-scaled.jpg
1398	2020/02/wedding-planner-04-home-1-scaled.jpg	2020/02/wedding-planner-04-home-1.jpg	yes	506	2560		0		wedding-planner-04-home-1.jpg	2020-02-03 04:59:58	https://www.streamlineusa.com/wp-content/uploads/2020/02/wedding-planner-04-home-1-scaled.jpg
1399	2020/02/id-20919-ecourse-learn-photoshop-resize-scaled.jpg	2020/02/id-20919-ecourse-learn-photoshop-resize.jpg	yes	535	2560		0		id-20919-ecourse-learn-photoshop-resize.jpg	2020-02-03 05:00:07	https://www.streamlineusa.com/wp-content/uploads/2020/02/id-20919-ecourse-learn-photoshop-resize-scaled.jpg
1400	2020/02/id-20924-life-coach-resize-scaled.jpg	2020/02/id-20924-life-coach-resize.jpg	yes	725	2560		0		id-20924-life-coach-resize.jpg	2020-02-03 05:00:15	https://www.streamlineusa.com/wp-content/uploads/2020/02/id-20924-life-coach-resize-scaled.jpg
1401	2020/02/id-20957-hotel-resize-scaled.jpg	2020/02/id-20957-hotel-resize.jpg	yes	427	2560		0		id-20957-hotel-resize.jpg	2020-02-03 05:00:24	https://www.streamlineusa.com/wp-content/uploads/2020/02/id-20957-hotel-resize-scaled.jpg
1402	2020/02/wordpress-agency-04-home-scaled.jpg	2020/02/wordpress-agency-04-home.jpg	yes	422	2560		0		wordpress-agency-04-home.jpg	2020-02-03 05:00:34	https://www.streamlineusa.com/wp-content/uploads/2020/02/wordpress-agency-04-home-scaled.jpg
1423	2020/02/id-20969-ecourse-resize-scaled.jpg	2020/02/id-20969-ecourse-resize.jpg	yes	451	2560		0		id-20969-ecourse-resize.jpg	2020-02-03 05:00:43	https://www.streamlineusa.com/wp-content/uploads/2020/02/id-20969-ecourse-resize-scaled.jpg
1425	2020/02/id-20972-personal-dietitian-resize-scaled.jpg	2020/02/id-20972-personal-dietitian-resize.jpg	yes	782	2560		0		id-20972-personal-dietitian-resize.jpg	2020-02-03 05:00:52	https://www.streamlineusa.com/wp-content/uploads/2020/02/id-20972-personal-dietitian-resize-scaled.jpg
1427	2020/02/charity-home-04-scaled.jpg	2020/02/charity-home-04.jpg	yes	652	2560		0		charity-home-04.jpg	2020-02-03 05:01:00	https://www.streamlineusa.com/wp-content/uploads/2020/02/charity-home-04-scaled.jpg
1429	2020/02/id-20983-sweet-shop-resize-scaled.jpg	2020/02/id-20983-sweet-shop-resize.jpg	yes	786	2560		0		id-20983-sweet-shop-resize.jpg	2020-02-03 05:01:10	https://www.streamlineusa.com/wp-content/uploads/2020/02/id-20983-sweet-shop-resize-scaled.jpg
1431	2020/02/id-21029-spa-resize-scaled.jpg	2020/02/id-21029-spa-resize.jpg	yes	567	2560		0		id-21029-spa-resize.jpg	2020-02-03 05:01:18	https://www.streamlineusa.com/wp-content/uploads/2020/02/id-21029-spa-resize-scaled.jpg
1433	2020/02/id-21039-agency-resize-scaled.jpg	2020/02/id-21039-agency-resize.jpg	yes	424	2560		0		id-21039-agency-resize.jpg	2020-02-03 05:01:29	https://www.streamlineusa.com/wp-content/uploads/2020/02/id-21039-agency-resize-scaled.jpg
1435	2020/02/freelancer-04-home-scaled.jpg	2020/02/freelancer-04-home.jpg	yes	547	2560		0		freelancer-04-home.jpg	2020-02-03 05:01:38	https://www.streamlineusa.com/wp-content/uploads/2020/02/freelancer-04-home-scaled.jpg
1437	2020/02/id-21081-restaurant-resize-scaled.jpg	2020/02/id-21081-restaurant-resize.jpg	yes	501	2560		0		id-21081-restaurant-resize.jpg	2020-02-03 05:01:47	https://www.streamlineusa.com/wp-content/uploads/2020/02/id-21081-restaurant-resize-scaled.jpg
1439	2020/02/id-21085-multimed-clinic-resize-scaled.jpg	2020/02/id-21085-multimed-clinic-resize.jpg	yes	619	2560		0		id-21085-multimed-clinic-resize.jpg	2020-02-03 05:01:56	https://www.streamlineusa.com/wp-content/uploads/2020/02/id-21085-multimed-clinic-resize-scaled.jpg
1442	2020/02/id-21090-university-resize-scaled.jpg	2020/02/id-21090-university-resize.jpg	yes	725	2560		0		id-21090-university-resize.jpg	2020-02-03 05:02:04	https://www.streamlineusa.com/wp-content/uploads/2020/02/id-21090-university-resize-scaled.jpg
1444	2020/02/id-21092-kindergarten-resize-scaled.jpg	2020/02/id-21092-kindergarten-resize.jpg	yes	506	2560		0		id-21092-kindergarten-resize.jpg	2020-02-03 05:02:13	https://www.streamlineusa.com/wp-content/uploads/2020/02/id-21092-kindergarten-resize-scaled.jpg
1446	2020/02/id-21096-gym-fitness-resize-scaled.jpg	2020/02/id-21096-gym-fitness-resize.jpg	yes	710	2560		0		id-21096-gym-fitness-resize.jpg	2020-02-03 05:02:24	https://www.streamlineusa.com/wp-content/uploads/2020/02/id-21096-gym-fitness-resize-scaled.jpg
1448	2020/02/id-21098-winery-resize-scaled.jpg	2020/02/id-21098-winery-resize.jpg	yes	785	2560		0		id-21098-winery-resize.jpg	2020-02-03 05:02:35	https://www.streamlineusa.com/wp-content/uploads/2020/02/id-21098-winery-resize-scaled.jpg
1450	2020/02/psychiatrist-home-04-scaled.jpg	2020/02/psychiatrist-home-04.jpg	yes	522	2560		0		psychiatrist-home-04.jpg	2020-02-03 05:02:44	https://www.streamlineusa.com/wp-content/uploads/2020/02/psychiatrist-home-04-scaled.jpg
1452	2020/02/id-21102-author-resize-scaled.jpg	2020/02/id-21102-author-resize.jpg	yes	769	2560		0		id-21102-author-resize.jpg	2020-02-03 05:02:53	https://www.streamlineusa.com/wp-content/uploads/2020/02/id-21102-author-resize-scaled.jpg
1454	2020/02/id-19915-plumber-resize-scaled.jpg	2020/02/id-19915-plumber-resize.jpg	yes	908	2560		0		id-19915-plumber-resize.jpg	2020-02-03 05:03:00	https://www.streamlineusa.com/wp-content/uploads/2020/02/id-19915-plumber-resize-scaled.jpg
1456	2020/02/id-21073-garden-maintenance-resize-scaled.jpg	2020/02/id-21073-garden-maintenance-resize.jpg	yes	593	2560		0		id-21073-garden-maintenance-resize.jpg	2020-02-03 05:03:09	https://www.streamlineusa.com/wp-content/uploads/2020/02/id-21073-garden-maintenance-resize-scaled.jpg
1458	2020/02/garden-maintainance-home-screenshot.png	2020/02/garden-maintainance-home-screenshot.png	no	1200	4953		0		garden-maintainance-home-screenshot.png	2020-02-03 05:03:20	https://www.streamlineusa.com/wp-content/uploads/2020/02/garden-maintainance-home-screenshot.png
1460	2020/02/image-20946-416-resized.jpg	2020/02/image-20946-416-resized.jpg	no	1024	1968		0		image-20946-416-resized.jpg	2020-02-03 05:03:48	https://www.streamlineusa.com/wp-content/uploads/2020/02/image-20946-416-resized.jpg
1462	2020/02/interior-designer-home-screenshot.png	2020/02/interior-designer-home-screenshot.png	no	1200	3171		0		interior-designer-home-screenshot.png	2020-02-03 05:03:56	https://www.streamlineusa.com/wp-content/uploads/2020/02/interior-designer-home-screenshot.png
1464	2020/02/id-21035-interior-designer-resize-scaled.jpg	2020/02/id-21035-interior-designer-resize.jpg	yes	963	2560		0		id-21035-interior-designer-resize.jpg	2020-02-03 05:04:16	https://www.streamlineusa.com/wp-content/uploads/2020/02/id-21035-interior-designer-resize-scaled.jpg
1466	2020/02/growthmarketer-home-screenshot.png	2020/02/growthmarketer-home-screenshot.png	no	1200	4154		0		growthmarketer-home-screenshot.png	2020-02-03 05:04:26	https://www.streamlineusa.com/wp-content/uploads/2020/02/growthmarketer-home-screenshot.png
1467	2020/02/growthmarketer-home-screenshot-1.png	2020/02/growthmarketer-home-screenshot-1.png	no	1200	4154		0		growthmarketer-home-screenshot.png	2020-02-03 05:04:27	https://www.streamlineusa.com/wp-content/uploads/2020/02/growthmarketer-home-screenshot-1.png
1469	2020/02/id-21023-pearson-college-resize-scaled.jpg	2020/02/id-21023-pearson-college-resize.jpg	yes	662	2560		0		id-21023-pearson-college-resize.jpg	2020-02-03 05:04:45	https://www.streamlineusa.com/wp-content/uploads/2020/02/id-21023-pearson-college-resize-scaled.jpg
1470	2020/02/id-21023-pearson-college-resize-1-scaled.jpg	2020/02/id-21023-pearson-college-resize-1.jpg	yes	662	2560		0		id-21023-pearson-college-resize.jpg	2020-02-03 05:04:46	https://www.streamlineusa.com/wp-content/uploads/2020/02/id-21023-pearson-college-resize-1-scaled.jpg
1471	2020/02/id-20746-pearson-college-resize-scaled.jpg	2020/02/id-20746-pearson-college-resize.jpg	yes	693	2560		0		id-20746-pearson-college-resize.jpg	2020-02-03 05:04:57	https://www.streamlineusa.com/wp-content/uploads/2020/02/id-20746-pearson-college-resize-scaled.jpg
1472	2020/02/id-20904-barber-shop-resize-scaled.jpg	2020/02/id-20904-barber-shop-resize.jpg	yes	570	2560		0		id-20904-barber-shop-resize.jpg	2020-02-03 05:05:07	https://www.streamlineusa.com/wp-content/uploads/2020/02/id-20904-barber-shop-resize-scaled.jpg
1473	2020/02/image-20907-414-resized-scaled.jpg	2020/02/image-20907-414-resized.jpg	yes	779	2560		0		image-20907-414-resized.jpg	2020-02-03 05:05:17	https://www.streamlineusa.com/wp-content/uploads/2020/02/image-20907-414-resized-scaled.jpg
1474	2020/02/barber-shop-02-home-1-scaled.jpg	2020/02/barber-shop-02-home-1.jpg	yes	589	2560		0		barber-shop-02-home-1.jpg	2020-02-03 05:05:26	https://www.streamlineusa.com/wp-content/uploads/2020/02/barber-shop-02-home-1-scaled.jpg
1475	2020/02/plant-store-home-screenshot.png	2020/02/plant-store-home-screenshot.png	no	1200	3699		0		plant-store-home-screenshot.png	2020-02-03 05:05:38	https://www.streamlineusa.com/wp-content/uploads/2020/02/plant-store-home-screenshot.png
1476	2020/02/id-20732-photography-portfolio-resize-scaled.jpg	2020/02/id-20732-photography-portfolio-resize.jpg	yes	728	2560		0		id-20732-photography-portfolio-resize.jpg	2020-02-03 05:05:58	https://www.streamlineusa.com/wp-content/uploads/2020/02/id-20732-photography-portfolio-resize-scaled.jpg
1477	2020/02/big6.jpg	2020/02/big6.jpg	no	1160	520		0		big6.jpg	2020-02-03 05:06:02	https://www.streamlineusa.com/wp-content/uploads/2020/02/big6.jpg
1478	2020/02/id-20564-brandstore-resize-scaled.jpg	2020/02/id-20564-brandstore-resize.jpg	yes	871	2560		0		id-20564-brandstore-resize.jpg	2020-02-03 05:06:08	https://www.streamlineusa.com/wp-content/uploads/2020/02/id-20564-brandstore-resize-scaled.jpg
1479	2020/02/recipe-blog-07-1-scaled.jpg	2020/02/recipe-blog-07-1.jpg	yes	897	2560		0		recipe-blog-07-1.jpg	2020-02-03 05:06:18	https://www.streamlineusa.com/wp-content/uploads/2020/02/recipe-blog-07-1-scaled.jpg
1480	2020/02/id-20567-sierra-industry-resize-scaled.jpg	2020/02/id-20567-sierra-industry-resize.jpg	yes	809	2560		0		id-20567-sierra-industry-resize.jpg	2020-02-03 05:06:30	https://www.streamlineusa.com/wp-content/uploads/2020/02/id-20567-sierra-industry-resize-scaled.jpg
1481	2020/02/italian-starter-site-scaled.jpg	2020/02/italian-starter-site.jpg	yes	845	2560		0		italian-starter-site.jpg	2020-02-03 05:06:43	https://www.streamlineusa.com/wp-content/uploads/2020/02/italian-starter-site-scaled.jpg
1482	2020/02/id-20573-sierra-nature-resize-scaled.jpg	2020/02/id-20573-sierra-nature-resize.jpg	yes	833	2560		0		id-20573-sierra-nature-resize.jpg	2020-02-03 05:06:54	https://www.streamlineusa.com/wp-content/uploads/2020/02/id-20573-sierra-nature-resize-scaled.jpg
1483	2020/02/plumber-home-screenshot.png	2020/02/plumber-home-screenshot.png	no	1200	3419		0		plumber-home-screenshot.png	2020-02-03 05:07:06	https://www.streamlineusa.com/wp-content/uploads/2020/02/plumber-home-screenshot.png
1484	2020/02/id-20536-plumber-resize-scaled.jpg	2020/02/id-20536-plumber-resize.jpg	yes	917	2560		0		id-20536-plumber-resize.jpg	2020-02-03 05:07:38	https://www.streamlineusa.com/wp-content/uploads/2020/02/id-20536-plumber-resize-scaled.jpg
1485	2020/02/conference-event-03-revampp-scaled.jpg	2020/02/conference-event-03-revampp.jpg	yes	536	2560		0		conference-event-03-revampp.jpg	2020-02-03 05:07:50	https://www.streamlineusa.com/wp-content/uploads/2020/02/conference-event-03-revampp-scaled.jpg
1486	2020/02/id-20495-a-c-technician-resize-scaled.jpg	2020/02/id-20495-a-c-technician-resize.jpg	yes	1066	2560		0		id-20495-a-c-technician-resize.jpg	2020-02-03 05:08:02	https://www.streamlineusa.com/wp-content/uploads/2020/02/id-20495-a-c-technician-resize-scaled.jpg
1487	2020/02/id-20475-co-working-space-resize-scaled.jpg	2020/02/id-20475-co-working-space-resize.jpg	yes	915	2560		0		id-20475-co-working-space-resize.jpg	2020-02-03 05:08:12	https://www.streamlineusa.com/wp-content/uploads/2020/02/id-20475-co-working-space-resize-scaled.jpg
1488	2020/02/id-20478-brandstore-resize-scaled.jpg	2020/02/id-20478-brandstore-resize.jpg	yes	1040	2560		0		id-20478-brandstore-resize.jpg	2020-02-03 05:08:23	https://www.streamlineusa.com/wp-content/uploads/2020/02/id-20478-brandstore-resize-scaled.jpg
1489	2020/02/id-20009-entrepreneur-resize-scaled.jpg	2020/02/id-20009-entrepreneur-resize.jpg	yes	906	2560		0		id-20009-entrepreneur-resize.jpg	2020-02-03 05:08:33	https://www.streamlineusa.com/wp-content/uploads/2020/02/id-20009-entrepreneur-resize-scaled.jpg
1490	2020/02/id-19990-outdoor-adventure-resize-scaled.jpg	2020/02/id-19990-outdoor-adventure-resize.jpg	yes	1051	2560		0		id-19990-outdoor-adventure-resize.jpg	2020-02-03 05:08:46	https://www.streamlineusa.com/wp-content/uploads/2020/02/id-19990-outdoor-adventure-resize-scaled.jpg
1491	2020/02/bbq-gb-home-scaled.jpg	2020/02/bbq-gb-home.jpg	yes	931	2560		0		bbq-gb-home.jpg	2020-02-03 05:08:56	https://www.streamlineusa.com/wp-content/uploads/2020/02/bbq-gb-home-scaled.jpg
1492	2020/02/id-19958-photography-portfolio-resize-scaled.jpg	2020/02/id-19958-photography-portfolio-resize.jpg	yes	763	2560		0		id-19958-photography-portfolio-resize.jpg	2020-02-03 05:09:06	https://www.streamlineusa.com/wp-content/uploads/2020/02/id-19958-photography-portfolio-resize-scaled.jpg
1493	2020/02/id-19824-sierra-industry-resize-scaled.jpg	2020/02/id-19824-sierra-industry-resize.jpg	yes	805	2560		0		id-19824-sierra-industry-resize.jpg	2020-02-03 05:09:16	https://www.streamlineusa.com/wp-content/uploads/2020/02/id-19824-sierra-industry-resize-scaled.jpg
1494	2020/02/id-19881-sierra-nature-resize-scaled.jpg	2020/02/id-19881-sierra-nature-resize.jpg	yes	891	2560		0		id-19881-sierra-nature-resize.jpg	2020-02-03 05:09:25	https://www.streamlineusa.com/wp-content/uploads/2020/02/id-19881-sierra-nature-resize-scaled.jpg
1495	2020/02/id-19884-outdoor-adventure-resize-scaled.jpg	2020/02/id-19884-outdoor-adventure-resize.jpg	yes	987	2560		0		id-19884-outdoor-adventure-resize.jpg	2020-02-03 05:09:34	https://www.streamlineusa.com/wp-content/uploads/2020/02/id-19884-outdoor-adventure-resize-scaled.jpg
1496	2020/02/sierra-nature-home-screenshot.png	2020/02/sierra-nature-home-screenshot.png	no	1200	3830		0		sierra-nature-home-screenshot.png	2020-02-03 05:09:44	https://www.streamlineusa.com/wp-content/uploads/2020/02/sierra-nature-home-screenshot.png
1497	2020/02/interior-firm-01-home-scaled.jpg	2020/02/interior-firm-01-home.jpg	yes	584	2560		0		interior-firm-01-home.jpg	2020-02-03 05:10:15	https://www.streamlineusa.com/wp-content/uploads/2020/02/interior-firm-01-home-scaled.jpg
1498	2020/02/id-19790-agency-resize-scaled.jpg	2020/02/id-19790-agency-resize.jpg	yes	753	2560		0		id-19790-agency-resize.jpg	2020-02-03 05:10:24	https://www.streamlineusa.com/wp-content/uploads/2020/02/id-19790-agency-resize-scaled.jpg
1529	2020/02/id-19796-fitness-trainer-resize-scaled.jpg	2020/02/id-19796-fitness-trainer-resize.jpg	yes	511	2560		0		id-19796-fitness-trainer-resize.jpg	2020-02-03 05:10:29	https://www.streamlineusa.com/wp-content/uploads/2020/02/id-19796-fitness-trainer-resize-scaled.jpg
1530	2020/02/electrician-home-screenshot.png	2020/02/electrician-home-screenshot.png	no	1200	3738		0		electrician-home-screenshot.png	2020-02-03 05:10:34	https://www.streamlineusa.com/wp-content/uploads/2020/02/electrician-home-screenshot.png
1533	2020/02/gardenr-landscaping-scaled.jpg	2020/02/gardenr-landscaping.jpg	yes	805	2560		0		gardenr-landscaping.jpg	2020-02-03 05:10:39	https://www.streamlineusa.com/wp-content/uploads/2020/02/gardenr-landscaping-scaled.jpg
1535	2020/02/image-19792-326-resized-scaled.jpg	2020/02/image-19792-326-resized.jpg	yes	717	2560		0		image-19792-326-resized.jpg	2020-02-03 05:10:50	https://www.streamlineusa.com/wp-content/uploads/2020/02/image-19792-326-resized-scaled.jpg
1536	2020/02/id-19799-makeup-artist-resize-scaled.jpg	2020/02/id-19799-makeup-artist-resize.jpg	yes	1000	2560		0		id-19799-makeup-artist-resize.jpg	2020-02-03 05:10:54	https://www.streamlineusa.com/wp-content/uploads/2020/02/id-19799-makeup-artist-resize-scaled.jpg
1539	2020/02/id-19801-hotel-and-bnb-resize-scaled.jpg	2020/02/id-19801-hotel-and-bnb-resize.jpg	yes	603	2560		0		id-19801-hotel-and-bnb-resize.jpg	2020-02-03 05:10:59	https://www.streamlineusa.com/wp-content/uploads/2020/02/id-19801-hotel-and-bnb-resize-scaled.jpg
1540	2020/02/id-19754-coach-resize-scaled.jpg	2020/02/id-19754-coach-resize.jpg	yes	728	2560		0		id-19754-coach-resize.jpg	2020-02-03 05:11:04	https://www.streamlineusa.com/wp-content/uploads/2020/02/id-19754-coach-resize-scaled.jpg
1541	2020/02/id-19803-a-c-technician-resize-scaled.jpg	2020/02/id-19803-a-c-technician-resize.jpg	yes	982	2560		0		id-19803-a-c-technician-resize.jpg	2020-02-03 05:11:12	https://www.streamlineusa.com/wp-content/uploads/2020/02/id-19803-a-c-technician-resize-scaled.jpg
1542	2020/02/id-19755-motivational-speaker-resize-scaled.jpg	2020/02/id-19755-motivational-speaker-resize.jpg	yes	736	2560		0		id-19755-motivational-speaker-resize.jpg	2020-02-03 05:11:20	https://www.streamlineusa.com/wp-content/uploads/2020/02/id-19755-motivational-speaker-resize-scaled.jpg
1543	2020/02/outdoor-adventure-home-screenshot.png	2020/02/outdoor-adventure-home-screenshot.png	no	1200	2851		0		outdoor-adventure-home-screenshot.png	2020-02-03 05:11:29	https://www.streamlineusa.com/wp-content/uploads/2020/02/outdoor-adventure-home-screenshot.png
1545	2020/02/id-19784-artist-resize-scaled.jpg	2020/02/id-19784-artist-resize.jpg	yes	956	2560		0		id-19784-artist-resize.jpg	2020-02-03 05:11:55	https://www.streamlineusa.com/wp-content/uploads/2020/02/id-19784-artist-resize-scaled.jpg
1546	2020/02/charity-starter-site-brizy-scaled.jpg	2020/02/charity-starter-site-brizy.jpg	yes	710	2560		0		charity-starter-site-brizy.jpg	2020-02-03 05:12:03	https://www.streamlineusa.com/wp-content/uploads/2020/02/charity-starter-site-brizy-scaled.jpg
1547	2020/02/yoga-instructor-home-screenshot.png	2020/02/yoga-instructor-home-screenshot.png	no	1200	4432		0		yoga-instructor-home-screenshot.png	2020-02-03 05:12:12	https://www.streamlineusa.com/wp-content/uploads/2020/02/yoga-instructor-home-screenshot.png
1548	2020/02/image-19579-287-resized-scaled.jpg	2020/02/image-19579-287-resized.jpg	yes	636	2560		0		image-19579-287-resized.jpg	2020-02-03 05:12:37	https://www.streamlineusa.com/wp-content/uploads/2020/02/image-19579-287-resized-scaled.jpg
1549	2020/02/interior-firm-home-screenshot.png	2020/02/interior-firm-home-screenshot.png	no	1200	5217		0		interior-firm-home-screenshot.png	2020-02-03 05:12:47	https://www.streamlineusa.com/wp-content/uploads/2020/02/interior-firm-home-screenshot.png
1550	2020/02/bbq-resto-site-scaled.jpg	2020/02/bbq-resto-site.jpg	yes	689	2560		0		bbq-resto-site.jpg	2020-02-03 05:13:11	https://www.streamlineusa.com/wp-content/uploads/2020/02/bbq-resto-site-scaled.jpg
1551	2020/02/id-18882-restaurant-resize-scaled.jpg	2020/02/id-18882-restaurant-resize.jpg	yes	480	2560		0		id-18882-restaurant-resize.jpg	2020-02-03 05:13:19	https://www.streamlineusa.com/wp-content/uploads/2020/02/id-18882-restaurant-resize-scaled.jpg
1552	2020/02/image-21081-352-resized-scaled.jpg	2020/02/image-21081-352-resized.jpg	yes	529	2560		0		image-21081-352-resized.jpg	2020-02-03 05:13:28	https://www.streamlineusa.com/wp-content/uploads/2020/02/image-21081-352-resized-scaled.jpg
1553	2020/02/id-19111-a-c-technician-resize-scaled.jpg	2020/02/id-19111-a-c-technician-resize.jpg	yes	972	2560		0		id-19111-a-c-technician-resize.jpg	2020-02-03 05:13:35	https://www.streamlineusa.com/wp-content/uploads/2020/02/id-19111-a-c-technician-resize-scaled.jpg
1554	2020/02/ac-technician-home.png	2020/02/ac-technician-home.png	no	1200	3159		0		ac-technician-home.png	2020-02-03 05:13:49	https://www.streamlineusa.com/wp-content/uploads/2020/02/ac-technician-home.png
1555	2020/02/id-18887-multimed-clinic-resize-scaled.jpg	2020/02/id-18887-multimed-clinic-resize.jpg	yes	625	2560		0		id-18887-multimed-clinic-resize.jpg	2020-02-03 05:14:06	https://www.streamlineusa.com/wp-content/uploads/2020/02/id-18887-multimed-clinic-resize-scaled.jpg
1556	2020/02/id-18933-multimed-clinic-resize-scaled.jpg	2020/02/id-18933-multimed-clinic-resize.jpg	yes	618	2560		0		id-18933-multimed-clinic-resize.jpg	2020-02-03 05:14:15	https://www.streamlineusa.com/wp-content/uploads/2020/02/id-18933-multimed-clinic-resize-scaled.jpg
1557	2020/02/id-18881-university-resize-scaled.jpg	2020/02/id-18881-university-resize.jpg	yes	628	2560		0		id-18881-university-resize.jpg	2020-02-03 05:14:24	https://www.streamlineusa.com/wp-content/uploads/2020/02/id-18881-university-resize-scaled.jpg
1558	2020/02/image-18917-246-resized-scaled.jpg	2020/02/image-18917-246-resized.jpg	yes	843	2560		0		image-18917-246-resized.jpg	2020-02-03 05:14:33	https://www.streamlineusa.com/wp-content/uploads/2020/02/image-18917-246-resized-scaled.jpg
1559	2020/02/id-18924-kindergarten-resize-scaled.jpg	2020/02/id-18924-kindergarten-resize.jpg	yes	505	2560		0		id-18924-kindergarten-resize.jpg	2020-02-03 05:14:42	https://www.streamlineusa.com/wp-content/uploads/2020/02/id-18924-kindergarten-resize-scaled.jpg
1560	2020/02/id-18880-kindergarten-resize-scaled.jpg	2020/02/id-18880-kindergarten-resize.jpg	yes	503	2560		0		id-18880-kindergarten-resize.jpg	2020-02-03 05:14:52	https://www.streamlineusa.com/wp-content/uploads/2020/02/id-18880-kindergarten-resize-scaled.jpg
1561	2020/02/id-18790-ayurveda-resize-scaled.jpg	2020/02/id-18790-ayurveda-resize.jpg	yes	480	2560		0		id-18790-ayurveda-resize.jpg	2020-02-03 05:15:03	https://www.streamlineusa.com/wp-content/uploads/2020/02/id-18790-ayurveda-resize-scaled.jpg
1562	2020/02/ayurveda-04.jpg	2020/02/ayurveda-04.jpg	no	600	2280		0		ayurveda-04.jpg	2020-02-03 05:15:12	https://www.streamlineusa.com/wp-content/uploads/2020/02/ayurveda-04.jpg
1563	2020/02/image-18871-206-resized-scaled.jpg	2020/02/image-18871-206-resized.jpg	yes	696	2560		0		image-18871-206-resized.jpg	2020-02-03 05:15:18	https://www.streamlineusa.com/wp-content/uploads/2020/02/image-18871-206-resized-scaled.jpg
1564	2020/02/id-18738-gym-fitness-resize-scaled.jpg	2020/02/id-18738-gym-fitness-resize.jpg	yes	690	2560		0		id-18738-gym-fitness-resize.jpg	2020-02-03 05:15:25	https://www.streamlineusa.com/wp-content/uploads/2020/02/id-18738-gym-fitness-resize-scaled.jpg
1565	2020/02/id-18696-ecourse-learn-photoshop-resize-scaled.jpg	2020/02/id-18696-ecourse-learn-photoshop-resize.jpg	yes	562	2560		0		id-18696-ecourse-learn-photoshop-resize.jpg	2020-02-03 05:15:33	https://www.streamlineusa.com/wp-content/uploads/2020/02/id-18696-ecourse-learn-photoshop-resize-scaled.jpg
1566	2020/02/id-18622-food-and-drinks-blog-resize-scaled.jpg	2020/02/id-18622-food-and-drinks-blog-resize.jpg	yes	800	2560		0		id-18622-food-and-drinks-blog-resize.jpg	2020-02-03 05:15:42	https://www.streamlineusa.com/wp-content/uploads/2020/02/id-18622-food-and-drinks-blog-resize-scaled.jpg
1600	2020/02/id-18624-author-resize-scaled.jpg	2020/02/id-18624-author-resize.jpg	yes	742	2560		0		id-18624-author-resize.jpg	2020-02-03 05:15:48	https://www.streamlineusa.com/wp-content/uploads/2020/02/id-18624-author-resize-scaled.jpg
1601	2020/02/id-18636-jewellery-resize.jpg	2020/02/id-18636-jewellery-resize.jpg	no	1200	1991		0		id-18636-jewellery-resize.jpg	2020-02-03 05:15:52	https://www.streamlineusa.com/wp-content/uploads/2020/02/id-18636-jewellery-resize.jpg
1604	2020/02/wedding-planner-04-home-scaled-1.jpg	2020/02/wedding-planner-04-home-scaled-1.jpg	no	506	2560		0		wedding-planner-04-home-scaled.jpg	2020-02-03 05:15:59	https://www.streamlineusa.com/wp-content/uploads/2020/02/wedding-planner-04-home-scaled-1.jpg
1605	2020/02/wedding-planner-04-home-scaled-2.jpg	2020/02/wedding-planner-04-home-scaled-2.jpg	no	506	2560		0		wedding-planner-04-home-scaled.jpg	2020-02-03 05:15:59	https://www.streamlineusa.com/wp-content/uploads/2020/02/wedding-planner-04-home-scaled-2.jpg
1607	2020/02/image-18574-177-resized-scaled.jpg	2020/02/image-18574-177-resized.jpg	yes	543	2560		0		image-18574-177-resized.jpg	2020-02-03 05:16:07	https://www.streamlineusa.com/wp-content/uploads/2020/02/image-18574-177-resized-scaled.jpg
1608	2020/02/image-18574-177-resized-1-scaled.jpg	2020/02/image-18574-177-resized-1.jpg	yes	543	2560		0		image-18574-177-resized.jpg	2020-02-03 05:16:08	https://www.streamlineusa.com/wp-content/uploads/2020/02/image-18574-177-resized-1-scaled.jpg
1610	2020/02/id-18423-author-resize-scaled.jpg	2020/02/id-18423-author-resize.jpg	yes	794	2560		0		id-18423-author-resize.jpg	2020-02-03 05:16:17	https://www.streamlineusa.com/wp-content/uploads/2020/02/id-18423-author-resize-scaled.jpg
1613	2020/02/fnb-blogger-04-blog-scaled.jpg	2020/02/fnb-blogger-04-blog.jpg	yes	900	2560		0		fnb-blogger-04-blog.jpg	2020-02-03 05:16:26	https://www.streamlineusa.com/wp-content/uploads/2020/02/fnb-blogger-04-blog-scaled.jpg
1615	2020/02/id-18492-jewellery-resize.jpg	2020/02/id-18492-jewellery-resize.jpg	no	1200	2032		0		id-18492-jewellery-resize.jpg	2020-02-03 05:16:35	https://www.streamlineusa.com/wp-content/uploads/2020/02/id-18492-jewellery-resize.jpg
1617	2020/02/id-18399-hotel-resize-scaled.jpg	2020/02/id-18399-hotel-resize.jpg	yes	414	2560		0		id-18399-hotel-resize.jpg	2020-02-03 05:16:42	https://www.streamlineusa.com/wp-content/uploads/2020/02/id-18399-hotel-resize-scaled.jpg
1619	2020/02/hotel-04-scaled.jpg	2020/02/hotel-04.jpg	yes	421	2560		0		hotel-04.jpg	2020-02-03 05:16:51	https://www.streamlineusa.com/wp-content/uploads/2020/02/hotel-04-scaled.jpg
1621	2020/02/image-18384-184-resized-scaled.jpg	2020/02/image-18384-184-resized.jpg	yes	927	2560		0		image-18384-184-resized.jpg	2020-02-03 05:17:01	https://www.streamlineusa.com/wp-content/uploads/2020/02/image-18384-184-resized-scaled.jpg
1623	2020/02/id-18388-ecourse-resize-scaled.jpg	2020/02/id-18388-ecourse-resize.jpg	yes	431	2560		0		id-18388-ecourse-resize.jpg	2020-02-03 05:17:11	https://www.streamlineusa.com/wp-content/uploads/2020/02/id-18388-ecourse-resize-scaled.jpg
1627	2020/02/wordpress-agency-03-home-scaled.jpg	2020/02/wordpress-agency-03-home.jpg	yes	466	2560		0		wordpress-agency-03-home.jpg	2020-02-03 05:17:21	https://www.streamlineusa.com/wp-content/uploads/2020/02/wordpress-agency-03-home-scaled.jpg
1628	2020/02/id-18372-coach-resize-scaled.jpg	2020/02/id-18372-coach-resize.jpg	yes	822	2560		0		id-18372-coach-resize.jpg	2020-02-03 05:19:29	https://www.streamlineusa.com/wp-content/uploads/2020/02/id-18372-coach-resize-scaled.jpg
1629	2020/02/creative-agency-04-home-scaled.jpg	2020/02/creative-agency-04-home.jpg	yes	327	2560		0		creative-agency-04-home.jpg	2020-02-03 05:19:38	https://www.streamlineusa.com/wp-content/uploads/2020/02/creative-agency-04-home-scaled.jpg
1630	2020/02/id-18325-conference-event-resize-scaled.jpg	2020/02/id-18325-conference-event-resize.jpg	yes	524	2560		0		id-18325-conference-event-resize.jpg	2020-02-03 05:19:47	https://www.streamlineusa.com/wp-content/uploads/2020/02/id-18325-conference-event-resize-scaled.jpg
1631	2020/02/id-18284-ecourse-resize-scaled.jpg	2020/02/id-18284-ecourse-resize.jpg	yes	415	2560		0		id-18284-ecourse-resize.jpg	2020-02-03 05:19:56	https://www.streamlineusa.com/wp-content/uploads/2020/02/id-18284-ecourse-resize-scaled.jpg
1632	2020/02/id-18265-coach-resize-scaled.jpg	2020/02/id-18265-coach-resize.jpg	yes	772	2560		0		id-18265-coach-resize.jpg	2020-02-03 05:20:05	https://www.streamlineusa.com/wp-content/uploads/2020/02/id-18265-coach-resize-scaled.jpg
1633	2020/02/id-18266-motivational-speaker-resize-scaled.jpg	2020/02/id-18266-motivational-speaker-resize.jpg	yes	759	2560		0		id-18266-motivational-speaker-resize.jpg	2020-02-03 05:20:14	https://www.streamlineusa.com/wp-content/uploads/2020/02/id-18266-motivational-speaker-resize-scaled.jpg
1634	2020/02/id-18222-brandstore-pro-resize-scaled.jpg	2020/02/id-18222-brandstore-pro-resize.jpg	yes	866	2560		0		id-18222-brandstore-pro-resize.jpg	2020-02-03 05:20:22	https://www.streamlineusa.com/wp-content/uploads/2020/02/id-18222-brandstore-pro-resize-scaled.jpg
1646	2020/02/id-18201-wanderlust-travel-diary-resize-scaled.jpg	2020/02/id-18201-wanderlust-travel-diary-resize.jpg	yes	981	2560		0		id-18201-wanderlust-travel-diary-resize.jpg	2020-02-03 05:20:30	https://www.streamlineusa.com/wp-content/uploads/2020/02/id-18201-wanderlust-travel-diary-resize-scaled.jpg
1647	2020/02/id-18201-wanderlust-travel-diary-resize-scaled.jpg	2020/02/id-18201-wanderlust-travel-diary-resize.jpg	yes	981	2560		0		id-18201-wanderlust-travel-diary-resize.jpg	2020-02-03 05:20:30	https://www.streamlineusa.com/wp-content/uploads/2020/02/id-18201-wanderlust-travel-diary-resize-scaled.jpg
1649	2020/02/plant-shop-04-home-scaled.jpg	2020/02/plant-shop-04-home.jpg	yes	693	2560		0		plant-shop-04-home.jpg	2020-02-03 05:20:42	https://www.streamlineusa.com/wp-content/uploads/2020/02/plant-shop-04-home-scaled.jpg
1650	2020/02/plant-shop-04-home-1-scaled.jpg	2020/02/plant-shop-04-home-1.jpg	yes	693	2560		0		plant-shop-04-home.jpg	2020-02-03 05:20:42	https://www.streamlineusa.com/wp-content/uploads/2020/02/plant-shop-04-home-1-scaled.jpg
1653	2020/02/id-18124-wanderlust-travel-diary-resize-scaled.jpg	2020/02/id-18124-wanderlust-travel-diary-resize.jpg	yes	965	2560		0		id-18124-wanderlust-travel-diary-resize.jpg	2020-02-03 05:20:53	https://www.streamlineusa.com/wp-content/uploads/2020/02/id-18124-wanderlust-travel-diary-resize-scaled.jpg
1654	2020/02/id-18124-wanderlust-travel-diary-resize-1-scaled.jpg	2020/02/id-18124-wanderlust-travel-diary-resize-1.jpg	yes	965	2560		0		id-18124-wanderlust-travel-diary-resize.jpg	2020-02-03 05:20:53	https://www.streamlineusa.com/wp-content/uploads/2020/02/id-18124-wanderlust-travel-diary-resize-1-scaled.jpg
1655	2020/02/image-18108-101-resized-scaled.jpg	2020/02/image-18108-101-resized.jpg	yes	815	2560		0		image-18108-101-resized.jpg	2020-02-03 05:21:03	https://www.streamlineusa.com/wp-content/uploads/2020/02/image-18108-101-resized-scaled.jpg
1661	2020/02/id-18041-agency-resize-scaled.jpg	2020/02/id-18041-agency-resize.jpg	yes	448	2560		0		id-18041-agency-resize.jpg	2020-02-03 05:21:04	https://www.streamlineusa.com/wp-content/uploads/2020/02/id-18041-agency-resize-scaled.jpg
1662	2020/02/artist-christine-home-page.jpg	2020/02/artist-christine-home-page.jpg	no	1200	2305		0		artist-christine-home-page.jpg	2020-02-03 05:21:13	https://www.streamlineusa.com/wp-content/uploads/2020/02/artist-christine-home-page.jpg
1665	2020/02/id-18035-brandstore-resize.jpg	2020/02/id-18035-brandstore-resize.jpg	no	1200	2518		0		id-18035-brandstore-resize.jpg	2020-02-03 05:21:15	https://www.streamlineusa.com/wp-content/uploads/2020/02/id-18035-brandstore-resize.jpg
1666	2020/02/brandstore-home-screenshot.png	2020/02/brandstore-home-screenshot.png	no	1200	3639		0		brandstore-home-screenshot.png	2020-02-03 05:21:22	https://www.streamlineusa.com/wp-content/uploads/2020/02/brandstore-home-screenshot.png
1670	2020/02/id-17931-home-decor-resize-scaled.jpg	2020/02/id-17931-home-decor-resize.jpg	yes	1029	2560		0		id-17931-home-decor-resize.jpg	2020-02-03 05:21:24	https://www.streamlineusa.com/wp-content/uploads/2020/02/id-17931-home-decor-resize-scaled.jpg
1672	2020/02/image-17911-132-resized.jpg	2020/02/image-17911-132-resized.jpg	no	1024	2234		0		image-17911-132-resized.jpg	2020-02-03 05:21:33	https://www.streamlineusa.com/wp-content/uploads/2020/02/image-17911-132-resized.jpg
1674	2020/02/id-17697-spa-resize-scaled.jpg	2020/02/id-17697-spa-resize.jpg	yes	574	2560		0		id-17697-spa-resize.jpg	2020-02-03 05:21:42	https://www.streamlineusa.com/wp-content/uploads/2020/02/id-17697-spa-resize-scaled.jpg
1675	2020/02/image-17702-68-resized-scaled.jpg	2020/02/image-17702-68-resized.jpg	yes	454	2560		0		image-17702-68-resized.jpg	2020-02-03 05:21:45	https://www.streamlineusa.com/wp-content/uploads/2020/02/image-17702-68-resized-scaled.jpg
1676	2020/02/id-17624-car-repair-resize-scaled.jpg	2020/02/id-17624-car-repair-resize.jpg	yes	955	2560		0		id-17624-car-repair-resize.jpg	2020-02-03 05:21:55	https://www.streamlineusa.com/wp-content/uploads/2020/02/id-17624-car-repair-resize-scaled.jpg
1677	2020/02/id-17618-sweet-shop-resize-scaled.jpg	2020/02/id-17618-sweet-shop-resize.jpg	yes	820	2560		0		id-17618-sweet-shop-resize.jpg	2020-02-03 05:22:03	https://www.streamlineusa.com/wp-content/uploads/2020/02/id-17618-sweet-shop-resize-scaled.jpg
1678	2020/02/wedding-mark-sally-elementor-scaled.jpg	2020/02/wedding-mark-sally-elementor.jpg	yes	895	2560		0		wedding-mark-sally-elementor.jpg	2020-02-03 05:22:12	https://www.streamlineusa.com/wp-content/uploads/2020/02/wedding-mark-sally-elementor-scaled.jpg
1679	2020/02/lawyer-home-screenshot.png	2020/02/lawyer-home-screenshot.png	no	1200	4221		0		lawyer-home-screenshot.png	2020-02-03 05:22:22	https://www.streamlineusa.com/wp-content/uploads/2020/02/lawyer-home-screenshot.png
1680	2020/02/id-17562-spa-resize-scaled.jpg	2020/02/id-17562-spa-resize.jpg	yes	590	2560		0		id-17562-spa-resize.jpg	2020-02-03 05:22:36	https://www.streamlineusa.com/wp-content/uploads/2020/02/id-17562-spa-resize-scaled.jpg
1681	2020/02/agency-starter-site-scaled.jpg	2020/02/agency-starter-site.jpg	yes	900	2560		0		agency-starter-site.jpg	2020-02-03 05:22:44	https://www.streamlineusa.com/wp-content/uploads/2020/02/agency-starter-site-scaled.jpg
1682	2020/02/dentist-website-scaled.jpg	2020/02/dentist-website.jpg	yes	780	2560		0		dentist-website.jpg	2020-02-03 05:22:54	https://www.streamlineusa.com/wp-content/uploads/2020/02/dentist-website-scaled.jpg
1683	2020/02/id-17529-construction-resize-scaled.jpg	2020/02/id-17529-construction-resize.jpg	yes	570	2560		0		id-17529-construction-resize.jpg	2020-02-03 05:23:04	https://www.streamlineusa.com/wp-content/uploads/2020/02/id-17529-construction-resize-scaled.jpg
1684	2020/02/id-17536-construction-resize-scaled.jpg	2020/02/id-17536-construction-resize.jpg	yes	611	2560		0		id-17536-construction-resize.jpg	2020-02-03 05:23:14	https://www.streamlineusa.com/wp-content/uploads/2020/02/id-17536-construction-resize-scaled.jpg
1685	2020/02/id-17504-co-working-space-resize-scaled.jpg	2020/02/id-17504-co-working-space-resize.jpg	yes	933	2560		0		id-17504-co-working-space-resize.jpg	2020-02-03 05:23:24	https://www.streamlineusa.com/wp-content/uploads/2020/02/id-17504-co-working-space-resize-scaled.jpg
1686	2020/02/hotel-screenshot.png	2020/02/hotel-screenshot.png	no	1200	5234		0		hotel-screenshot.png	2020-02-03 05:23:34	https://www.streamlineusa.com/wp-content/uploads/2020/02/hotel-screenshot.png
1687	2020/02/id-25096-car-repair-home-resize-scaled.jpg	2020/02/id-25096-car-repair-home-resize.jpg	yes	955	2560		0		id-25096-car-repair-home-resize.jpg	2020-02-03 05:23:53	https://www.streamlineusa.com/wp-content/uploads/2020/02/id-25096-car-repair-home-resize-scaled.jpg
1688	2020/02/id-17363-co-working-space-resize-scaled.jpg	2020/02/id-17363-co-working-space-resize.jpg	yes	976	2560		0		id-17363-co-working-space-resize.jpg	2020-02-03 05:24:01	https://www.streamlineusa.com/wp-content/uploads/2020/02/id-17363-co-working-space-resize-scaled.jpg
1736	2020/02/streamline-logo.png	2020/02/streamline-logo.png	no	2048	566		0		streamline-logo	2020-02-03 15:50:27	https://www.streamlineusa.com/wp-content/uploads/2020/02/streamline-logo.png
1748	2020/02/SPECIAL-THANKS-PAGE-V2-002-scaled.jpg	2020/02/SPECIAL-THANKS-PAGE-V2-002.jpg	yes	1991	2560		73		SPECIAL THANKS PAGE V2 (002)	2020-02-03 17:36:44	https://www.streamlineusa.com/wp-content/uploads/2020/02/SPECIAL-THANKS-PAGE-V2-002-scaled.jpg
1752	2020/02/SPECIAL-THANKS-PAGE-V2-002-1.jpg	2020/02/SPECIAL-THANKS-PAGE-V2-002-1.jpg	no	1313	1688		73		SPECIAL THANKS PAGE V2 (002)	2020-02-03 17:46:54	https://www.streamlineusa.com/wp-content/uploads/2020/02/SPECIAL-THANKS-PAGE-V2-002-1.jpg
1829	2019/12/Gunter-1.jpg	2019/12/Gunter-1.jpg	no	1000	750		549		Gunter 1	2020-02-13 16:45:49	https://www.streamlineusa.com/wp-content/uploads/2019/12/Gunter-1.jpg
1830	2019/12/Gunter-2.jpg	2019/12/Gunter-2.jpg	no	1000	666		549		Gunter 2	2020-02-13 16:45:57	https://www.streamlineusa.com/wp-content/uploads/2019/12/Gunter-2.jpg
1831	2019/12/Gunter-3.jpg	2019/12/Gunter-3.jpg	no	1000	585		549		Gunter 3	2020-02-13 16:46:02	https://www.streamlineusa.com/wp-content/uploads/2019/12/Gunter-3.jpg
1832	2019/12/Gunter-4.jpg	2019/12/Gunter-4.jpg	no	1000	750		549		Gunter 4	2020-02-13 16:46:09	https://www.streamlineusa.com/wp-content/uploads/2019/12/Gunter-4.jpg
1837	2020/02/UES-8-e1595540404244.jpg	2020/02/UES-8-e1595540404244.jpg	no	599	399		1835		UES 8	2020-02-13 17:11:16	https://www.streamlineusa.com/wp-content/uploads/2020/02/UES-8-e1595540404244.jpg
1840	2020/02/46883486.jpg	2020/02/46883486.jpg	no	800	533		1835		46883486	2020-02-13 17:12:16	https://www.streamlineusa.com/wp-content/uploads/2020/02/46883486.jpg
1841	2020/02/UES-4.jpg	2020/02/UES-4.jpg	no	1024	682		1835		UES 4	2020-02-13 17:12:20	https://www.streamlineusa.com/wp-content/uploads/2020/02/UES-4.jpg
1842	2020/02/UES-5.jpg	2020/02/UES-5.jpg	no	1024	682		1835		UES 5	2020-02-13 17:12:30	https://www.streamlineusa.com/wp-content/uploads/2020/02/UES-5.jpg
1843	2020/02/UES-6.jpg	2020/02/UES-6.jpg	no	1024	682		1835		UES 6	2020-02-13 17:12:35	https://www.streamlineusa.com/wp-content/uploads/2020/02/UES-6.jpg
1844	2020/02/UES-7.jpg	2020/02/UES-7.jpg	no	352	235		1835		UES 7	2020-02-13 17:12:41	https://www.streamlineusa.com/wp-content/uploads/2020/02/UES-7.jpg
1845	2020/02/UES-9.jpg	2020/02/UES-9.jpg	no	800	533		1835		UES 9	2020-02-13 17:12:43	https://www.streamlineusa.com/wp-content/uploads/2020/02/UES-9.jpg
1846	2020/02/UES-10.jpg	2020/02/UES-10.jpg	no	800	533		1835		UES 10	2020-02-13 17:12:47	https://www.streamlineusa.com/wp-content/uploads/2020/02/UES-10.jpg
1847	2020/02/UES-11.jpg	2020/02/UES-11.jpg	no	800	533		1835		UES 11	2020-02-13 17:12:50	https://www.streamlineusa.com/wp-content/uploads/2020/02/UES-11.jpg
1848	2020/02/UES-Townhouse-3.jpg	2020/02/UES-Townhouse-3.jpg	no	1024	682		1835		UES Townhouse 3	2020-02-13 17:13:15	https://www.streamlineusa.com/wp-content/uploads/2020/02/UES-Townhouse-3.jpg
1851	2020/02/UES-13.jpg	2020/02/UES-13.jpg	no	600	1303		1835		UES 13	2020-02-13 17:18:56	https://www.streamlineusa.com/wp-content/uploads/2020/02/UES-13.jpg
1852	2020/02/UES-12.jpg	2020/02/UES-12.jpg	no	800	533		1835		UES 12	2020-02-13 17:22:07	https://www.streamlineusa.com/wp-content/uploads/2020/02/UES-12.jpg
1853	2020/02/UES-Townhouse-2.jpg	2020/02/UES-Townhouse-2.jpg	no	1024	682		1835		UES Townhouse 2	2020-02-13 17:22:38	https://www.streamlineusa.com/wp-content/uploads/2020/02/UES-Townhouse-2.jpg
1859	2019/12/Versa-1.jpg	2019/12/Versa-1.jpg	no	1920	1280		546		Versa 1	2020-02-13 17:34:07	https://www.streamlineusa.com/wp-content/uploads/2019/12/Versa-1.jpg
1860	2019/12/Versa-2.jpg	2019/12/Versa-2.jpg	no	1920	1080		546		Versa 2	2020-02-13 17:34:25	https://www.streamlineusa.com/wp-content/uploads/2019/12/Versa-2.jpg
1861	2019/12/Versa-3.jpg	2019/12/Versa-3.jpg	no	1920	1080		546		Versa 3	2020-02-13 17:34:37	https://www.streamlineusa.com/wp-content/uploads/2019/12/Versa-3.jpg
1862	2019/12/Versa-4.jpg	2019/12/Versa-4.jpg	no	2000	1334		546		Versa 4	2020-02-13 17:34:46	https://www.streamlineusa.com/wp-content/uploads/2019/12/Versa-4.jpg
1863	2019/12/versa-canopy2.jpg	2019/12/versa-canopy2.jpg	no	2000	1334		546		versa-canopy2	2020-02-13 17:34:59	https://www.streamlineusa.com/wp-content/uploads/2019/12/versa-canopy2.jpg
1892	2019/12/SP2020_3-1.png	2019/12/SP2020_3-1.png	no	640	360		506		SP2020_3 (1)	2020-02-13 18:47:18	https://www.streamlineusa.com/wp-content/uploads/2019/12/SP2020_3-1.png
1893	2019/12/SP2020_2.png	2019/12/SP2020_2.png	no	640	360		506		SP2020_2	2020-02-13 18:47:25	https://www.streamlineusa.com/wp-content/uploads/2019/12/SP2020_2.png
1894	2019/12/SP2020_3.png	2019/12/SP2020_3.png	no	640	360		506		SP2020_3	2020-02-13 18:47:29	https://www.streamlineusa.com/wp-content/uploads/2019/12/SP2020_3.png
1895	2019/12/SP2020_1.jpeg	2019/12/SP2020_1.jpeg	no	640	430		506		SP2020_1	2020-02-13 18:47:34	https://www.streamlineusa.com/wp-content/uploads/2019/12/SP2020_1.jpeg
1902	2019/12/Spring-Studio.jpg	2019/12/Spring-Studio.jpg	no	1880	1058		506		Spring Studio	2020-02-13 19:03:30	https://www.streamlineusa.com/wp-content/uploads/2019/12/Spring-Studio.jpg
1914	2020/02/DSC_0850-scaled.jpeg	2020/02/DSC_0850.jpeg	yes	2048	1531		1907		DSC_0850	2020-02-13 19:19:17	https://www.streamlineusa.com/wp-content/uploads/2020/02/DSC_0850-scaled.jpeg
1915	2020/02/DSC_0857-scaled.jpg	2020/02/DSC_0857.jpg	yes	2048	1366		1907		DSC_0857	2020-02-13 19:19:32	https://www.streamlineusa.com/wp-content/uploads/2020/02/DSC_0857-scaled.jpg
1916	2020/02/DSC_0844-scaled.jpg	2020/02/DSC_0844.jpg	yes	2048	1417		1907		DSC_0844	2020-02-13 19:19:44	https://www.streamlineusa.com/wp-content/uploads/2020/02/DSC_0844-scaled.jpg
1917	2020/02/DSC_0847-scaled.jpg	2020/02/DSC_0847.jpg	yes	2048	1366		1907		DSC_0847	2020-02-13 19:19:57	https://www.streamlineusa.com/wp-content/uploads/2020/02/DSC_0847-scaled.jpg
1919	2020/02/DSC_0855-scaled.jpeg	2020/02/DSC_0855.jpeg	yes	2048	1366		1907		DSC_0855	2020-02-13 19:20:07	https://www.streamlineusa.com/wp-content/uploads/2020/02/DSC_0855-scaled.jpeg
1920	2020/02/DSC_0860-scaled.jpeg	2020/02/DSC_0860.jpeg	yes	2048	1637		1907		DSC_0860	2020-02-13 19:20:44	https://www.streamlineusa.com/wp-content/uploads/2020/02/DSC_0860-scaled.jpeg
1921	2020/02/DSC_0862-scaled.jpeg	2020/02/DSC_0862.jpeg	yes	2048	1366		1907		DSC_0862	2020-02-13 19:20:57	https://www.streamlineusa.com/wp-content/uploads/2020/02/DSC_0862-scaled.jpeg
1922	2020/02/DSC_0863-scaled.jpg	2020/02/DSC_0863.jpg	yes	2048	1637		1907		DSC_0863	2020-02-13 19:21:16	https://www.streamlineusa.com/wp-content/uploads/2020/02/DSC_0863-scaled.jpg
1923	2020/02/DSC_0867-scaled.jpeg	2020/02/DSC_0867.jpeg	yes	2048	2148		1907		DSC_0867	2020-02-13 19:21:30	https://www.streamlineusa.com/wp-content/uploads/2020/02/DSC_0867-scaled.jpeg
1924	2020/02/DSC_0870-scaled.jpg	2020/02/DSC_0870.jpg	yes	2048	1901		1907		DSC_0870	2020-02-13 19:21:46	https://www.streamlineusa.com/wp-content/uploads/2020/02/DSC_0870-scaled.jpg
1925	2020/02/DSC_0871-scaled.jpg	2020/02/DSC_0871.jpg	yes	2048	1366		1907		DSC_0871	2020-02-13 19:21:53	https://www.streamlineusa.com/wp-content/uploads/2020/02/DSC_0871-scaled.jpg
1926	2020/02/DSC_0873-scaled.jpg	2020/02/DSC_0873.jpg	yes	2048	1554		1907		DSC_0873	2020-02-13 19:22:09	https://www.streamlineusa.com/wp-content/uploads/2020/02/DSC_0873-scaled.jpg
1930	2020/02/DSC_0872-scaled.jpeg	2020/02/DSC_0872.jpeg	yes	2048	1957		1907		DSC_0872	2020-02-13 19:24:47	https://www.streamlineusa.com/wp-content/uploads/2020/02/DSC_0872-scaled.jpeg
1936	2020/02/DSC_0853-scaled.jpeg	2020/02/DSC_0853.jpeg	yes	2048	1366		1907		DSC_0853	2020-02-13 19:27:17	https://www.streamlineusa.com/wp-content/uploads/2020/02/DSC_0853-scaled.jpeg
1937	2020/02/DSC_0858-scaled.jpeg	2020/02/DSC_0858.jpeg	yes	2048	2544		1907		DSC_0858	2020-02-13 19:28:04	https://www.streamlineusa.com/wp-content/uploads/2020/02/DSC_0858-scaled.jpeg
1940	2020/02/IMG_8618-scaled.jpg	2020/02/IMG_8618.jpg	yes	2048	1536		1931		IMG_8618	2020-02-13 19:30:17	https://www.streamlineusa.com/wp-content/uploads/2020/02/IMG_8618-scaled.jpg
1941	2020/02/IMG_8626-scaled.jpg	2020/02/IMG_8626.jpg	yes	1920	2560		1931		IMG_8626	2020-02-13 19:30:20	https://www.streamlineusa.com/wp-content/uploads/2020/02/IMG_8626-scaled.jpg
1942	2020/02/IMG_8629-scaled.jpg	2020/02/IMG_8629.jpg	yes	1568	2560		1931		IMG_8629	2020-02-13 19:30:36	https://www.streamlineusa.com/wp-content/uploads/2020/02/IMG_8629-scaled.jpg
1943	2020/02/IMG_8634-scaled.jpg	2020/02/IMG_8634.jpg	yes	2048	1211		1931		IMG_8634	2020-02-13 19:30:40	https://www.streamlineusa.com/wp-content/uploads/2020/02/IMG_8634-scaled.jpg
1944	2020/02/IMG_8635-scaled.jpg	2020/02/IMG_8635.jpg	yes	2048	1536		1931		IMG_8635	2020-02-13 19:30:53	https://www.streamlineusa.com/wp-content/uploads/2020/02/IMG_8635-scaled.jpg
1945	2020/02/IMG_8638-scaled.jpg	2020/02/IMG_8638.jpg	yes	2048	2196		1931		IMG_8638	2020-02-13 19:30:56	https://www.streamlineusa.com/wp-content/uploads/2020/02/IMG_8638-scaled.jpg
1946	2020/02/IMG_8643-scaled.jpg	2020/02/IMG_8643.jpg	yes	1920	2560		1931		IMG_8643	2020-02-13 19:31:10	https://www.streamlineusa.com/wp-content/uploads/2020/02/IMG_8643-scaled.jpg
1947	2020/02/IMG_8644-scaled.jpg	2020/02/IMG_8644.jpg	yes	1920	2560		1931		IMG_8644	2020-02-13 19:31:25	https://www.streamlineusa.com/wp-content/uploads/2020/02/IMG_8644-scaled.jpg
1949	2020/02/IMG_8645-scaled.jpg	2020/02/IMG_8645.jpg	yes	2048	1095		1931		IMG_8645	2020-02-13 19:31:40	https://www.streamlineusa.com/wp-content/uploads/2020/02/IMG_8645-scaled.jpg
1950	2020/02/IMG_8647-scaled.jpg	2020/02/IMG_8647.jpg	yes	2048	2546		1931		IMG_8647	2020-02-13 19:31:54	https://www.streamlineusa.com/wp-content/uploads/2020/02/IMG_8647-scaled.jpg
1951	2020/02/IMG_8648-scaled.jpg	2020/02/IMG_8648.jpg	yes	2048	1536		1931		IMG_8648	2020-02-13 19:32:09	https://www.streamlineusa.com/wp-content/uploads/2020/02/IMG_8648-scaled.jpg
1958	2020/02/DSC_0839-scaled.jpeg	2020/02/DSC_0839.jpeg	yes	2048	1366		1907		DSC_0839	2020-02-13 20:22:08	https://www.streamlineusa.com/wp-content/uploads/2020/02/DSC_0839-scaled.jpeg
1968	2019/12/1-1.jpg	2019/12/1-1.jpg	no	1649	1100		531		1 (1)	2020-02-13 20:42:03	https://www.streamlineusa.com/wp-content/uploads/2019/12/1-1.jpg
1973	2019/12/wash.jpg	2019/12/wash.jpg	no	1074	717		564		wash	2020-02-13 20:49:43	https://www.streamlineusa.com/wp-content/uploads/2019/12/wash.jpg
2025	2020/02/iTour-Logo-Footer.png	2020/02/iTour-Logo-Footer.png	no	97	45		0		iTour-Logo-Footer.png	2020-02-14 02:25:47	https://www.streamlineusa.com/wp-content/uploads/2020/02/iTour-Logo-Footer.png
2036	2020/02/qw6.jpg	2020/02/qw6.jpg	no	490	380		0		qw6.jpg	2020-02-14 02:47:43	https://www.streamlineusa.com/wp-content/uploads/2020/02/qw6.jpg
2037	2020/02/qw4.jpg	2020/02/qw4.jpg	no	490	380		0		qw4.jpg	2020-02-14 02:47:46	https://www.streamlineusa.com/wp-content/uploads/2020/02/qw4.jpg
2039	2020/02/qw3.jpg	2020/02/qw3.jpg	no	490	380		0		qw3.jpg	2020-02-14 02:47:49	https://www.streamlineusa.com/wp-content/uploads/2020/02/qw3.jpg
2040	2020/02/qw2.jpg	2020/02/qw2.jpg	no	490	380		0		qw2.jpg	2020-02-14 02:47:53	https://www.streamlineusa.com/wp-content/uploads/2020/02/qw2.jpg
2041	2020/02/qw1.jpg	2020/02/qw1.jpg	no	490	380		0		qw1.jpg	2020-02-14 02:47:55	https://www.streamlineusa.com/wp-content/uploads/2020/02/qw1.jpg
2042	2020/02/qw5.jpg	2020/02/qw5.jpg	no	490	380		0		qw5.jpg	2020-02-14 02:47:58	https://www.streamlineusa.com/wp-content/uploads/2020/02/qw5.jpg
2043	2020/02/qw5-1.jpg	2020/02/qw5-1.jpg	no	490	380		0		qw5.jpg	2020-02-14 02:47:59	https://www.streamlineusa.com/wp-content/uploads/2020/02/qw5-1.jpg
2168	2020/02/placeholder-1.png	2020/02/placeholder-1.png	no	1200	800		0		placeholder.png	2020-02-14 19:38:03	https://www.streamlineusa.com/wp-content/uploads/2020/02/placeholder-1.png
2290	2020/04/ezgif.com-webp-to-jpg.jpg	2020/04/ezgif.com-webp-to-jpg.jpg	no	400	300		143		ezgif.com-webp-to-jpg	2020-04-13 01:31:25	https://www.streamlineusa.com/wp-content/uploads/2020/04/ezgif.com-webp-to-jpg.jpg
2291	2020/04/ezgif.com-webp-to-jpg-1.jpg	2020/04/ezgif.com-webp-to-jpg-1.jpg	no	400	300		143		ezgif.com-webp-to-jpg (1)	2020-04-13 01:31:51	https://www.streamlineusa.com/wp-content/uploads/2020/04/ezgif.com-webp-to-jpg-1.jpg
2292	2020/04/ezgif.com-webp-to-jpg-2.jpg	2020/04/ezgif.com-webp-to-jpg-2.jpg	no	400	300		143		ezgif.com-webp-to-jpg (2)	2020-04-13 01:32:00	https://www.streamlineusa.com/wp-content/uploads/2020/04/ezgif.com-webp-to-jpg-2.jpg
2307	2020/05/20200416_118East64th-3362.jpg	2020/05/20200416_118East64th-3362.jpg	no	1200	800		2306		20200416_118East64th-3362	2020-05-11 22:32:51	https://www.streamlineusa.com/wp-content/uploads/2020/05/20200416_118East64th-3362.jpg
2308	2020/05/20200416_118East64th-3402.jpg	2020/05/20200416_118East64th-3402.jpg	no	800	1200		2306		20200416_118East64th-3402	2020-05-11 22:32:54	https://www.streamlineusa.com/wp-content/uploads/2020/05/20200416_118East64th-3402.jpg
2309	2020/05/20200416_118East64th-3417.jpg	2020/05/20200416_118East64th-3417.jpg	no	800	1200		2306		20200416_118East64th-3417	2020-05-11 22:32:57	https://www.streamlineusa.com/wp-content/uploads/2020/05/20200416_118East64th-3417.jpg
2310	2020/05/20200416_118East64th-3332.jpg	2020/05/20200416_118East64th-3332.jpg	no	1200	800		2306		20200416_118East64th-3332	2020-05-11 22:32:59	https://www.streamlineusa.com/wp-content/uploads/2020/05/20200416_118East64th-3332.jpg
2311	2020/05/20200416_118East64th-3422.jpg	2020/05/20200416_118East64th-3422.jpg	no	800	1200		2306		20200416_118East64th-3422	2020-05-11 22:33:03	https://www.streamlineusa.com/wp-content/uploads/2020/05/20200416_118East64th-3422.jpg
2312	2020/05/20200416_118East64th-3327.jpg	2020/05/20200416_118East64th-3327.jpg	no	1200	800		2306		20200416_118East64th-3327	2020-05-11 22:33:05	https://www.streamlineusa.com/wp-content/uploads/2020/05/20200416_118East64th-3327.jpg
2313	2020/05/20200416_118East64th-3412.jpg	2020/05/20200416_118East64th-3412.jpg	no	1200	800		2306		20200416_118East64th-3412	2020-05-11 22:33:08	https://www.streamlineusa.com/wp-content/uploads/2020/05/20200416_118East64th-3412.jpg
2314	2020/05/20200416_118East64th-3392.jpg	2020/05/20200416_118East64th-3392.jpg	no	800	1200		2306		20200416_118East64th-3392	2020-05-11 22:33:10	https://www.streamlineusa.com/wp-content/uploads/2020/05/20200416_118East64th-3392.jpg
2315	2020/05/20200416_118East64th-3322.jpg	2020/05/20200416_118East64th-3322.jpg	no	1200	800		2306		20200416_118East64th-3322	2020-05-11 22:33:12	https://www.streamlineusa.com/wp-content/uploads/2020/05/20200416_118East64th-3322.jpg
2316	2020/05/20200416_118East64th-3307.jpg	2020/05/20200416_118East64th-3307.jpg	no	1200	800		2306		20200416_118East64th-3307	2020-05-11 22:33:14	https://www.streamlineusa.com/wp-content/uploads/2020/05/20200416_118East64th-3307.jpg
2317	2020/05/20200416_118East64th-3282.jpg	2020/05/20200416_118East64th-3282.jpg	no	1200	800		2306		20200416_118East64th-3282	2020-05-11 22:33:18	https://www.streamlineusa.com/wp-content/uploads/2020/05/20200416_118East64th-3282.jpg
2318	2020/05/20200416_118East64th-3162.jpg	2020/05/20200416_118East64th-3162.jpg	no	1200	800		2306		20200416_118East64th-3162	2020-05-11 22:33:20	https://www.streamlineusa.com/wp-content/uploads/2020/05/20200416_118East64th-3162.jpg
2319	2020/05/20200416_118East64th-3102.jpg	2020/05/20200416_118East64th-3102.jpg	no	1200	800		2306		20200416_118East64th-3102	2020-05-11 22:33:22	https://www.streamlineusa.com/wp-content/uploads/2020/05/20200416_118East64th-3102.jpg
2320	2020/05/20200416_118East64th-3037.jpg	2020/05/20200416_118East64th-3037.jpg	no	1200	800		2306		20200416_118East64th-3037	2020-05-11 22:33:24	https://www.streamlineusa.com/wp-content/uploads/2020/05/20200416_118East64th-3037.jpg
2321	2020/05/20200416_118East64th-3152.jpg	2020/05/20200416_118East64th-3152.jpg	no	800	1200		2306		20200416_118East64th-3152	2020-05-11 22:33:27	https://www.streamlineusa.com/wp-content/uploads/2020/05/20200416_118East64th-3152.jpg
2322	2020/05/20200416_118East64th-3182.jpg	2020/05/20200416_118East64th-3182.jpg	no	1200	800		2306		20200416_118East64th-3182	2020-05-11 22:33:29	https://www.streamlineusa.com/wp-content/uploads/2020/05/20200416_118East64th-3182.jpg
2323	2020/05/East-Side-Townhouse-Featured.jpg	2020/05/East-Side-Townhouse-Featured.jpg	no	1200	800		2306		East Side Townhouse Featured	2020-05-11 22:33:31	https://www.streamlineusa.com/wp-content/uploads/2020/05/East-Side-Townhouse-Featured.jpg
2324	2020/05/20200416_118East64th-3092.jpg	2020/05/20200416_118East64th-3092.jpg	no	1200	800		2306		20200416_118East64th-3092	2020-05-11 22:33:34	https://www.streamlineusa.com/wp-content/uploads/2020/05/20200416_118East64th-3092.jpg
2325	2020/05/20200416_118East64th-3112.jpg	2020/05/20200416_118East64th-3112.jpg	no	1200	800		2306		20200416_118East64th-3112	2020-05-11 22:33:36	https://www.streamlineusa.com/wp-content/uploads/2020/05/20200416_118East64th-3112.jpg
2326	2020/05/20200416_118East64th-3227.jpg	2020/05/20200416_118East64th-3227.jpg	no	1200	800		2306		20200416_118East64th-3227	2020-05-11 22:33:42	https://www.streamlineusa.com/wp-content/uploads/2020/05/20200416_118East64th-3227.jpg
2327	2020/05/20200416_118East64th-3067.jpg	2020/05/20200416_118East64th-3067.jpg	no	1200	800		2306		20200416_118East64th-3067	2020-05-11 22:33:52	https://www.streamlineusa.com/wp-content/uploads/2020/05/20200416_118East64th-3067.jpg
2328	2020/05/20200416_118East64th-3242.jpg	2020/05/20200416_118East64th-3242.jpg	no	1200	800		2306		20200416_118East64th-3242	2020-05-11 22:33:57	https://www.streamlineusa.com/wp-content/uploads/2020/05/20200416_118East64th-3242.jpg
2329	2020/05/20200416_118East64th-3047.jpg	2020/05/20200416_118East64th-3047.jpg	no	800	1200		2306		20200416_118East64th-3047	2020-05-11 22:33:59	https://www.streamlineusa.com/wp-content/uploads/2020/05/20200416_118East64th-3047.jpg
2330	2020/05/20200416_118East64th-3302.jpg	2020/05/20200416_118East64th-3302.jpg	no	800	1200		2306		20200416_118East64th-3302	2020-05-11 22:34:02	https://www.streamlineusa.com/wp-content/uploads/2020/05/20200416_118East64th-3302.jpg
2331	2020/05/20200416_118East64th-3172.jpg	2020/05/20200416_118East64th-3172.jpg	no	1200	800		2306		20200416_118East64th-3172	2020-05-11 22:34:04	https://www.streamlineusa.com/wp-content/uploads/2020/05/20200416_118East64th-3172.jpg
2332	2020/05/20200416_118East64th-3252.jpg	2020/05/20200416_118East64th-3252.jpg	no	800	1200		2306		20200416_118East64th-3252	2020-05-11 22:34:07	https://www.streamlineusa.com/wp-content/uploads/2020/05/20200416_118East64th-3252.jpg
2333	2020/05/20200416_118East64th-3232.jpg	2020/05/20200416_118East64th-3232.jpg	no	1200	800		2306		20200416_118East64th-3232	2020-05-11 22:34:12	https://www.streamlineusa.com/wp-content/uploads/2020/05/20200416_118East64th-3232.jpg
2334	2020/05/20200416_118East64th-3192-e1595516638725.jpg	2020/05/20200416_118East64th-3192-e1595516638725.jpg	no	1200	600		2306		20200416_118East64th-3192	2020-05-11 22:34:14	https://www.streamlineusa.com/wp-content/uploads/2020/05/20200416_118East64th-3192-e1595516638725.jpg
2335	2020/05/20200416_118East64th-3297.jpg	2020/05/20200416_118East64th-3297.jpg	no	800	1200		2306		20200416_118East64th-3297	2020-05-11 22:34:18	https://www.streamlineusa.com/wp-content/uploads/2020/05/20200416_118East64th-3297.jpg
2336	2020/05/20200416_118East64th-3277.jpg	2020/05/20200416_118East64th-3277.jpg	no	800	1200		2306		20200416_118East64th-3277	2020-05-11 22:34:20	https://www.streamlineusa.com/wp-content/uploads/2020/05/20200416_118East64th-3277.jpg
2337	2020/05/20200416_118East64th-3132.jpg	2020/05/20200416_118East64th-3132.jpg	no	1200	800		2306		20200416_118East64th-3132	2020-05-11 22:34:22	https://www.streamlineusa.com/wp-content/uploads/2020/05/20200416_118East64th-3132.jpg
2338	2020/05/20200416_118East64th-3142.jpg	2020/05/20200416_118East64th-3142.jpg	no	1200	800		2306		20200416_118East64th-3142	2020-05-11 22:34:25	https://www.streamlineusa.com/wp-content/uploads/2020/05/20200416_118East64th-3142.jpg
2339	2020/05/20200416_118East64th-3212.jpg	2020/05/20200416_118East64th-3212.jpg	no	1200	800		2306		20200416_118East64th-3212	2020-05-11 22:34:28	https://www.streamlineusa.com/wp-content/uploads/2020/05/20200416_118East64th-3212.jpg
2340	2020/05/20200416_118East64th-3022.jpg	2020/05/20200416_118East64th-3022.jpg	no	1200	800		2306		20200416_118East64th-3022	2020-05-11 22:34:31	https://www.streamlineusa.com/wp-content/uploads/2020/05/20200416_118East64th-3022.jpg
2341	2020/05/20200416_118East64th-3077.jpg	2020/05/20200416_118East64th-3077.jpg	no	1200	800		2306		20200416_118East64th-3077	2020-05-11 22:34:34	https://www.streamlineusa.com/wp-content/uploads/2020/05/20200416_118East64th-3077.jpg
2346	2020/05/20200422_161West23rdSt-3688-Edit-2.jpg	2020/05/20200422_161West23rdSt-3688-Edit-2.jpg	no	1200	960		2345		20200422_161West23rdSt-3688-Edit-2	2020-05-12 00:08:25	https://www.streamlineusa.com/wp-content/uploads/2020/05/20200422_161West23rdSt-3688-Edit-2.jpg
2347	2020/05/20200422_161West23rdSt-3612.jpg	2020/05/20200422_161West23rdSt-3612.jpg	no	1200	800		2345		20200422_161West23rdSt-3612	2020-05-12 00:08:29	https://www.streamlineusa.com/wp-content/uploads/2020/05/20200422_161West23rdSt-3612.jpg
2348	2020/05/20200422_161West23rdSt-3617.jpg	2020/05/20200422_161West23rdSt-3617.jpg	no	1200	800		2345		20200422_161West23rdSt-3617	2020-05-12 00:08:32	https://www.streamlineusa.com/wp-content/uploads/2020/05/20200422_161West23rdSt-3617.jpg
2349	2020/05/20200422_161West23rdSt-3698.jpg	2020/05/20200422_161West23rdSt-3698.jpg	no	800	1200		2345		20200422_161West23rdSt-3698	2020-05-12 00:08:39	https://www.streamlineusa.com/wp-content/uploads/2020/05/20200422_161West23rdSt-3698.jpg
2350	2020/05/20200422_161West23rdSt-3592.jpg	2020/05/20200422_161West23rdSt-3592.jpg	no	800	1200		2345		20200422_161West23rdSt-3592	2020-05-12 00:08:49	https://www.streamlineusa.com/wp-content/uploads/2020/05/20200422_161West23rdSt-3592.jpg
2351	2020/05/20200422_161West23rdSt-3677.jpg	2020/05/20200422_161West23rdSt-3677.jpg	no	1200	800		2345		20200422_161West23rdSt-3677	2020-05-12 00:08:58	https://www.streamlineusa.com/wp-content/uploads/2020/05/20200422_161West23rdSt-3677.jpg
2352	2020/05/20200422_161West23rdSt-3572.jpg	2020/05/20200422_161West23rdSt-3572.jpg	no	800	1200		2345		20200422_161West23rdSt-3572	2020-05-12 00:09:02	https://www.streamlineusa.com/wp-content/uploads/2020/05/20200422_161West23rdSt-3572.jpg
2353	2020/05/20200422_161West23rdSt-3662.jpg	2020/05/20200422_161West23rdSt-3662.jpg	no	1200	800		2345		20200422_161West23rdSt-3662	2020-05-12 00:09:07	https://www.streamlineusa.com/wp-content/uploads/2020/05/20200422_161West23rdSt-3662.jpg
2354	2020/05/20200422_161West23rdSt-3632.jpg	2020/05/20200422_161West23rdSt-3632.jpg	no	1200	800		2345		20200422_161West23rdSt-3632	2020-05-12 00:09:10	https://www.streamlineusa.com/wp-content/uploads/2020/05/20200422_161West23rdSt-3632.jpg
2355	2020/05/Motel-23-Featured.jpg	2020/05/Motel-23-Featured.jpg	no	1200	800		2345		Motel 23 Featured	2020-05-12 00:09:13	https://www.streamlineusa.com/wp-content/uploads/2020/05/Motel-23-Featured.jpg
2356	2020/05/20200422_161West23rdSt-3602.jpg	2020/05/20200422_161West23rdSt-3602.jpg	no	1200	800		2345		20200422_161West23rdSt-3602	2020-05-12 00:09:16	https://www.streamlineusa.com/wp-content/uploads/2020/05/20200422_161West23rdSt-3602.jpg
2357	2020/05/20200422_161West23rdSt-3667.jpg	2020/05/20200422_161West23rdSt-3667.jpg	no	1200	800		2345		20200422_161West23rdSt-3667	2020-05-12 00:09:20	https://www.streamlineusa.com/wp-content/uploads/2020/05/20200422_161West23rdSt-3667.jpg
2358	2020/05/20200422_161West23rdSt-3587.jpg	2020/05/20200422_161West23rdSt-3587.jpg	no	1200	800		2345		20200422_161West23rdSt-3587	2020-05-12 00:09:26	https://www.streamlineusa.com/wp-content/uploads/2020/05/20200422_161West23rdSt-3587.jpg
2359	2020/05/20200422_161West23rdSt-3657.jpg	2020/05/20200422_161West23rdSt-3657.jpg	no	1200	800		2345		20200422_161West23rdSt-3657	2020-05-12 00:09:30	https://www.streamlineusa.com/wp-content/uploads/2020/05/20200422_161West23rdSt-3657.jpg
2360	2020/05/20200422_161West23rdSt-3672.jpg	2020/05/20200422_161West23rdSt-3672.jpg	no	800	1200		2345		20200422_161West23rdSt-3672	2020-05-12 00:09:34	https://www.streamlineusa.com/wp-content/uploads/2020/05/20200422_161West23rdSt-3672.jpg
2361	2020/05/20200422_161West23rdSt-3652.jpg	2020/05/20200422_161West23rdSt-3652.jpg	no	1200	800		2345		20200422_161West23rdSt-3652	2020-05-12 00:09:38	https://www.streamlineusa.com/wp-content/uploads/2020/05/20200422_161West23rdSt-3652.jpg
2362	2020/05/20200422_161West23rdSt-3642.jpg	2020/05/20200422_161West23rdSt-3642.jpg	no	1200	800		2345		20200422_161West23rdSt-3642	2020-05-12 00:09:45	https://www.streamlineusa.com/wp-content/uploads/2020/05/20200422_161West23rdSt-3642.jpg
2363	2020/05/20200422_161West23rdSt-3637.jpg	2020/05/20200422_161West23rdSt-3637.jpg	no	1200	800		2345		20200422_161West23rdSt-3637	2020-05-12 00:09:50	https://www.streamlineusa.com/wp-content/uploads/2020/05/20200422_161West23rdSt-3637.jpg
2367	2020/05/IMG_1257.png	2020/05/IMG_1257.png	no	1792	828		2366		IMG_1257	2020-05-12 00:16:21	https://www.streamlineusa.com/wp-content/uploads/2020/05/IMG_1257.png
2368	2020/05/IMG_1258.png	2020/05/IMG_1258.png	no	828	1792		2366		IMG_1258	2020-05-12 00:16:33	https://www.streamlineusa.com/wp-content/uploads/2020/05/IMG_1258.png
2369	2020/05/IMG_1261.png	2020/05/IMG_1261.png	no	1792	828		2366		IMG_1261	2020-05-12 00:16:45	https://www.streamlineusa.com/wp-content/uploads/2020/05/IMG_1261.png
2370	2020/05/IMG_1266.png	2020/05/IMG_1266.png	no	1792	828		2366		IMG_1266	2020-05-12 00:16:51	https://www.streamlineusa.com/wp-content/uploads/2020/05/IMG_1266.png
2371	2020/05/IMG_1256.png	2020/05/IMG_1256.png	no	1792	828		2366		Wainscott Featured	2020-05-12 00:17:00	https://www.streamlineusa.com/wp-content/uploads/2020/05/IMG_1256.png
2372	2020/05/IMG_1260.png	2020/05/IMG_1260.png	no	1792	828		2366		IMG_1260	2020-05-12 00:17:11	https://www.streamlineusa.com/wp-content/uploads/2020/05/IMG_1260.png
2373	2020/05/IMG_1263.png	2020/05/IMG_1263.png	no	1792	828		2366		IMG_1263	2020-05-12 00:17:22	https://www.streamlineusa.com/wp-content/uploads/2020/05/IMG_1263.png
2374	2020/05/IMG_1264.png	2020/05/IMG_1264.png	no	1792	828		2366		IMG_1264	2020-05-12 00:18:06	https://www.streamlineusa.com/wp-content/uploads/2020/05/IMG_1264.png
2375	2020/05/IMG_1259.png	2020/05/IMG_1259.png	no	1792	828		2366		IMG_1259	2020-05-12 00:18:16	https://www.streamlineusa.com/wp-content/uploads/2020/05/IMG_1259.png
2376	2020/05/IMG_1265.png	2020/05/IMG_1265.png	no	1792	828		2366		IMG_1265	2020-05-12 00:18:23	https://www.streamlineusa.com/wp-content/uploads/2020/05/IMG_1265.png
2377	2020/05/IMG_1262.png	2020/05/IMG_1262.png	no	1792	828		2366		IMG_1262	2020-05-12 00:18:31	https://www.streamlineusa.com/wp-content/uploads/2020/05/IMG_1262.png
2378	2020/05/IMG_2543.png	2020/05/IMG_2543.png	no	1136	640		2366		IMG_2543	2020-05-12 00:18:38	https://www.streamlineusa.com/wp-content/uploads/2020/05/IMG_2543.png
2379	2020/05/IMG_1267.png	2020/05/IMG_1267.png	no	1792	828		2366		IMG_1267	2020-05-12 00:18:51	https://www.streamlineusa.com/wp-content/uploads/2020/05/IMG_1267.png
2380	2020/05/IMG_2544.png	2020/05/IMG_2544.png	no	1136	640		2366		IMG_2544	2020-05-12 00:18:58	https://www.streamlineusa.com/wp-content/uploads/2020/05/IMG_2544.png
2381	2020/05/IMG_2545.png	2020/05/IMG_2545.png	no	1136	640		2366		IMG_2545	2020-05-12 00:19:03	https://www.streamlineusa.com/wp-content/uploads/2020/05/IMG_2545.png
2385	2020/05/20200422_2ndAveGroundCentral-3773.jpg	2020/05/20200422_2ndAveGroundCentral-3773.jpg	no	1200	800		2384		20200422_2ndAveGroundCentral-3773	2020-05-12 00:24:20	https://www.streamlineusa.com/wp-content/uploads/2020/05/20200422_2ndAveGroundCentral-3773.jpg
2386	2020/05/20200422_2ndAveGroundCentral-3728.jpg	2020/05/20200422_2ndAveGroundCentral-3728.jpg	no	1200	800		2384		20200422_2ndAveGroundCentral-3728	2020-05-12 00:24:33	https://www.streamlineusa.com/wp-content/uploads/2020/05/20200422_2ndAveGroundCentral-3728.jpg
2387	2020/05/Ground-Central-Featured.jpg	2020/05/Ground-Central-Featured.jpg	no	1200	800		2384		Ground Central Featured	2020-05-12 00:24:46	https://www.streamlineusa.com/wp-content/uploads/2020/05/Ground-Central-Featured.jpg
2388	2020/05/20200422_2ndAveGroundCentral-3763.jpg	2020/05/20200422_2ndAveGroundCentral-3763.jpg	no	1200	800		2384		20200422_2ndAveGroundCentral-3763	2020-05-12 00:24:56	https://www.streamlineusa.com/wp-content/uploads/2020/05/20200422_2ndAveGroundCentral-3763.jpg
2389	2020/05/20200422_2ndAveGroundCentral-3753.jpg	2020/05/20200422_2ndAveGroundCentral-3753.jpg	no	1200	800		2384		20200422_2ndAveGroundCentral-3753	2020-05-12 00:25:05	https://www.streamlineusa.com/wp-content/uploads/2020/05/20200422_2ndAveGroundCentral-3753.jpg
2390	2020/05/20200422_2ndAveGroundCentral-3788.jpg	2020/05/20200422_2ndAveGroundCentral-3788.jpg	no	1200	800		2384		20200422_2ndAveGroundCentral-3788	2020-05-12 00:25:10	https://www.streamlineusa.com/wp-content/uploads/2020/05/20200422_2ndAveGroundCentral-3788.jpg
2391	2020/05/20200422_2ndAveGroundCentral-3708.jpg	2020/05/20200422_2ndAveGroundCentral-3708.jpg	no	1200	800		2384		20200422_2ndAveGroundCentral-3708	2020-05-12 00:25:15	https://www.streamlineusa.com/wp-content/uploads/2020/05/20200422_2ndAveGroundCentral-3708.jpg
2392	2020/05/20200422_2ndAveGroundCentral-3733.jpg	2020/05/20200422_2ndAveGroundCentral-3733.jpg	no	1200	800		2384		20200422_2ndAveGroundCentral-3733	2020-05-12 00:25:18	https://www.streamlineusa.com/wp-content/uploads/2020/05/20200422_2ndAveGroundCentral-3733.jpg
2393	2020/05/20200422_2ndAveGroundCentral-3718.jpg	2020/05/20200422_2ndAveGroundCentral-3718.jpg	no	1200	800		2384		20200422_2ndAveGroundCentral-3718	2020-05-12 00:25:26	https://www.streamlineusa.com/wp-content/uploads/2020/05/20200422_2ndAveGroundCentral-3718.jpg
2397	2020/05/IMG_0458.png	2020/05/IMG_0458.png	no	1792	828		2396		IMG_0458	2020-05-12 00:33:04	https://www.streamlineusa.com/wp-content/uploads/2020/05/IMG_0458.png
2398	2020/05/IMG_0457.png	2020/05/IMG_0457.png	no	1792	828		2396		IMG_0457	2020-05-12 00:33:15	https://www.streamlineusa.com/wp-content/uploads/2020/05/IMG_0457.png
2399	2020/05/IMG_0449.png	2020/05/IMG_0449.png	no	1792	828		2396		IMG_0449	2020-05-12 00:33:24	https://www.streamlineusa.com/wp-content/uploads/2020/05/IMG_0449.png
2400	2020/05/Jackson-Heights-Featured.png	2020/05/Jackson-Heights-Featured.png	no	1792	828		2396		Jackson Heights Featured	2020-05-12 00:33:40	https://www.streamlineusa.com/wp-content/uploads/2020/05/Jackson-Heights-Featured.png
2401	2020/05/IMG_0462.png	2020/05/IMG_0462.png	no	1792	828		2396		IMG_0462	2020-05-12 00:33:51	https://www.streamlineusa.com/wp-content/uploads/2020/05/IMG_0462.png
2402	2020/05/IMG_0448.png	2020/05/IMG_0448.png	no	1792	828		2396		IMG_0448	2020-05-12 00:34:09	https://www.streamlineusa.com/wp-content/uploads/2020/05/IMG_0448.png
2403	2020/05/IMG_0450.png	2020/05/IMG_0450.png	no	1792	828		2396		IMG_0450	2020-05-12 00:34:19	https://www.streamlineusa.com/wp-content/uploads/2020/05/IMG_0450.png
2404	2020/05/IMG_0452.png	2020/05/IMG_0452.png	no	1792	828		2396		IMG_0452	2020-05-12 00:34:28	https://www.streamlineusa.com/wp-content/uploads/2020/05/IMG_0452.png
2405	2020/05/IMG_0455.png	2020/05/IMG_0455.png	no	1792	828		2396		IMG_0455	2020-05-12 00:34:40	https://www.streamlineusa.com/wp-content/uploads/2020/05/IMG_0455.png
2410	2020/05/IMG_7306.jpg	2020/05/IMG_7306.jpg	no	1200	900		2409		IMG_7306	2020-05-12 00:40:58	https://www.streamlineusa.com/wp-content/uploads/2020/05/IMG_7306.jpg
2411	2020/05/IMG_7300.jpg	2020/05/IMG_7300.jpg	no	1200	900		2409		IMG_7300	2020-05-12 00:41:03	https://www.streamlineusa.com/wp-content/uploads/2020/05/IMG_7300.jpg
2412	2020/05/IMG_7299.jpg	2020/05/IMG_7299.jpg	no	1200	900		2409		IMG_7299	2020-05-12 00:41:06	https://www.streamlineusa.com/wp-content/uploads/2020/05/IMG_7299.jpg
2413	2020/05/IMG_7302.jpg	2020/05/IMG_7302.jpg	no	900	1200		2409		IMG_7302	2020-05-12 00:41:10	https://www.streamlineusa.com/wp-content/uploads/2020/05/IMG_7302.jpg
2414	2020/05/IMG_7313.jpg	2020/05/IMG_7313.jpg	no	900	1200		2409		IMG_7313	2020-05-12 00:41:16	https://www.streamlineusa.com/wp-content/uploads/2020/05/IMG_7313.jpg
2415	2020/05/Upper-West-Side-Apt-Featured.jpg	2020/05/Upper-West-Side-Apt-Featured.jpg	no	1200	900		2409		Upper West Side Apt Featured	2020-05-12 00:41:20	https://www.streamlineusa.com/wp-content/uploads/2020/05/Upper-West-Side-Apt-Featured.jpg
2416	2020/05/IMG_7318.jpg	2020/05/IMG_7318.jpg	no	1200	900		2409		IMG_7318	2020-05-12 00:41:24	https://www.streamlineusa.com/wp-content/uploads/2020/05/IMG_7318.jpg
2417	2020/05/IMG_7311.jpg	2020/05/IMG_7311.jpg	no	1200	900		2409		IMG_7311	2020-05-12 00:41:29	https://www.streamlineusa.com/wp-content/uploads/2020/05/IMG_7311.jpg
2422	2020/05/Procorelogo.png	2020/05/Procorelogo.png	no	2048	249		0		Procorelogo	2020-05-13 01:54:03	https://www.streamlineusa.com/wp-content/uploads/2020/05/Procorelogo.png
2423	2020/05/Contacts-Page.jpeg	2020/05/Contacts-Page.jpeg	no	768	1024		0		Contacts Page	2020-05-13 02:06:05	https://www.streamlineusa.com/wp-content/uploads/2020/05/Contacts-Page.jpeg
2426	2020/05/20200507_444W17MyDarlingIvy-4826_27_28_29_30.jpg	2020/05/20200507_444W17MyDarlingIvy-4826_27_28_29_30.jpg	no	1200	800		2425		20200507_444W17MyDarlingIvy-4826_27_28_29_30	2020-05-21 17:49:45	https://www.streamlineusa.com/wp-content/uploads/2020/05/20200507_444W17MyDarlingIvy-4826_27_28_29_30.jpg
2427	2020/05/20200507_444W17MyDarlingIvy-4836_37_38_39_40.jpg	2020/05/20200507_444W17MyDarlingIvy-4836_37_38_39_40.jpg	no	800	1200		2425		20200507_444W17MyDarlingIvy-4836_37_38_39_40	2020-05-21 17:49:48	https://www.streamlineusa.com/wp-content/uploads/2020/05/20200507_444W17MyDarlingIvy-4836_37_38_39_40.jpg
2428	2020/05/20200507_444W17MyDarlingIvy-4841_2_3_4_5.jpg	2020/05/20200507_444W17MyDarlingIvy-4841_2_3_4_5.jpg	no	800	1200		2425		20200507_444W17MyDarlingIvy-4841_2_3_4_5	2020-05-21 17:49:51	https://www.streamlineusa.com/wp-content/uploads/2020/05/20200507_444W17MyDarlingIvy-4841_2_3_4_5.jpg
2429	2020/05/20200507_444W17MyDarlingIvy-4846_47_48_49_50.jpg	2020/05/20200507_444W17MyDarlingIvy-4846_47_48_49_50.jpg	no	1200	800		2425		20200507_444W17MyDarlingIvy-4846_47_48_49_50	2020-05-21 17:49:55	https://www.streamlineusa.com/wp-content/uploads/2020/05/20200507_444W17MyDarlingIvy-4846_47_48_49_50.jpg
2430	2020/05/20200507_444W17MyDarlingIvy-4851_2_3_4_5.jpg	2020/05/20200507_444W17MyDarlingIvy-4851_2_3_4_5.jpg	no	1200	800		2425		20200507_444W17MyDarlingIvy-4851_2_3_4_5	2020-05-21 17:49:58	https://www.streamlineusa.com/wp-content/uploads/2020/05/20200507_444W17MyDarlingIvy-4851_2_3_4_5.jpg
2431	2020/05/20200507_444W17MyDarlingIvy-4856_57_58_59_60.jpg	2020/05/20200507_444W17MyDarlingIvy-4856_57_58_59_60.jpg	no	1200	800		2425		20200507_444W17MyDarlingIvy-4856_57_58_59_60	2020-05-21 17:50:00	https://www.streamlineusa.com/wp-content/uploads/2020/05/20200507_444W17MyDarlingIvy-4856_57_58_59_60.jpg
2432	2020/05/20200507_444W17MyDarlingIvy-4861_2_3_4_5.jpg	2020/05/20200507_444W17MyDarlingIvy-4861_2_3_4_5.jpg	no	1200	800		2425		20200507_444W17MyDarlingIvy-4861_2_3_4_5	2020-05-21 17:50:04	https://www.streamlineusa.com/wp-content/uploads/2020/05/20200507_444W17MyDarlingIvy-4861_2_3_4_5.jpg
2433	2020/05/20200507_444W17MyDarlingIvy-4866_67_68_69_70.jpg	2020/05/20200507_444W17MyDarlingIvy-4866_67_68_69_70.jpg	no	799	1200		2425		20200507_444W17MyDarlingIvy-4866_67_68_69_70	2020-05-21 17:50:06	https://www.streamlineusa.com/wp-content/uploads/2020/05/20200507_444W17MyDarlingIvy-4866_67_68_69_70.jpg
2434	2020/05/20200507_444W17MyDarlingIvy-4871_2_3_4_5.jpg	2020/05/20200507_444W17MyDarlingIvy-4871_2_3_4_5.jpg	no	1200	800		2425		20200507_444W17MyDarlingIvy-4871_2_3_4_5	2020-05-21 17:50:09	https://www.streamlineusa.com/wp-content/uploads/2020/05/20200507_444W17MyDarlingIvy-4871_2_3_4_5.jpg
2435	2020/05/20200507_444W17MyDarlingIvy-4876_77_78_79_80.jpg	2020/05/20200507_444W17MyDarlingIvy-4876_77_78_79_80.jpg	no	1200	800		2425		20200507_444W17MyDarlingIvy-4876_77_78_79_80	2020-05-21 17:50:12	https://www.streamlineusa.com/wp-content/uploads/2020/05/20200507_444W17MyDarlingIvy-4876_77_78_79_80.jpg
2436	2020/05/20200507_444W17MyDarlingIvy-4881_2_3_4_5.jpg	2020/05/20200507_444W17MyDarlingIvy-4881_2_3_4_5.jpg	no	1200	800		2425		20200507_444W17MyDarlingIvy-4881_2_3_4_5	2020-05-21 17:50:16	https://www.streamlineusa.com/wp-content/uploads/2020/05/20200507_444W17MyDarlingIvy-4881_2_3_4_5.jpg
2437	2020/05/20200507_444W17MyDarlingIvy-4886_87_88_89_90.jpg	2020/05/20200507_444W17MyDarlingIvy-4886_87_88_89_90.jpg	no	800	1200		2425		20200507_444W17MyDarlingIvy-4886_87_88_89_90	2020-05-21 17:50:20	https://www.streamlineusa.com/wp-content/uploads/2020/05/20200507_444W17MyDarlingIvy-4886_87_88_89_90.jpg
2438	2020/05/20200507_444W17MyDarlingIvy-4891_2_3_4_5.jpg	2020/05/20200507_444W17MyDarlingIvy-4891_2_3_4_5.jpg	no	1200	800		2425		20200507_444W17MyDarlingIvy-4891_2_3_4_5	2020-05-21 17:50:24	https://www.streamlineusa.com/wp-content/uploads/2020/05/20200507_444W17MyDarlingIvy-4891_2_3_4_5.jpg
2439	2020/05/20200507_444W17MyDarlingIvy-4901_2_3_4_5.jpg	2020/05/20200507_444W17MyDarlingIvy-4901_2_3_4_5.jpg	no	1200	800		2425		20200507_444W17MyDarlingIvy-4901_2_3_4_5	2020-05-21 17:50:27	https://www.streamlineusa.com/wp-content/uploads/2020/05/20200507_444W17MyDarlingIvy-4901_2_3_4_5.jpg
2440	2020/05/20200507_444W17MyDarlingIvy-4906_07_08_09_10.jpg	2020/05/20200507_444W17MyDarlingIvy-4906_07_08_09_10.jpg	no	1200	800		2425		20200507_444W17MyDarlingIvy-4906_07_08_09_10	2020-05-21 17:50:32	https://www.streamlineusa.com/wp-content/uploads/2020/05/20200507_444W17MyDarlingIvy-4906_07_08_09_10.jpg
2441	2020/05/20200507_444W17MyDarlingIvy-4911_2_3_4_5.jpg	2020/05/20200507_444W17MyDarlingIvy-4911_2_3_4_5.jpg	no	1200	800		2425		20200507_444W17MyDarlingIvy-4911_2_3_4_5	2020-05-21 17:50:36	https://www.streamlineusa.com/wp-content/uploads/2020/05/20200507_444W17MyDarlingIvy-4911_2_3_4_5.jpg
2442	2020/05/20200507_444W17MyDarlingIvy-4921_2_3_4_5.jpg	2020/05/20200507_444W17MyDarlingIvy-4921_2_3_4_5.jpg	no	1200	800		2425		20200507_444W17MyDarlingIvy-4921_2_3_4_5	2020-05-21 17:50:38	https://www.streamlineusa.com/wp-content/uploads/2020/05/20200507_444W17MyDarlingIvy-4921_2_3_4_5.jpg
2443	2020/05/20200507_444W17MyDarlingIvy-4926_27_28_29_30.jpg	2020/05/20200507_444W17MyDarlingIvy-4926_27_28_29_30.jpg	no	1200	800		2425		20200507_444W17MyDarlingIvy-4926_27_28_29_30	2020-05-21 17:50:41	https://www.streamlineusa.com/wp-content/uploads/2020/05/20200507_444W17MyDarlingIvy-4926_27_28_29_30.jpg
2444	2020/05/20200507_444W17MyDarlingIvy-4931_2_3_4_5.jpg	2020/05/20200507_444W17MyDarlingIvy-4931_2_3_4_5.jpg	no	1200	800		2425		20200507_444W17MyDarlingIvy-4931_2_3_4_5	2020-05-21 17:50:44	https://www.streamlineusa.com/wp-content/uploads/2020/05/20200507_444W17MyDarlingIvy-4931_2_3_4_5.jpg
2445	2020/05/20200507_444W17MyDarlingIvy-4941_2_3_4_5.jpg	2020/05/20200507_444W17MyDarlingIvy-4941_2_3_4_5.jpg	no	800	1200		2425		20200507_444W17MyDarlingIvy-4941_2_3_4_5	2020-05-21 17:50:46	https://www.streamlineusa.com/wp-content/uploads/2020/05/20200507_444W17MyDarlingIvy-4941_2_3_4_5.jpg
2446	2020/05/20200507_444W17MyDarlingIvy-4946_47_48_49_50.jpg	2020/05/20200507_444W17MyDarlingIvy-4946_47_48_49_50.jpg	no	799	1200		2425		20200507_444W17MyDarlingIvy-4946_47_48_49_50	2020-05-21 17:50:49	https://www.streamlineusa.com/wp-content/uploads/2020/05/20200507_444W17MyDarlingIvy-4946_47_48_49_50.jpg
2447	2020/05/20200507_444W17MyDarlingIvy-4956_57_58_59_60.jpg	2020/05/20200507_444W17MyDarlingIvy-4956_57_58_59_60.jpg	no	799	1200		2425		20200507_444W17MyDarlingIvy-4956_57_58_59_60	2020-05-21 17:50:52	https://www.streamlineusa.com/wp-content/uploads/2020/05/20200507_444W17MyDarlingIvy-4956_57_58_59_60.jpg
2448	2020/05/20200507_444W17MyDarlingIvy-4961_2_3_4_5.jpg	2020/05/20200507_444W17MyDarlingIvy-4961_2_3_4_5.jpg	no	1200	800		2425		20200507_444W17MyDarlingIvy-4961_2_3_4_5	2020-05-21 17:50:56	https://www.streamlineusa.com/wp-content/uploads/2020/05/20200507_444W17MyDarlingIvy-4961_2_3_4_5.jpg
2449	2020/05/20200507_444W17MyDarlingIvy-4966_67_68_69_70.jpg	2020/05/20200507_444W17MyDarlingIvy-4966_67_68_69_70.jpg	no	1200	800		2425		20200507_444W17MyDarlingIvy-4966_67_68_69_70	2020-05-21 17:51:00	https://www.streamlineusa.com/wp-content/uploads/2020/05/20200507_444W17MyDarlingIvy-4966_67_68_69_70.jpg
2450	2020/05/20200507_444W17MyDarlingIvy-4971_2_3_4_5.jpg	2020/05/20200507_444W17MyDarlingIvy-4971_2_3_4_5.jpg	no	800	1200		2425		20200507_444W17MyDarlingIvy-4971_2_3_4_5	2020-05-21 17:51:03	https://www.streamlineusa.com/wp-content/uploads/2020/05/20200507_444W17MyDarlingIvy-4971_2_3_4_5.jpg
2451	2020/05/20200507_444W17MyDarlingIvy-4976_77_78_79_80.jpg	2020/05/20200507_444W17MyDarlingIvy-4976_77_78_79_80.jpg	no	800	1200		2425		20200507_444W17MyDarlingIvy-4976_77_78_79_80	2020-05-21 17:51:06	https://www.streamlineusa.com/wp-content/uploads/2020/05/20200507_444W17MyDarlingIvy-4976_77_78_79_80.jpg
2452	2020/05/20200507_444W17MyDarlingIvy-4981_2_3_4_5.jpg	2020/05/20200507_444W17MyDarlingIvy-4981_2_3_4_5.jpg	no	1200	800		2425		20200507_444W17MyDarlingIvy-4981_2_3_4_5	2020-05-21 17:51:08	https://www.streamlineusa.com/wp-content/uploads/2020/05/20200507_444W17MyDarlingIvy-4981_2_3_4_5.jpg
2453	2020/05/20200507_444W17MyDarlingIvy-4986_87_88_89_90.jpg	2020/05/20200507_444W17MyDarlingIvy-4986_87_88_89_90.jpg	no	1200	800		2425		20200507_444W17MyDarlingIvy-4986_87_88_89_90	2020-05-21 17:51:11	https://www.streamlineusa.com/wp-content/uploads/2020/05/20200507_444W17MyDarlingIvy-4986_87_88_89_90.jpg
2454	2020/05/20200507_444W17MyDarlingIvy-5001_2_3_4_5.jpg	2020/05/20200507_444W17MyDarlingIvy-5001_2_3_4_5.jpg	no	1200	800		2425		20200507_444W17MyDarlingIvy-5001_2_3_4_5	2020-05-21 17:51:13	https://www.streamlineusa.com/wp-content/uploads/2020/05/20200507_444W17MyDarlingIvy-5001_2_3_4_5.jpg
2455	2020/05/20200507_444W17MyDarlingIvy-5006_07_08_09_10.jpg	2020/05/20200507_444W17MyDarlingIvy-5006_07_08_09_10.jpg	no	1200	800		2425		20200507_444W17MyDarlingIvy-5006_07_08_09_10	2020-05-21 17:51:16	https://www.streamlineusa.com/wp-content/uploads/2020/05/20200507_444W17MyDarlingIvy-5006_07_08_09_10.jpg
2456	2020/05/20200507_444W17MyDarlingIvy-5016_17_18_19_20.jpg	2020/05/20200507_444W17MyDarlingIvy-5016_17_18_19_20.jpg	no	1200	800		2425		20200507_444W17MyDarlingIvy-5016_17_18_19_20	2020-05-21 17:51:19	https://www.streamlineusa.com/wp-content/uploads/2020/05/20200507_444W17MyDarlingIvy-5016_17_18_19_20.jpg
2457	2020/05/My-Darling-Ivy-Featured.jpg	2020/05/My-Darling-Ivy-Featured.jpg	no	1200	800		2425		My Darling Ivy Featured	2020-05-21 17:51:22	https://www.streamlineusa.com/wp-content/uploads/2020/05/My-Darling-Ivy-Featured.jpg
2466	2020/05/Procorelogo-PDF.pdf	2020/05/Procorelogo-PDF.pdf	no				71		Procorelogo PDF	2020-05-25 17:09:07	https://www.streamlineusa.com/wp-content/uploads/2020/05/Procorelogo-PDF.pdf
2470	2020/05/WhatsApp-Image-2020-05-22-at-11.10.32-AM.jpeg	2020/05/WhatsApp-Image-2020-05-22-at-11.10.32-AM.jpeg	no	1144	1280		70		Michael Collins	2020-05-25 17:20:38	https://www.streamlineusa.com/wp-content/uploads/2020/05/WhatsApp-Image-2020-05-22-at-11.10.32-AM.jpeg
2507	2020/07/5th-Ave-9496-copy.jpg	2020/07/5th-Ave-9496-copy.jpg	no	640	295		2504		5th Ave 9496 copy	2020-07-22 00:34:39	https://www.streamlineusa.com/wp-content/uploads/2020/07/5th-Ave-9496-copy.jpg
2508	2020/07/5th-Ave-9495-copy.jpg	2020/07/5th-Ave-9495-copy.jpg	no	640	295		2504		5th Ave 9495 copy	2020-07-22 00:34:40	https://www.streamlineusa.com/wp-content/uploads/2020/07/5th-Ave-9495-copy.jpg
2509	2020/07/5th-Ave-9494-copy.jpg	2020/07/5th-Ave-9494-copy.jpg	no	640	295		2504		5th Ave 9494 copy	2020-07-22 00:34:40	https://www.streamlineusa.com/wp-content/uploads/2020/07/5th-Ave-9494-copy.jpg
2510	2020/07/5th-Ave-9493-copy.jpg	2020/07/5th-Ave-9493-copy.jpg	no	640	295		2504		5th Ave 9493 copy	2020-07-22 00:34:41	https://www.streamlineusa.com/wp-content/uploads/2020/07/5th-Ave-9493-copy.jpg
2511	2020/07/5th-Ave-9492-copy.jpg	2020/07/5th-Ave-9492-copy.jpg	no	640	295		2504		5th Ave 9492 copy	2020-07-22 00:34:42	https://www.streamlineusa.com/wp-content/uploads/2020/07/5th-Ave-9492-copy.jpg
2512	2020/07/5th-Ave-9491-copy.jpg	2020/07/5th-Ave-9491-copy.jpg	no	640	295		2504		5th Ave 9491 copy	2020-07-22 00:34:42	https://www.streamlineusa.com/wp-content/uploads/2020/07/5th-Ave-9491-copy.jpg
2513	2020/07/5th-Ave-9490-copy.jpg	2020/07/5th-Ave-9490-copy.jpg	no	640	295		2504		5th Ave 9490 copy	2020-07-22 00:34:43	https://www.streamlineusa.com/wp-content/uploads/2020/07/5th-Ave-9490-copy.jpg
2514	2020/07/5th-Ave-9488-copy.jpg	2020/07/5th-Ave-9488-copy.jpg	no	640	295		2504		5th Ave 9488 copy	2020-07-22 00:34:44	https://www.streamlineusa.com/wp-content/uploads/2020/07/5th-Ave-9488-copy.jpg
2515	2020/07/5th-Ave-9485-copy.jpg	2020/07/5th-Ave-9485-copy.jpg	no	640	295		2504		5th Ave 9485 copy	2020-07-22 00:34:44	https://www.streamlineusa.com/wp-content/uploads/2020/07/5th-Ave-9485-copy.jpg
2516	2020/07/5th-Ave-9483-copy.jpg	2020/07/5th-Ave-9483-copy.jpg	no	640	295		2504		5th Ave 9483 copy	2020-07-22 00:34:45	https://www.streamlineusa.com/wp-content/uploads/2020/07/5th-Ave-9483-copy.jpg
2517	2020/07/5th-Ave-9481-copy.jpg	2020/07/5th-Ave-9481-copy.jpg	no	640	295		2504		5th Ave 9481 copy	2020-07-22 00:34:45	https://www.streamlineusa.com/wp-content/uploads/2020/07/5th-Ave-9481-copy.jpg
2518	2020/07/5th-Ave-Featured-copy.jpg	2020/07/5th-Ave-Featured-copy.jpg	no	640	295		2504		5th Ave Featured copy	2020-07-22 00:34:46	https://www.streamlineusa.com/wp-content/uploads/2020/07/5th-Ave-Featured-copy.jpg
2521	2020/07/IMG_6905.jpg	2020/07/IMG_6905.jpg	no	1124	761		2520		IMG_6905	2020-07-22 00:40:49	https://www.streamlineusa.com/wp-content/uploads/2020/07/IMG_6905.jpg
2522	2020/07/IMG_6910.jpg	2020/07/IMG_6910.jpg	no	883	1280		2520		IMG_6910	2020-07-22 00:40:51	https://www.streamlineusa.com/wp-content/uploads/2020/07/IMG_6910.jpg
2523	2020/07/IMG_6906.jpg	2020/07/IMG_6906.jpg	no	1124	769		2520		IMG_6906	2020-07-22 00:40:52	https://www.streamlineusa.com/wp-content/uploads/2020/07/IMG_6906.jpg
2524	2020/07/Haus-Featured.jpg	2020/07/Haus-Featured.jpg	no	1124	763		2520		Haus Featured	2020-07-22 00:40:53	https://www.streamlineusa.com/wp-content/uploads/2020/07/Haus-Featured.jpg
2525	2020/07/IMG_6913.jpg	2020/07/IMG_6913.jpg	no	1124	749		2520		IMG_6913	2020-07-22 00:40:54	https://www.streamlineusa.com/wp-content/uploads/2020/07/IMG_6913.jpg
2526	2020/07/IMG_6917.jpg	2020/07/IMG_6917.jpg	no	1124	766		2520		IMG_6917	2020-07-22 00:40:55	https://www.streamlineusa.com/wp-content/uploads/2020/07/IMG_6917.jpg
2527	2020/07/IMG_6916.jpg	2020/07/IMG_6916.jpg	no	1124	711		2520		IMG_6916	2020-07-22 00:40:57	https://www.streamlineusa.com/wp-content/uploads/2020/07/IMG_6916.jpg
2528	2020/07/IMG_6914.jpg	2020/07/IMG_6914.jpg	no	1124	830		2520		IMG_6914	2020-07-22 00:40:58	https://www.streamlineusa.com/wp-content/uploads/2020/07/IMG_6914.jpg
2529	2020/07/IMG_6915.jpg	2020/07/IMG_6915.jpg	no	880	1280		2520		IMG_6915	2020-07-22 00:40:59	https://www.streamlineusa.com/wp-content/uploads/2020/07/IMG_6915.jpg
2530	2020/07/IMG_6909.jpg	2020/07/IMG_6909.jpg	no	1124	721		2520		IMG_6909	2020-07-22 00:41:00	https://www.streamlineusa.com/wp-content/uploads/2020/07/IMG_6909.jpg
2531	2020/07/IMG_6908.jpg	2020/07/IMG_6908.jpg	no	1124	862		2520		IMG_6908	2020-07-22 00:41:01	https://www.streamlineusa.com/wp-content/uploads/2020/07/IMG_6908.jpg
2538	2020/07/Boqueria_West40_0518_LizClayman_206-scaled-1.jpg	2020/07/Boqueria_West40_0518_LizClayman_206-scaled-1.jpg	no	2048	1367		0		Boqueria_West40_0518_LizClayman_206-scaled.jpg	2020-07-22 01:23:55	https://www.streamlineusa.com/wp-content/uploads/2020/07/Boqueria_West40_0518_LizClayman_206-scaled-1.jpg
2539	2020/07/Free-People-by-Streamline-USA-5.65x4.11-1.jpg	2020/07/Free-People-by-Streamline-USA-5.65x4.11-1.jpg	no	1695	1233		0		Free-People-by-Streamline-USA-5.65x4.11-1.jpg	2020-07-22 01:23:57	https://www.streamlineusa.com/wp-content/uploads/2020/07/Free-People-by-Streamline-USA-5.65x4.11-1.jpg
2551	2020/07/STREAMLINE-BROCHURE-INSIDE.jpg	2020/07/STREAMLINE-BROCHURE-INSIDE.jpg	no	2000	1548		0		STREAMLINE-BROCHURE-INSIDE	2020-07-23 11:26:03	https://www.streamlineusa.com/wp-content/uploads/2020/07/STREAMLINE-BROCHURE-INSIDE.jpg
2552	2020/07/STREAMLINE-BROCHURE-OUTSIDE.jpg	2020/07/STREAMLINE-BROCHURE-OUTSIDE.jpg	no	2000	1542		0		STREAMLINE-BROCHURE-OUTSIDE	2020-07-23 11:26:05	https://www.streamlineusa.com/wp-content/uploads/2020/07/STREAMLINE-BROCHURE-OUTSIDE.jpg
2553	2020/07/Prj-mgmt-tablet-e1595541989361.jpg	2020/07/Prj-mgmt-tablet-e1595541989361.jpg	no	406	278		0		Prj mgmt tablet	2020-07-23 11:26:06	https://www.streamlineusa.com/wp-content/uploads/2020/07/Prj-mgmt-tablet-e1595541989361.jpg
2554	2020/07/Prh-mgmt-power-wash-e1595542184223.jpg	2020/07/Prh-mgmt-power-wash-e1595542184223.jpg	no	673	454		0		Prh mgmt power wash	2020-07-23 11:26:07	https://www.streamlineusa.com/wp-content/uploads/2020/07/Prh-mgmt-power-wash-e1595542184223.jpg
2555	2020/07/Prj-mgmt-filter.jpg	2020/07/Prj-mgmt-filter.jpg	no	650	411		0		Prj mgmt filter	2020-07-23 11:26:08	https://www.streamlineusa.com/wp-content/uploads/2020/07/Prj-mgmt-filter.jpg
2556	2020/07/Prj-mgmt-buffer-e1595541532851.jpg	2020/07/Prj-mgmt-buffer-e1595541532851.jpg	no	1080	720		0		Prj mgmt buffer	2020-07-23 11:26:09	https://www.streamlineusa.com/wp-content/uploads/2020/07/Prj-mgmt-buffer-e1595541532851.jpg
2557	2020/07/Prj-mgmt-balcony.jpg	2020/07/Prj-mgmt-balcony.jpg	no	625	808		0		Prj mgmt balcony	2020-07-23 11:26:10	https://www.streamlineusa.com/wp-content/uploads/2020/07/Prj-mgmt-balcony.jpg
2558	2020/07/Prj-mgmt-handyman.jpg	2020/07/Prj-mgmt-handyman.jpg	no	1920	1275		0		Plumber Repair Water Pipe	2020-07-23 11:26:10	https://www.streamlineusa.com/wp-content/uploads/2020/07/Prj-mgmt-handyman.jpg
2559	2020/07/Prj-mgmt-curtain-scaled-e1595516376552.jpg	2020/07/Prj-mgmt-curtain.jpg	yes	2048	952		0		Prj mgmt curtain	2020-07-23 11:26:12	https://www.streamlineusa.com/wp-content/uploads/2020/07/Prj-mgmt-curtain-scaled-e1595516376552.jpg
2569	2020/07/5-1-e1595517290213.jpg	2020/07/5-1-e1595517290213.jpg	no	1648	696		0		5 (1)	2020-07-23 15:14:37	https://www.streamlineusa.com/wp-content/uploads/2020/07/5-1-e1595517290213.jpg
2597	2020/07/West-Village-Townhouse-Lrg-scaled.jpg	2020/07/West-Village-Townhouse-Lrg.jpg	yes	2048	1366		0		West Village Townhouse Lrg	2020-07-23 22:27:06	https://www.streamlineusa.com/wp-content/uploads/2020/07/West-Village-Townhouse-Lrg-scaled.jpg
2601	2020/07/Prj-mgmt-filter-big.jpg	2020/07/Prj-mgmt-filter-big.jpg	no	1250	791		0		8.5"x11" Front Trifold Template	2020-07-23 22:29:46	https://www.streamlineusa.com/wp-content/uploads/2020/07/Prj-mgmt-filter-big.jpg
2650	2022/02/20210219_55HudsonYards-5383-scaled.jpg	2022/02/20210219_55HudsonYards-5383.jpg	yes	1706	2560		0		20210219_55HudsonYards-5383	2022-02-28 02:08:23	https://www.streamlineusa.com/wp-content/uploads/2022/02/20210219_55HudsonYards-5383-scaled.jpg
2651	2022/02/20210219_55HudsonYards-5378-scaled.jpg	2022/02/20210219_55HudsonYards-5378.jpg	yes	2048	2560		0		20210219_55HudsonYards-5378	2022-02-28 02:08:29	https://www.streamlineusa.com/wp-content/uploads/2022/02/20210219_55HudsonYards-5378-scaled.jpg
2652	2022/02/20210219_55HudsonYards-5373-scaled.jpg	2022/02/20210219_55HudsonYards-5373.jpg	yes	2048	1366		0		20210219_55HudsonYards-5373	2022-02-28 02:08:35	https://www.streamlineusa.com/wp-content/uploads/2022/02/20210219_55HudsonYards-5373-scaled.jpg
2653	2022/02/20210219_55HudsonYards-5368-scaled.jpg	2022/02/20210219_55HudsonYards-5368.jpg	yes	2048	1366		0		20210219_55HudsonYards-5368	2022-02-28 02:08:40	https://www.streamlineusa.com/wp-content/uploads/2022/02/20210219_55HudsonYards-5368-scaled.jpg
2654	2022/02/20210219_55HudsonYards-5363-scaled.jpg	2022/02/20210219_55HudsonYards-5363.jpg	yes	2048	1366		0		20210219_55HudsonYards-5363	2022-02-28 02:08:46	https://www.streamlineusa.com/wp-content/uploads/2022/02/20210219_55HudsonYards-5363-scaled.jpg
2655	2022/02/20210219_55HudsonYards-5358-scaled.jpg	2022/02/20210219_55HudsonYards-5358.jpg	yes	1707	2560		0		20210219_55HudsonYards-5358	2022-02-28 02:08:52	https://www.streamlineusa.com/wp-content/uploads/2022/02/20210219_55HudsonYards-5358-scaled.jpg
2656	2022/02/20210219_55HudsonYards-5353-scaled.jpg	2022/02/20210219_55HudsonYards-5353.jpg	yes	2048	1366		0		20210219_55HudsonYards-5353	2022-02-28 02:08:58	https://www.streamlineusa.com/wp-content/uploads/2022/02/20210219_55HudsonYards-5353-scaled.jpg
2657	2022/02/20210219_55HudsonYards-5348-scaled.jpg	2022/02/20210219_55HudsonYards-5348.jpg	yes	2048	1366		0		20210219_55HudsonYards-5348	2022-02-28 02:09:03	https://www.streamlineusa.com/wp-content/uploads/2022/02/20210219_55HudsonYards-5348-scaled.jpg
2658	2022/02/20210219_55HudsonYards-5343-scaled.jpg	2022/02/20210219_55HudsonYards-5343.jpg	yes	2048	1365		0		20210219_55HudsonYards-5343	2022-02-28 02:09:09	https://www.streamlineusa.com/wp-content/uploads/2022/02/20210219_55HudsonYards-5343-scaled.jpg
2659	2022/02/20210219_55HudsonYards-5338-scaled.jpg	2022/02/20210219_55HudsonYards-5338.jpg	yes	2048	1365		0		20210219_55HudsonYards-5338	2022-02-28 02:09:15	https://www.streamlineusa.com/wp-content/uploads/2022/02/20210219_55HudsonYards-5338-scaled.jpg
2660	2022/02/20210219_55HudsonYards-5333-scaled.jpg	2022/02/20210219_55HudsonYards-5333.jpg	yes	2048	1365		0		20210219_55HudsonYards-5333	2022-02-28 02:09:21	https://www.streamlineusa.com/wp-content/uploads/2022/02/20210219_55HudsonYards-5333-scaled.jpg
2661	2022/02/20210219_55HudsonYards-5328-scaled.jpg	2022/02/20210219_55HudsonYards-5328.jpg	yes	2048	1365		0		20210219_55HudsonYards-5328	2022-02-28 02:09:26	https://www.streamlineusa.com/wp-content/uploads/2022/02/20210219_55HudsonYards-5328-scaled.jpg
2662	2022/02/20210219_55HudsonYards-5323-scaled.jpg	2022/02/20210219_55HudsonYards-5323.jpg	yes	2048	1366		0		20210219_55HudsonYards-5323	2022-02-28 02:09:31	https://www.streamlineusa.com/wp-content/uploads/2022/02/20210219_55HudsonYards-5323-scaled.jpg
2663	2022/02/20210219_55HudsonYards-5313-scaled.jpg	2022/02/20210219_55HudsonYards-5313.jpg	yes	2048	1366		0		20210219_55HudsonYards-5313	2022-02-28 02:09:35	https://www.streamlineusa.com/wp-content/uploads/2022/02/20210219_55HudsonYards-5313-scaled.jpg
2664	2022/02/20210219_55HudsonYards-5308-scaled.jpg	2022/02/20210219_55HudsonYards-5308.jpg	yes	2048	1366		0		20210219_55HudsonYards-5308	2022-02-28 02:09:40	https://www.streamlineusa.com/wp-content/uploads/2022/02/20210219_55HudsonYards-5308-scaled.jpg
2665	2022/02/20210219_55HudsonYards-5303-scaled.jpg	2022/02/20210219_55HudsonYards-5303.jpg	yes	2048	1366		0		20210219_55HudsonYards-5303	2022-02-28 02:09:45	https://www.streamlineusa.com/wp-content/uploads/2022/02/20210219_55HudsonYards-5303-scaled.jpg
2666	2022/02/20210219_55HudsonYards-5298-scaled.jpg	2022/02/20210219_55HudsonYards-5298.jpg	yes	2048	1366		0		20210219_55HudsonYards-5298	2022-02-28 02:09:50	https://www.streamlineusa.com/wp-content/uploads/2022/02/20210219_55HudsonYards-5298-scaled.jpg
2667	2022/02/20210219_55HudsonYards-5293-scaled.jpg	2022/02/20210219_55HudsonYards-5293.jpg	yes	2048	1366		0		20210219_55HudsonYards-5293	2022-02-28 02:09:56	https://www.streamlineusa.com/wp-content/uploads/2022/02/20210219_55HudsonYards-5293-scaled.jpg
2668	2022/02/20210219_55HudsonYards-5278-scaled.jpg	2022/02/20210219_55HudsonYards-5278.jpg	yes	2048	1366		0		20210219_55HudsonYards-5278	2022-02-28 02:10:02	https://www.streamlineusa.com/wp-content/uploads/2022/02/20210219_55HudsonYards-5278-scaled.jpg
2669	2022/02/20210219_55HudsonYards-5268-scaled.jpg	2022/02/20210219_55HudsonYards-5268.jpg	yes	2048	1366		0		20210219_55HudsonYards-5268	2022-02-28 02:10:06	https://www.streamlineusa.com/wp-content/uploads/2022/02/20210219_55HudsonYards-5268-scaled.jpg
2670	2022/02/20210219_55HudsonYards-5263-scaled.jpg	2022/02/20210219_55HudsonYards-5263.jpg	yes	1707	2560		0		20210219_55HudsonYards-5263	2022-02-28 02:10:10	https://www.streamlineusa.com/wp-content/uploads/2022/02/20210219_55HudsonYards-5263-scaled.jpg
2671	2022/02/20210219_55HudsonYards-5258-scaled.jpg	2022/02/20210219_55HudsonYards-5258.jpg	yes	2048	1638		0		20210219_55HudsonYards-5258	2022-02-28 02:10:16	https://www.streamlineusa.com/wp-content/uploads/2022/02/20210219_55HudsonYards-5258-scaled.jpg
2672	2022/02/20210219_55HudsonYards-5253-scaled.jpg	2022/02/20210219_55HudsonYards-5253.jpg	yes	2048	1366		0		20210219_55HudsonYards-5253	2022-02-28 02:10:21	https://www.streamlineusa.com/wp-content/uploads/2022/02/20210219_55HudsonYards-5253-scaled.jpg
2673	2022/02/20210219_55HudsonYards-5248-scaled.jpg	2022/02/20210219_55HudsonYards-5248.jpg	yes	2048	1366		0		20210219_55HudsonYards-5248	2022-02-28 02:10:25	https://www.streamlineusa.com/wp-content/uploads/2022/02/20210219_55HudsonYards-5248-scaled.jpg
2674	2022/02/20210219_55HudsonYards-5238-scaled.jpg	2022/02/20210219_55HudsonYards-5238.jpg	yes	2048	1366		0		20210219_55HudsonYards-5238	2022-02-28 02:10:30	https://www.streamlineusa.com/wp-content/uploads/2022/02/20210219_55HudsonYards-5238-scaled.jpg
2675	2022/02/20210219_55HudsonYards-5233-scaled.jpg	2022/02/20210219_55HudsonYards-5233.jpg	yes	1707	2560		0		20210219_55HudsonYards-5233	2022-02-28 02:10:35	https://www.streamlineusa.com/wp-content/uploads/2022/02/20210219_55HudsonYards-5233-scaled.jpg
2676	2022/02/20210219_55HudsonYards-5228-scaled.jpg	2022/02/20210219_55HudsonYards-5228.jpg	yes	1707	2560		0		20210219_55HudsonYards-5228	2022-02-28 02:10:41	https://www.streamlineusa.com/wp-content/uploads/2022/02/20210219_55HudsonYards-5228-scaled.jpg
2677	2022/02/20210219_55HudsonYards-5223-scaled.jpg	2022/02/20210219_55HudsonYards-5223.jpg	yes	2048	1366		0		20210219_55HudsonYards-5223	2022-02-28 02:10:46	https://www.streamlineusa.com/wp-content/uploads/2022/02/20210219_55HudsonYards-5223-scaled.jpg
2678	2022/02/20210219_55HudsonYards-5208-scaled.jpg	2022/02/20210219_55HudsonYards-5208.jpg	yes	1707	2560		0		20210219_55HudsonYards-5208	2022-02-28 02:10:51	https://www.streamlineusa.com/wp-content/uploads/2022/02/20210219_55HudsonYards-5208-scaled.jpg
2679	2022/02/20210219_55HudsonYards-5203-scaled.jpg	2022/02/20210219_55HudsonYards-5203.jpg	yes	2048	1366		0		20210219_55HudsonYards-5203	2022-02-28 02:10:56	https://www.streamlineusa.com/wp-content/uploads/2022/02/20210219_55HudsonYards-5203-scaled.jpg
2680	2022/02/20210219_55HudsonYards-5198-scaled.jpg	2022/02/20210219_55HudsonYards-5198.jpg	yes	1706	2560		0		20210219_55HudsonYards-5198	2022-02-28 02:11:01	https://www.streamlineusa.com/wp-content/uploads/2022/02/20210219_55HudsonYards-5198-scaled.jpg
2681	2022/02/20210219_55HudsonYards-5193-scaled.jpg	2022/02/20210219_55HudsonYards-5193.jpg	yes	2048	1366		0		20210219_55HudsonYards-5193	2022-02-28 02:11:06	https://www.streamlineusa.com/wp-content/uploads/2022/02/20210219_55HudsonYards-5193-scaled.jpg
2682	2022/02/20210219_55HudsonYards-5188-scaled.jpg	2022/02/20210219_55HudsonYards-5188.jpg	yes	2048	1366		0		20210219_55HudsonYards-5188	2022-02-28 02:11:11	https://www.streamlineusa.com/wp-content/uploads/2022/02/20210219_55HudsonYards-5188-scaled.jpg
2683	2022/02/20210219_55HudsonYards-5183-scaled.jpg	2022/02/20210219_55HudsonYards-5183.jpg	yes	2048	1366		0		20210219_55HudsonYards-5183	2022-02-28 02:11:16	https://www.streamlineusa.com/wp-content/uploads/2022/02/20210219_55HudsonYards-5183-scaled.jpg
2684	2022/02/20210219_55HudsonYards-5178-scaled.jpg	2022/02/20210219_55HudsonYards-5178.jpg	yes	2048	1366		0		20210219_55HudsonYards-5178	2022-02-28 02:11:21	https://www.streamlineusa.com/wp-content/uploads/2022/02/20210219_55HudsonYards-5178-scaled.jpg
2685	2022/02/20210219_55HudsonYards-5173-scaled.jpg	2022/02/20210219_55HudsonYards-5173.jpg	yes	1707	2560		0		20210219_55HudsonYards-5173	2022-02-28 02:11:27	https://www.streamlineusa.com/wp-content/uploads/2022/02/20210219_55HudsonYards-5173-scaled.jpg
2686	2022/02/20210219_55HudsonYards-5168-scaled.jpg	2022/02/20210219_55HudsonYards-5168.jpg	yes	1706	2560		0		20210219_55HudsonYards-5168	2022-02-28 02:11:32	https://www.streamlineusa.com/wp-content/uploads/2022/02/20210219_55HudsonYards-5168-scaled.jpg
2687	2022/02/20210219_55HudsonYards-5163-scaled.jpg	2022/02/20210219_55HudsonYards-5163.jpg	yes	1707	2560		0		20210219_55HudsonYards-5163	2022-02-28 02:11:37	https://www.streamlineusa.com/wp-content/uploads/2022/02/20210219_55HudsonYards-5163-scaled.jpg
2688	2022/02/20210219_55HudsonYards-5158-scaled.jpg	2022/02/20210219_55HudsonYards-5158.jpg	yes	2048	1366		0		20210219_55HudsonYards-5158	2022-02-28 02:11:43	https://www.streamlineusa.com/wp-content/uploads/2022/02/20210219_55HudsonYards-5158-scaled.jpg
2689	2022/02/20210219_55HudsonYards-5148-scaled.jpg	2022/02/20210219_55HudsonYards-5148.jpg	yes	2048	1364		0		20210219_55HudsonYards-5148	2022-02-28 02:11:48	https://www.streamlineusa.com/wp-content/uploads/2022/02/20210219_55HudsonYards-5148-scaled.jpg
2690	2022/02/20210219_55HudsonYards-5143-scaled.jpg	2022/02/20210219_55HudsonYards-5143.jpg	yes	2048	1366		0		20210219_55HudsonYards-5143	2022-02-28 02:11:53	https://www.streamlineusa.com/wp-content/uploads/2022/02/20210219_55HudsonYards-5143-scaled.jpg
2691	2022/02/20210219_55HudsonYards-5138-scaled.jpg	2022/02/20210219_55HudsonYards-5138.jpg	yes	2048	1366		0		20210219_55HudsonYards-5138	2022-02-28 02:11:58	https://www.streamlineusa.com/wp-content/uploads/2022/02/20210219_55HudsonYards-5138-scaled.jpg
2692	2022/02/20210219_55HudsonYards-5133-scaled.jpg	2022/02/20210219_55HudsonYards-5133.jpg	yes	2048	1366		0		20210219_55HudsonYards-5133	2022-02-28 02:12:05	https://www.streamlineusa.com/wp-content/uploads/2022/02/20210219_55HudsonYards-5133-scaled.jpg
2693	2022/02/20210219_55HudsonYards-5128-scaled.jpg	2022/02/20210219_55HudsonYards-5128.jpg	yes	2048	1366		0		20210219_55HudsonYards-5128	2022-02-28 02:12:10	https://www.streamlineusa.com/wp-content/uploads/2022/02/20210219_55HudsonYards-5128-scaled.jpg
2694	2022/02/20210222_HudsonYardsMall-0127-scaled.jpg	2022/02/20210222_HudsonYardsMall-0127.jpg	yes	2048	1366		0		20210222_HudsonYardsMall-0127	2022-02-28 02:12:15	https://www.streamlineusa.com/wp-content/uploads/2022/02/20210222_HudsonYardsMall-0127-scaled.jpg
2695	2022/02/20210222_HudsonYardsMall-0122-scaled.jpg	2022/02/20210222_HudsonYardsMall-0122.jpg	yes	2048	1366		0		20210222_HudsonYardsMall-0122	2022-02-28 02:12:20	https://www.streamlineusa.com/wp-content/uploads/2022/02/20210222_HudsonYardsMall-0122-scaled.jpg
2696	2022/02/20210222_HudsonYardsMall-0117-scaled.jpg	2022/02/20210222_HudsonYardsMall-0117.jpg	yes	2048	1366		0		20210222_HudsonYardsMall-0117	2022-02-28 02:12:26	https://www.streamlineusa.com/wp-content/uploads/2022/02/20210222_HudsonYardsMall-0117-scaled.jpg
2697	2022/02/20210222_HudsonYardsMall-0112-scaled.jpg	2022/02/20210222_HudsonYardsMall-0112.jpg	yes	2048	1366		0		20210222_HudsonYardsMall-0112	2022-02-28 02:12:33	https://www.streamlineusa.com/wp-content/uploads/2022/02/20210222_HudsonYardsMall-0112-scaled.jpg
2698	2022/02/20210222_HudsonYardsMall-0107-scaled.jpg	2022/02/20210222_HudsonYardsMall-0107.jpg	yes	2048	1366		0		20210222_HudsonYardsMall-0107	2022-02-28 02:12:39	https://www.streamlineusa.com/wp-content/uploads/2022/02/20210222_HudsonYardsMall-0107-scaled.jpg
2699	2022/02/20210222_HudsonYardsMall-0102-scaled.jpg	2022/02/20210222_HudsonYardsMall-0102.jpg	yes	2048	1366		0		20210222_HudsonYardsMall-0102	2022-02-28 02:12:46	https://www.streamlineusa.com/wp-content/uploads/2022/02/20210222_HudsonYardsMall-0102-scaled.jpg
2700	2022/02/20210222_HudsonYardsMall-0097-scaled.jpg	2022/02/20210222_HudsonYardsMall-0097.jpg	yes	2048	1366		0		20210222_HudsonYardsMall-0097	2022-02-28 02:12:52	https://www.streamlineusa.com/wp-content/uploads/2022/02/20210222_HudsonYardsMall-0097-scaled.jpg
2701	2022/02/20210222_HudsonYardsMall-0092-scaled.jpg	2022/02/20210222_HudsonYardsMall-0092.jpg	yes	2048	1366		0		20210222_HudsonYardsMall-0092	2022-02-28 02:12:58	https://www.streamlineusa.com/wp-content/uploads/2022/02/20210222_HudsonYardsMall-0092-scaled.jpg
2702	2022/02/20210222_HudsonYardsMall-0087-scaled.jpg	2022/02/20210222_HudsonYardsMall-0087.jpg	yes	2048	1366		0		20210222_HudsonYardsMall-0087	2022-02-28 02:13:06	https://www.streamlineusa.com/wp-content/uploads/2022/02/20210222_HudsonYardsMall-0087-scaled.jpg
2703	2022/02/20210222_HudsonYardsMall-0082-scaled.jpg	2022/02/20210222_HudsonYardsMall-0082.jpg	yes	2048	1366		0		20210222_HudsonYardsMall-0082	2022-02-28 02:13:12	https://www.streamlineusa.com/wp-content/uploads/2022/02/20210222_HudsonYardsMall-0082-scaled.jpg
2704	2022/02/20210222_HudsonYardsMall-0077-scaled.jpg	2022/02/20210222_HudsonYardsMall-0077.jpg	yes	2048	1366		0		20210222_HudsonYardsMall-0077	2022-02-28 02:13:18	https://www.streamlineusa.com/wp-content/uploads/2022/02/20210222_HudsonYardsMall-0077-scaled.jpg
2705	2022/02/20210222_HudsonYardsMall-0072-scaled.jpg	2022/02/20210222_HudsonYardsMall-0072.jpg	yes	2048	1366		0		20210222_HudsonYardsMall-0072	2022-02-28 02:13:27	https://www.streamlineusa.com/wp-content/uploads/2022/02/20210222_HudsonYardsMall-0072-scaled.jpg
2706	2022/02/20210222_HudsonYardsMall-0067-scaled.jpg	2022/02/20210222_HudsonYardsMall-0067.jpg	yes	2048	1366		0		20210222_HudsonYardsMall-0067	2022-02-28 02:13:35	https://www.streamlineusa.com/wp-content/uploads/2022/02/20210222_HudsonYardsMall-0067-scaled.jpg
2707	2022/02/20210222_HudsonYardsMall-0062-scaled.jpg	2022/02/20210222_HudsonYardsMall-0062.jpg	yes	2048	1366		0		20210222_HudsonYardsMall-0062	2022-02-28 02:13:41	https://www.streamlineusa.com/wp-content/uploads/2022/02/20210222_HudsonYardsMall-0062-scaled.jpg
2708	2022/02/20210222_HudsonYardsMall-0057-scaled.jpg	2022/02/20210222_HudsonYardsMall-0057.jpg	yes	2048	1366		0		20210222_HudsonYardsMall-0057	2022-02-28 02:13:48	https://www.streamlineusa.com/wp-content/uploads/2022/02/20210222_HudsonYardsMall-0057-scaled.jpg
2709	2022/02/20210222_HudsonYardsMall-0047-scaled.jpg	2022/02/20210222_HudsonYardsMall-0047.jpg	yes	2048	1366		0		20210222_HudsonYardsMall-0047	2022-02-28 02:13:55	https://www.streamlineusa.com/wp-content/uploads/2022/02/20210222_HudsonYardsMall-0047-scaled.jpg
2710	2022/02/20210222_HudsonYardsMall-0042-scaled.jpg	2022/02/20210222_HudsonYardsMall-0042.jpg	yes	2048	1366		0		20210222_HudsonYardsMall-0042	2022-02-28 02:14:01	https://www.streamlineusa.com/wp-content/uploads/2022/02/20210222_HudsonYardsMall-0042-scaled.jpg
2711	2022/02/20210222_HudsonYardsMall-0037-scaled.jpg	2022/02/20210222_HudsonYardsMall-0037.jpg	yes	2048	1366		0		20210222_HudsonYardsMall-0037	2022-02-28 02:14:09	https://www.streamlineusa.com/wp-content/uploads/2022/02/20210222_HudsonYardsMall-0037-scaled.jpg
2712	2022/02/20210222_HudsonYardsMall-0032-scaled.jpg	2022/02/20210222_HudsonYardsMall-0032.jpg	yes	2048	1366		0		20210222_HudsonYardsMall-0032	2022-02-28 02:14:20	https://www.streamlineusa.com/wp-content/uploads/2022/02/20210222_HudsonYardsMall-0032-scaled.jpg
2713	2022/02/20210222_HudsonYardsMall-0027-scaled.jpg	2022/02/20210222_HudsonYardsMall-0027.jpg	yes	2048	1366		0		20210222_HudsonYardsMall-0027	2022-02-28 02:14:29	https://www.streamlineusa.com/wp-content/uploads/2022/02/20210222_HudsonYardsMall-0027-scaled.jpg
2714	2022/02/20210222_HudsonYardsMall-0022-scaled.jpg	2022/02/20210222_HudsonYardsMall-0022.jpg	yes	2048	1366		0		20210222_HudsonYardsMall-0022	2022-02-28 02:14:36	https://www.streamlineusa.com/wp-content/uploads/2022/02/20210222_HudsonYardsMall-0022-scaled.jpg
2715	2022/02/20210222_HudsonYardsMall-0017-scaled.jpg	2022/02/20210222_HudsonYardsMall-0017.jpg	yes	2048	1366		0		20210222_HudsonYardsMall-0017	2022-02-28 02:14:42	https://www.streamlineusa.com/wp-content/uploads/2022/02/20210222_HudsonYardsMall-0017-scaled.jpg
2716	2022/02/20210222_HudsonYardsMall-0012-scaled.jpg	2022/02/20210222_HudsonYardsMall-0012.jpg	yes	2048	1366		0		20210222_HudsonYardsMall-0012	2022-02-28 02:14:48	https://www.streamlineusa.com/wp-content/uploads/2022/02/20210222_HudsonYardsMall-0012-scaled.jpg
2717	2022/02/20210222_HudsonYardsMall-0007-scaled.jpg	2022/02/20210222_HudsonYardsMall-0007.jpg	yes	2048	1366		0		20210222_HudsonYardsMall-0007	2022-02-28 02:14:55	https://www.streamlineusa.com/wp-content/uploads/2022/02/20210222_HudsonYardsMall-0007-scaled.jpg
2718	2022/02/20210222_HudsonYardsMall-0002-scaled.jpg	2022/02/20210222_HudsonYardsMall-0002.jpg	yes	2048	1366		0		20210222_HudsonYardsMall-0002	2022-02-28 02:15:02	https://www.streamlineusa.com/wp-content/uploads/2022/02/20210222_HudsonYardsMall-0002-scaled.jpg
2719	2022/02/20210310_425West53rdSt-3791.jpg	2022/02/20210310_425West53rdSt-3791.jpg	no	1600	1067		0		20210310_425West53rdSt-3791	2022-02-28 02:15:05	https://www.streamlineusa.com/wp-content/uploads/2022/02/20210310_425West53rdSt-3791.jpg
2720	2022/02/20210310_425West53rdSt-3786.jpg	2022/02/20210310_425West53rdSt-3786.jpg	no	1600	1067		0		20210310_425West53rdSt-3786	2022-02-28 02:15:07	https://www.streamlineusa.com/wp-content/uploads/2022/02/20210310_425West53rdSt-3786.jpg
2721	2022/02/20210310_425West53rdSt-3781.jpg	2022/02/20210310_425West53rdSt-3781.jpg	no	1600	1067		0		20210310_425West53rdSt-3781	2022-02-28 02:15:08	https://www.streamlineusa.com/wp-content/uploads/2022/02/20210310_425West53rdSt-3781.jpg
2722	2022/02/20210310_425West53rdSt-3776.jpg	2022/02/20210310_425West53rdSt-3776.jpg	no	1600	1067		0		20210310_425West53rdSt-3776	2022-02-28 02:15:10	https://www.streamlineusa.com/wp-content/uploads/2022/02/20210310_425West53rdSt-3776.jpg
2723	2022/02/20210310_425West53rdSt-3772.jpg	2022/02/20210310_425West53rdSt-3772.jpg	no	1600	1067		0		20210310_425West53rdSt-3772	2022-02-28 02:15:11	https://www.streamlineusa.com/wp-content/uploads/2022/02/20210310_425West53rdSt-3772.jpg
2724	2022/02/20210310_425West53rdSt-3767.jpg	2022/02/20210310_425West53rdSt-3767.jpg	no	1067	1600		0		20210310_425West53rdSt-3767	2022-02-28 02:15:13	https://www.streamlineusa.com/wp-content/uploads/2022/02/20210310_425West53rdSt-3767.jpg
2725	2022/02/20210310_425West53rdSt-3757.jpg	2022/02/20210310_425West53rdSt-3757.jpg	no	1067	1600		0		20210310_425West53rdSt-3757	2022-02-28 02:15:14	https://www.streamlineusa.com/wp-content/uploads/2022/02/20210310_425West53rdSt-3757.jpg
2726	2022/02/20210310_425West53rdSt-3752.jpg	2022/02/20210310_425West53rdSt-3752.jpg	no	1600	1067		0		20210310_425West53rdSt-3752	2022-02-28 02:15:16	https://www.streamlineusa.com/wp-content/uploads/2022/02/20210310_425West53rdSt-3752.jpg
2727	2022/02/20210310_425West53rdSt-3739.jpg	2022/02/20210310_425West53rdSt-3739.jpg	no	1600	1067		0		20210310_425West53rdSt-3739	2022-02-28 02:15:17	https://www.streamlineusa.com/wp-content/uploads/2022/02/20210310_425West53rdSt-3739.jpg
2728	2022/02/20210310_425West53rdSt-3724.jpg	2022/02/20210310_425West53rdSt-3724.jpg	no	1600	1066		0		20210310_425West53rdSt-3724	2022-02-28 02:15:19	https://www.streamlineusa.com/wp-content/uploads/2022/02/20210310_425West53rdSt-3724.jpg
2729	2022/02/20210310_425West53rdSt-3719.jpg	2022/02/20210310_425West53rdSt-3719.jpg	no	1600	1067		0		20210310_425West53rdSt-3719	2022-02-28 02:15:20	https://www.streamlineusa.com/wp-content/uploads/2022/02/20210310_425West53rdSt-3719.jpg
2730	2022/02/20210310_425West53rdSt-3709.jpg	2022/02/20210310_425West53rdSt-3709.jpg	no	1600	1067		0		20210310_425West53rdSt-3709	2022-02-28 02:15:22	https://www.streamlineusa.com/wp-content/uploads/2022/02/20210310_425West53rdSt-3709.jpg
2731	2022/02/20210310_425West53rdSt-3704.jpg	2022/02/20210310_425West53rdSt-3704.jpg	no	1600	1067		0		20210310_425West53rdSt-3704	2022-02-28 02:15:23	https://www.streamlineusa.com/wp-content/uploads/2022/02/20210310_425West53rdSt-3704.jpg
2732	2022/02/20210310_425West53rdSt-3699.jpg	2022/02/20210310_425West53rdSt-3699.jpg	no	1600	1066		0		20210310_425West53rdSt-3699	2022-02-28 02:15:25	https://www.streamlineusa.com/wp-content/uploads/2022/02/20210310_425West53rdSt-3699.jpg
2733	2022/02/20210310_425West53rdSt-3684.jpg	2022/02/20210310_425West53rdSt-3684.jpg	no	1600	1067		0		20210310_425West53rdSt-3684	2022-02-28 02:15:27	https://www.streamlineusa.com/wp-content/uploads/2022/02/20210310_425West53rdSt-3684.jpg
2734	2022/02/20210310_425West53rdSt-3679.jpg	2022/02/20210310_425West53rdSt-3679.jpg	no	1600	1067		0		20210310_425West53rdSt-3679	2022-02-28 02:15:28	https://www.streamlineusa.com/wp-content/uploads/2022/02/20210310_425West53rdSt-3679.jpg
2735	2022/02/20210310_425West53rdSt-3674.jpg	2022/02/20210310_425West53rdSt-3674.jpg	no	1600	1066		0		20210310_425West53rdSt-3674	2022-02-28 02:15:29	https://www.streamlineusa.com/wp-content/uploads/2022/02/20210310_425West53rdSt-3674.jpg
2736	2022/02/20210310_425West53rdSt-3669.jpg	2022/02/20210310_425West53rdSt-3669.jpg	no	1600	1067		0		20210310_425West53rdSt-3669	2022-02-28 02:15:31	https://www.streamlineusa.com/wp-content/uploads/2022/02/20210310_425West53rdSt-3669.jpg
2737	2022/02/20210310_425West53rdSt-3664.jpg	2022/02/20210310_425West53rdSt-3664.jpg	no	1600	1067		0		20210310_425West53rdSt-3664	2022-02-28 02:15:32	https://www.streamlineusa.com/wp-content/uploads/2022/02/20210310_425West53rdSt-3664.jpg
2738	2022/02/20210310_425West53rdSt-3659.jpg	2022/02/20210310_425West53rdSt-3659.jpg	no	1600	1067		0		20210310_425West53rdSt-3659	2022-02-28 02:15:33	https://www.streamlineusa.com/wp-content/uploads/2022/02/20210310_425West53rdSt-3659.jpg
2739	2022/02/20210310_425West53rdSt-3654.jpg	2022/02/20210310_425West53rdSt-3654.jpg	no	1067	1600		0		20210310_425West53rdSt-3654	2022-02-28 02:15:35	https://www.streamlineusa.com/wp-content/uploads/2022/02/20210310_425West53rdSt-3654.jpg
2740	2022/02/20210310_425West53rdSt-3649.jpg	2022/02/20210310_425West53rdSt-3649.jpg	no	1066	1600		0		20210310_425West53rdSt-3649	2022-02-28 02:15:36	https://www.streamlineusa.com/wp-content/uploads/2022/02/20210310_425West53rdSt-3649.jpg
2741	2022/02/20210310_425West53rdSt-3644.jpg	2022/02/20210310_425West53rdSt-3644.jpg	no	1067	1600		0		20210310_425West53rdSt-3644	2022-02-28 02:15:38	https://www.streamlineusa.com/wp-content/uploads/2022/02/20210310_425West53rdSt-3644.jpg
2742	2022/02/20210310_425West53rdSt-3639.jpg	2022/02/20210310_425West53rdSt-3639.jpg	no	1600	1067		0		20210310_425West53rdSt-3639	2022-02-28 02:15:39	https://www.streamlineusa.com/wp-content/uploads/2022/02/20210310_425West53rdSt-3639.jpg
2743	2022/02/20210310_425West53rdSt-3634.jpg	2022/02/20210310_425West53rdSt-3634.jpg	no	1600	1067		0		20210310_425West53rdSt-3634	2022-02-28 02:15:40	https://www.streamlineusa.com/wp-content/uploads/2022/02/20210310_425West53rdSt-3634.jpg
2744	2022/02/20210310_425West53rdSt-3629.jpg	2022/02/20210310_425West53rdSt-3629.jpg	no	1600	1067		0		20210310_425West53rdSt-3629	2022-02-28 02:15:42	https://www.streamlineusa.com/wp-content/uploads/2022/02/20210310_425West53rdSt-3629.jpg
2745	2022/02/20210310_425West53rdSt-3624.jpg	2022/02/20210310_425West53rdSt-3624.jpg	no	1600	1067		0		20210310_425West53rdSt-3624	2022-02-28 02:15:43	https://www.streamlineusa.com/wp-content/uploads/2022/02/20210310_425West53rdSt-3624.jpg
2746	2022/02/20210310_425West53rdSt-3619.jpg	2022/02/20210310_425West53rdSt-3619.jpg	no	1600	1067		0		20210310_425West53rdSt-3619	2022-02-28 02:15:44	https://www.streamlineusa.com/wp-content/uploads/2022/02/20210310_425West53rdSt-3619.jpg
2747	2022/02/20210222_30WarrenSt-0278.jpg	2022/02/20210222_30WarrenSt-0278.jpg	no	800	1200		0		20210222_30WarrenSt-0278	2022-02-28 02:15:46	https://www.streamlineusa.com/wp-content/uploads/2022/02/20210222_30WarrenSt-0278.jpg
2748	2022/02/20210222_30WarrenSt-0273.jpg	2022/02/20210222_30WarrenSt-0273.jpg	no	1200	960		0		20210222_30WarrenSt-0273	2022-02-28 02:15:47	https://www.streamlineusa.com/wp-content/uploads/2022/02/20210222_30WarrenSt-0273.jpg
2749	2022/02/20210222_30WarrenSt-0268.jpg	2022/02/20210222_30WarrenSt-0268.jpg	no	800	1200		0		20210222_30WarrenSt-0268	2022-02-28 02:15:48	https://www.streamlineusa.com/wp-content/uploads/2022/02/20210222_30WarrenSt-0268.jpg
2750	2022/02/20210222_30WarrenSt-0263.jpg	2022/02/20210222_30WarrenSt-0263.jpg	no	1200	800		0		20210222_30WarrenSt-0263	2022-02-28 02:15:49	https://www.streamlineusa.com/wp-content/uploads/2022/02/20210222_30WarrenSt-0263.jpg
2751	2022/02/20210222_30WarrenSt-0258.jpg	2022/02/20210222_30WarrenSt-0258.jpg	no	1200	800		0		20210222_30WarrenSt-0258	2022-02-28 02:15:50	https://www.streamlineusa.com/wp-content/uploads/2022/02/20210222_30WarrenSt-0258.jpg
2752	2022/02/20210222_30WarrenSt-0253.jpg	2022/02/20210222_30WarrenSt-0253.jpg	no	1200	800		0		20210222_30WarrenSt-0253	2022-02-28 02:15:51	https://www.streamlineusa.com/wp-content/uploads/2022/02/20210222_30WarrenSt-0253.jpg
2753	2022/02/20210222_30WarrenSt-0248.jpg	2022/02/20210222_30WarrenSt-0248.jpg	no	1200	800		0		20210222_30WarrenSt-0248	2022-02-28 02:15:52	https://www.streamlineusa.com/wp-content/uploads/2022/02/20210222_30WarrenSt-0248.jpg
2754	2022/02/20210222_30WarrenSt-0238.jpg	2022/02/20210222_30WarrenSt-0238.jpg	no	1200	800		0		20210222_30WarrenSt-0238	2022-02-28 02:15:53	https://www.streamlineusa.com/wp-content/uploads/2022/02/20210222_30WarrenSt-0238.jpg
2755	2022/02/20210222_30WarrenSt-0238-2.jpg	2022/02/20210222_30WarrenSt-0238-2.jpg	no	1600	1067		0		20210222_30WarrenSt-0238-2	2022-02-28 02:15:54	https://www.streamlineusa.com/wp-content/uploads/2022/02/20210222_30WarrenSt-0238-2.jpg
2756	2022/02/20210222_30WarrenSt-0233.jpg	2022/02/20210222_30WarrenSt-0233.jpg	no	800	1200		0		20210222_30WarrenSt-0233	2022-02-28 02:15:56	https://www.streamlineusa.com/wp-content/uploads/2022/02/20210222_30WarrenSt-0233.jpg
2757	2022/02/20210222_30WarrenSt-0233-2.jpg	2022/02/20210222_30WarrenSt-0233-2.jpg	no	1280	1600		0		20210222_30WarrenSt-0233-2	2022-02-28 02:15:57	https://www.streamlineusa.com/wp-content/uploads/2022/02/20210222_30WarrenSt-0233-2.jpg
2758	2022/02/20210222_30WarrenSt-0228.jpg	2022/02/20210222_30WarrenSt-0228.jpg	no	1200	800		0		20210222_30WarrenSt-0228	2022-02-28 02:15:58	https://www.streamlineusa.com/wp-content/uploads/2022/02/20210222_30WarrenSt-0228.jpg
2759	2022/02/20210222_30WarrenSt-0228-2.jpg	2022/02/20210222_30WarrenSt-0228-2.jpg	no	1600	1067		0		20210222_30WarrenSt-0228-2	2022-02-28 02:15:59	https://www.streamlineusa.com/wp-content/uploads/2022/02/20210222_30WarrenSt-0228-2.jpg
2760	2022/02/20210222_30WarrenSt-0223.jpg	2022/02/20210222_30WarrenSt-0223.jpg	no	800	1200		0		20210222_30WarrenSt-0223	2022-02-28 02:16:01	https://www.streamlineusa.com/wp-content/uploads/2022/02/20210222_30WarrenSt-0223.jpg
2761	2022/02/20210222_30WarrenSt-0218.jpg	2022/02/20210222_30WarrenSt-0218.jpg	no	1200	800		0		20210222_30WarrenSt-0218	2022-02-28 02:16:02	https://www.streamlineusa.com/wp-content/uploads/2022/02/20210222_30WarrenSt-0218.jpg
2762	2022/02/20210222_30WarrenSt-0213.jpg	2022/02/20210222_30WarrenSt-0213.jpg	no	1200	800		0		20210222_30WarrenSt-0213	2022-02-28 02:16:03	https://www.streamlineusa.com/wp-content/uploads/2022/02/20210222_30WarrenSt-0213.jpg
2763	2022/02/20210222_30WarrenSt-0208.jpg	2022/02/20210222_30WarrenSt-0208.jpg	no	1200	799		0		20210222_30WarrenSt-0208	2022-02-28 02:16:04	https://www.streamlineusa.com/wp-content/uploads/2022/02/20210222_30WarrenSt-0208.jpg
2764	2022/02/20210222_30WarrenSt-0208-2.jpg	2022/02/20210222_30WarrenSt-0208-2.jpg	no	1600	1067		0		20210222_30WarrenSt-0208-2	2022-02-28 02:16:06	https://www.streamlineusa.com/wp-content/uploads/2022/02/20210222_30WarrenSt-0208-2.jpg
2765	2022/02/20210222_30WarrenSt-0198.jpg	2022/02/20210222_30WarrenSt-0198.jpg	no	800	1200		0		20210222_30WarrenSt-0198	2022-02-28 02:16:07	https://www.streamlineusa.com/wp-content/uploads/2022/02/20210222_30WarrenSt-0198.jpg
2766	2022/02/20210222_30WarrenSt-0193.jpg	2022/02/20210222_30WarrenSt-0193.jpg	no	800	1200		0		20210222_30WarrenSt-0193	2022-02-28 02:16:08	https://www.streamlineusa.com/wp-content/uploads/2022/02/20210222_30WarrenSt-0193.jpg
2767	2022/02/20210222_30WarrenSt-0183.jpg	2022/02/20210222_30WarrenSt-0183.jpg	no	1200	800		0		20210222_30WarrenSt-0183	2022-02-28 02:16:09	https://www.streamlineusa.com/wp-content/uploads/2022/02/20210222_30WarrenSt-0183.jpg
2768	2022/02/20210222_30WarrenSt-0183-2.jpg	2022/02/20210222_30WarrenSt-0183-2.jpg	no	1600	1067		0		20210222_30WarrenSt-0183-2	2022-02-28 02:16:11	https://www.streamlineusa.com/wp-content/uploads/2022/02/20210222_30WarrenSt-0183-2.jpg
2769	2022/02/20210222_30WarrenSt-0178.jpg	2022/02/20210222_30WarrenSt-0178.jpg	no	1200	800		0		20210222_30WarrenSt-0178	2022-02-28 02:16:12	https://www.streamlineusa.com/wp-content/uploads/2022/02/20210222_30WarrenSt-0178.jpg
2770	2022/02/20210222_30WarrenSt-0178-2.jpg	2022/02/20210222_30WarrenSt-0178-2.jpg	no	1600	1067		0		20210222_30WarrenSt-0178-2	2022-02-28 02:16:14	https://www.streamlineusa.com/wp-content/uploads/2022/02/20210222_30WarrenSt-0178-2.jpg
2771	2022/02/20210222_30WarrenSt-0173.jpg	2022/02/20210222_30WarrenSt-0173.jpg	no	1200	799		0		20210222_30WarrenSt-0173	2022-02-28 02:16:15	https://www.streamlineusa.com/wp-content/uploads/2022/02/20210222_30WarrenSt-0173.jpg
2772	2022/02/20210222_30WarrenSt-0173-2.jpg	2022/02/20210222_30WarrenSt-0173-2.jpg	no	1600	1067		0		20210222_30WarrenSt-0173-2	2022-02-28 02:16:17	https://www.streamlineusa.com/wp-content/uploads/2022/02/20210222_30WarrenSt-0173-2.jpg
2773	2022/02/20210222_30WarrenSt-0168.jpg	2022/02/20210222_30WarrenSt-0168.jpg	no	1200	800		0		20210222_30WarrenSt-0168	2022-02-28 02:16:18	https://www.streamlineusa.com/wp-content/uploads/2022/02/20210222_30WarrenSt-0168.jpg
2774	2022/02/20210222_30WarrenSt-0168-2.jpg	2022/02/20210222_30WarrenSt-0168-2.jpg	no	1600	1067		0		20210222_30WarrenSt-0168-2	2022-02-28 02:16:19	https://www.streamlineusa.com/wp-content/uploads/2022/02/20210222_30WarrenSt-0168-2.jpg
2775	2022/02/20210222_30WarrenSt-0163.jpg	2022/02/20210222_30WarrenSt-0163.jpg	no	1200	800		0		20210222_30WarrenSt-0163	2022-02-28 02:16:21	https://www.streamlineusa.com/wp-content/uploads/2022/02/20210222_30WarrenSt-0163.jpg
2776	2022/02/20210222_30WarrenSt-0163-2.jpg	2022/02/20210222_30WarrenSt-0163-2.jpg	no	1600	1067		0		20210222_30WarrenSt-0163-2	2022-02-28 02:16:22	https://www.streamlineusa.com/wp-content/uploads/2022/02/20210222_30WarrenSt-0163-2.jpg
2777	2022/02/20210222_30WarrenSt-0158.jpg	2022/02/20210222_30WarrenSt-0158.jpg	no	1200	800		0		20210222_30WarrenSt-0158	2022-02-28 02:16:24	https://www.streamlineusa.com/wp-content/uploads/2022/02/20210222_30WarrenSt-0158.jpg
2778	2022/02/20210222_30WarrenSt-0153.jpg	2022/02/20210222_30WarrenSt-0153.jpg	no	1200	800		0		20210222_30WarrenSt-0153	2022-02-28 02:16:25	https://www.streamlineusa.com/wp-content/uploads/2022/02/20210222_30WarrenSt-0153.jpg
2779	2022/02/20210222_30WarrenSt-0143.jpg	2022/02/20210222_30WarrenSt-0143.jpg	no	1200	800		0		20210222_30WarrenSt-0143	2022-02-28 02:16:26	https://www.streamlineusa.com/wp-content/uploads/2022/02/20210222_30WarrenSt-0143.jpg
2780	2022/02/20210222_30WarrenSt-0138.jpg	2022/02/20210222_30WarrenSt-0138.jpg	no	1200	800		0		20210222_30WarrenSt-0138	2022-02-28 02:16:27	https://www.streamlineusa.com/wp-content/uploads/2022/02/20210222_30WarrenSt-0138.jpg
2781	2022/02/20210222_30WarrenSt-0133.jpg	2022/02/20210222_30WarrenSt-0133.jpg	no	1200	800		0		20210222_30WarrenSt-0133	2022-02-28 02:16:28	https://www.streamlineusa.com/wp-content/uploads/2022/02/20210222_30WarrenSt-0133.jpg
2782	2022/02/20211021_129DuaneSt-8194-scaled.jpg	2022/02/20211021_129DuaneSt-8194.jpg	yes	1707	2560		0		20211021_129DuaneSt-8194	2022-02-28 02:16:31	https://www.streamlineusa.com/wp-content/uploads/2022/02/20211021_129DuaneSt-8194-scaled.jpg
2783	2022/02/20211021_129DuaneSt-8169-scaled.jpg	2022/02/20211021_129DuaneSt-8169.jpg	yes	1707	2560		0		20211021_129DuaneSt-8169	2022-02-28 02:16:37	https://www.streamlineusa.com/wp-content/uploads/2022/02/20211021_129DuaneSt-8169-scaled.jpg
2784	2022/02/20211021_129DuaneSt-8159-scaled.jpg	2022/02/20211021_129DuaneSt-8159.jpg	yes	2048	1366		0		20211021_129DuaneSt-8159	2022-02-28 02:16:42	https://www.streamlineusa.com/wp-content/uploads/2022/02/20211021_129DuaneSt-8159-scaled.jpg
2785	2022/02/20211021_129DuaneSt-8154-scaled.jpg	2022/02/20211021_129DuaneSt-8154.jpg	yes	2048	1366		0		20211021_129DuaneSt-8154	2022-02-28 02:16:47	https://www.streamlineusa.com/wp-content/uploads/2022/02/20211021_129DuaneSt-8154-scaled.jpg
2786	2022/02/20211021_129DuaneSt-8120-scaled.jpg	2022/02/20211021_129DuaneSt-8120.jpg	yes	2048	1366		0		20211021_129DuaneSt-8120	2022-02-28 02:16:52	https://www.streamlineusa.com/wp-content/uploads/2022/02/20211021_129DuaneSt-8120-scaled.jpg
2787	2022/02/20211021_129DuaneSt-8110-scaled.jpg	2022/02/20211021_129DuaneSt-8110.jpg	yes	2048	1366		0		20211021_129DuaneSt-8110	2022-02-28 02:16:57	https://www.streamlineusa.com/wp-content/uploads/2022/02/20211021_129DuaneSt-8110-scaled.jpg
2788	2022/02/20211021_129DuaneSt-8080-scaled.jpg	2022/02/20211021_129DuaneSt-8080.jpg	yes	2048	1366		0		20211021_129DuaneSt-8080	2022-02-28 02:17:02	https://www.streamlineusa.com/wp-content/uploads/2022/02/20211021_129DuaneSt-8080-scaled.jpg
2789	2022/02/20211021_129DuaneSt-8040-scaled.jpg	2022/02/20211021_129DuaneSt-8040.jpg	yes	2048	1366		0		20211021_129DuaneSt-8040	2022-02-28 02:17:08	https://www.streamlineusa.com/wp-content/uploads/2022/02/20211021_129DuaneSt-8040-scaled.jpg
2790	2022/02/20211021_129DuaneSt-8035-scaled.jpg	2022/02/20211021_129DuaneSt-8035.jpg	yes	2048	1366		0		20211021_129DuaneSt-8035	2022-02-28 02:17:14	https://www.streamlineusa.com/wp-content/uploads/2022/02/20211021_129DuaneSt-8035-scaled.jpg
2791	2022/02/20211021_129DuaneSt-8020-scaled.jpg	2022/02/20211021_129DuaneSt-8020.jpg	yes	2048	1366		0		20211021_129DuaneSt-8020	2022-02-28 02:17:20	https://www.streamlineusa.com/wp-content/uploads/2022/02/20211021_129DuaneSt-8020-scaled.jpg
2792	2022/02/20210310_129DuaneSt-4145-scaled.jpg	2022/02/20210310_129DuaneSt-4145.jpg	yes	1706	2560		0		20210310_129DuaneSt-4145	2022-02-28 02:17:29	https://www.streamlineusa.com/wp-content/uploads/2022/02/20210310_129DuaneSt-4145-scaled.jpg
2793	2022/02/20210310_129DuaneSt-3995-scaled.jpg	2022/02/20210310_129DuaneSt-3995.jpg	yes	2048	1366		0		20210310_129DuaneSt-3995	2022-02-28 02:17:34	https://www.streamlineusa.com/wp-content/uploads/2022/02/20210310_129DuaneSt-3995-scaled.jpg
2794	2022/02/20210310_129DuaneSt-3990-scaled.jpg	2022/02/20210310_129DuaneSt-3990.jpg	yes	2048	1365		0		20210310_129DuaneSt-3990	2022-02-28 02:17:39	https://www.streamlineusa.com/wp-content/uploads/2022/02/20210310_129DuaneSt-3990-scaled.jpg
2795	2022/02/20210310_129DuaneSt-3975-scaled.jpg	2022/02/20210310_129DuaneSt-3975.jpg	yes	2048	1366		0		20210310_129DuaneSt-3975	2022-02-28 02:17:44	https://www.streamlineusa.com/wp-content/uploads/2022/02/20210310_129DuaneSt-3975-scaled.jpg
2796	2022/02/20210310_129DuaneSt-3830-scaled.jpg	2022/02/20210310_129DuaneSt-3830.jpg	yes	2048	1366		0		20210310_129DuaneSt-3830	2022-02-28 02:17:48	https://www.streamlineusa.com/wp-content/uploads/2022/02/20210310_129DuaneSt-3830-scaled.jpg
2797	2022/02/20211202_118WyckoffSt-1236-scaled.jpg	2022/02/20211202_118WyckoffSt-1236.jpg	yes	1575	2560		0		20211202_118WyckoffSt-1236	2022-02-28 02:17:54	https://www.streamlineusa.com/wp-content/uploads/2022/02/20211202_118WyckoffSt-1236-scaled.jpg
2798	2022/02/20211202_118WyckoffSt-1214-scaled.jpg	2022/02/20211202_118WyckoffSt-1214.jpg	yes	1707	2560		0		20211202_118WyckoffSt-1214	2022-02-28 02:17:59	https://www.streamlineusa.com/wp-content/uploads/2022/02/20211202_118WyckoffSt-1214-scaled.jpg
2799	2022/02/20211202_118WyckoffSt-1184-scaled.jpg	2022/02/20211202_118WyckoffSt-1184.jpg	yes	2048	1365		0		20211202_118WyckoffSt-1184	2022-02-28 02:18:04	https://www.streamlineusa.com/wp-content/uploads/2022/02/20211202_118WyckoffSt-1184-scaled.jpg
2800	2022/02/20211202_118WyckoffSt-1179-scaled.jpg	2022/02/20211202_118WyckoffSt-1179.jpg	yes	2048	1366		0		20211202_118WyckoffSt-1179	2022-02-28 02:18:09	https://www.streamlineusa.com/wp-content/uploads/2022/02/20211202_118WyckoffSt-1179-scaled.jpg
2801	2022/02/20211202_118WyckoffSt-1174-scaled.jpg	2022/02/20211202_118WyckoffSt-1174.jpg	yes	2048	1366		0		20211202_118WyckoffSt-1174	2022-02-28 02:18:14	https://www.streamlineusa.com/wp-content/uploads/2022/02/20211202_118WyckoffSt-1174-scaled.jpg
2802	2022/02/20211202_118WyckoffSt-1159-scaled.jpg	2022/02/20211202_118WyckoffSt-1159.jpg	yes	2048	1366		0		20211202_118WyckoffSt-1159	2022-02-28 02:18:18	https://www.streamlineusa.com/wp-content/uploads/2022/02/20211202_118WyckoffSt-1159-scaled.jpg
2803	2022/02/20211202_118WyckoffSt-1104-scaled.jpg	2022/02/20211202_118WyckoffSt-1104.jpg	yes	2048	1365		0		20211202_118WyckoffSt-1104	2022-02-28 02:18:24	https://www.streamlineusa.com/wp-content/uploads/2022/02/20211202_118WyckoffSt-1104-scaled.jpg
2804	2022/02/20211202_118WyckoffSt-1099-scaled.jpg	2022/02/20211202_118WyckoffSt-1099.jpg	yes	2048	1366		0		20211202_118WyckoffSt-1099	2022-02-28 02:18:29	https://www.streamlineusa.com/wp-content/uploads/2022/02/20211202_118WyckoffSt-1099-scaled.jpg
2805	2022/02/20211202_118WyckoffSt-1074-scaled.jpg	2022/02/20211202_118WyckoffSt-1074.jpg	yes	2048	1366		0		20211202_118WyckoffSt-1074	2022-02-28 02:18:34	https://www.streamlineusa.com/wp-content/uploads/2022/02/20211202_118WyckoffSt-1074-scaled.jpg
2806	2022/02/20211202_118WyckoffSt-1054-scaled.jpg	2022/02/20211202_118WyckoffSt-1054.jpg	yes	1791	2560		0		20211202_118WyckoffSt-1054	2022-02-28 02:18:38	https://www.streamlineusa.com/wp-content/uploads/2022/02/20211202_118WyckoffSt-1054-scaled.jpg
2807	2022/02/20211202_118WyckoffSt-1039-scaled.jpg	2022/02/20211202_118WyckoffSt-1039.jpg	yes	2048	1366		0		20211202_118WyckoffSt-1039	2022-02-28 02:18:43	https://www.streamlineusa.com/wp-content/uploads/2022/02/20211202_118WyckoffSt-1039-scaled.jpg
2808	2022/02/20211202_118WyckoffSt-1009-scaled.jpg	2022/02/20211202_118WyckoffSt-1009.jpg	yes	2048	1366		0		20211202_118WyckoffSt-1009	2022-02-28 02:18:49	https://www.streamlineusa.com/wp-content/uploads/2022/02/20211202_118WyckoffSt-1009-scaled.jpg
2809	2022/02/20211202_118WyckoffSt-0994-scaled.jpg	2022/02/20211202_118WyckoffSt-0994.jpg	yes	2048	1366		0		20211202_118WyckoffSt-0994	2022-02-28 02:18:53	https://www.streamlineusa.com/wp-content/uploads/2022/02/20211202_118WyckoffSt-0994-scaled.jpg
2810	2022/02/20211202_118WyckoffSt-0974-scaled.jpg	2022/02/20211202_118WyckoffSt-0974.jpg	yes	2048	1366		0		20211202_118WyckoffSt-0974	2022-02-28 02:18:58	https://www.streamlineusa.com/wp-content/uploads/2022/02/20211202_118WyckoffSt-0974-scaled.jpg
2811	2022/02/20211202_118WyckoffSt-0964-scaled.jpg	2022/02/20211202_118WyckoffSt-0964.jpg	yes	2048	1365		0		20211202_118WyckoffSt-0964	2022-02-28 02:19:04	https://www.streamlineusa.com/wp-content/uploads/2022/02/20211202_118WyckoffSt-0964-scaled.jpg
2812	2022/02/420-riverside-158.jpg	2022/02/420-riverside-158.jpg	no	2048	1366		0		420-riverside-158	2022-02-28 02:48:22	https://www.streamlineusa.com/wp-content/uploads/2022/02/420-riverside-158.jpg
2813	2022/02/420-riverside-75.jpg	2022/02/420-riverside-75.jpg	no	2048	1366		0		420-riverside-75	2022-02-28 02:48:23	https://www.streamlineusa.com/wp-content/uploads/2022/02/420-riverside-75.jpg
2814	2022/02/420-riverside-50.jpg	2022/02/420-riverside-50.jpg	no	2048	1366		0		420-riverside-50	2022-02-28 02:48:25	https://www.streamlineusa.com/wp-content/uploads/2022/02/420-riverside-50.jpg
2815	2022/02/420-riverside-36.jpg	2022/02/420-riverside-36.jpg	no	2048	1366		0		420-riverside-36	2022-02-28 02:48:27	https://www.streamlineusa.com/wp-content/uploads/2022/02/420-riverside-36.jpg
2816	2022/02/420-riverside-3.jpg	2022/02/420-riverside-3.jpg	no	800	1199		0		420-riverside-3	2022-02-28 02:48:28	https://www.streamlineusa.com/wp-content/uploads/2022/02/420-riverside-3.jpg
2817	2022/02/420-riverside-268.jpg	2022/02/420-riverside-268.jpg	no	1366	2048		0		420-riverside-268	2022-02-28 02:48:29	https://www.streamlineusa.com/wp-content/uploads/2022/02/420-riverside-268.jpg
2818	2022/02/420-riverside-265.jpg	2022/02/420-riverside-265.jpg	no	2048	1366		0		420-riverside-265	2022-02-28 02:48:32	https://www.streamlineusa.com/wp-content/uploads/2022/02/420-riverside-265.jpg
2819	2022/02/420-riverside-254.jpg	2022/02/420-riverside-254.jpg	no	2048	1366		0		420-riverside-254	2022-02-28 02:48:34	https://www.streamlineusa.com/wp-content/uploads/2022/02/420-riverside-254.jpg
2820	2022/02/420-riverside-249.jpg	2022/02/420-riverside-249.jpg	no	2048	1366		0		420-riverside-249	2022-02-28 02:48:36	https://www.streamlineusa.com/wp-content/uploads/2022/02/420-riverside-249.jpg
2821	2022/02/420-riverside-194.jpg	2022/02/420-riverside-194.jpg	no	2048	1366		0		420-riverside-194	2022-02-28 02:48:39	https://www.streamlineusa.com/wp-content/uploads/2022/02/420-riverside-194.jpg
2822	2022/02/420-riverside-150.jpg	2022/02/420-riverside-150.jpg	no	2048	1366		0		420-riverside-150	2022-02-28 02:48:41	https://www.streamlineusa.com/wp-content/uploads/2022/02/420-riverside-150.jpg
2823	2022/02/420-riverside-134.jpg	2022/02/420-riverside-134.jpg	no	2048	1366		0		420-riverside-134	2022-02-28 02:48:42	https://www.streamlineusa.com/wp-content/uploads/2022/02/420-riverside-134.jpg
2824	2022/02/420-riverside-126.jpg	2022/02/420-riverside-126.jpg	no	1366	2048		0		420-riverside-126	2022-02-28 02:48:44	https://www.streamlineusa.com/wp-content/uploads/2022/02/420-riverside-126.jpg
2825	2022/02/420-riverside-121.jpg	2022/02/420-riverside-121.jpg	no	2048	1366		0		420-riverside-121	2022-02-28 02:48:46	https://www.streamlineusa.com/wp-content/uploads/2022/02/420-riverside-121.jpg
2826	2022/02/420-riverside-102.jpg	2022/02/420-riverside-102.jpg	no	2048	1366		0		420-riverside-102	2022-02-28 02:48:47	https://www.streamlineusa.com/wp-content/uploads/2022/02/420-riverside-102.jpg
2870	2022/03/business-1209705_1280.jpg	2022/03/business-1209705_1280.jpg	no	1280	851		0		business-1209705_1280.jpg	2022-03-18 05:45:24	https://www.streamlineusa.com/wp-content/uploads/2022/03/business-1209705_1280.jpg
2871	2022/03/laptop-computer-1245981_1280.jpg	2022/03/laptop-computer-1245981_1280.jpg	no	1280	853		0		laptop-computer-1245981_1280.jpg	2022-03-18 05:45:25	https://www.streamlineusa.com/wp-content/uploads/2022/03/laptop-computer-1245981_1280.jpg
2872	2022/03/computer-768696_1280.jpg	2022/03/computer-768696_1280.jpg	no	1280	853		0		computer-768696_1280.jpg	2022-03-18 05:45:25	https://www.streamlineusa.com/wp-content/uploads/2022/03/computer-768696_1280.jpg
2873	2022/03/Cart-Table-Row-Manage.png	2022/03/Cart-Table-Row-Manage.png	no	291	423		0		Cart-Table-Row-Manage.png	2022-03-18 05:45:26	https://www.streamlineusa.com/wp-content/uploads/2022/03/Cart-Table-Row-Manage.png
2874	2022/03/hummingbird-5255827_1280.jpg	2022/03/hummingbird-5255827_1280.jpg	no	1280	828		0		hummingbird-5255827_1280.jpg	2022-03-18 05:45:27	https://www.streamlineusa.com/wp-content/uploads/2022/03/hummingbird-5255827_1280.jpg
2875	2022/03/featured_elementor_appointment_booking.jpg	2022/03/featured_elementor_appointment_booking.jpg	no	394	262		0		featured_elementor_appointment_booking.jpg	2022-03-18 05:45:27	https://www.streamlineusa.com/wp-content/uploads/2022/03/featured_elementor_appointment_booking.jpg
2876	2022/03/sunset.jpg	2022/03/sunset.jpg	no	2048	1310		0		sunset.jpg	2022-03-18 05:45:27	https://www.streamlineusa.com/wp-content/uploads/2022/03/sunset.jpg
2877	2022/03/elementor_zoom_hover.png	2022/03/elementor_zoom_hover.png	no	279	258		0		elementor_zoom_hover.png	2022-03-18 05:45:29	https://www.streamlineusa.com/wp-content/uploads/2022/03/elementor_zoom_hover.png
2878	2022/03/placeholder.png	2022/03/placeholder.png	no	1200	800		0		placeholder.png	2022-03-18 05:45:29	https://www.streamlineusa.com/wp-content/uploads/2022/03/placeholder.png
2879	2022/03/Overlay-Grey.png	2022/03/Overlay-Grey.png	no				0		Overlay-Grey.png	2022-03-18 05:45:32	https://www.streamlineusa.com/wp-content/uploads/2022/03/Overlay-Grey.png
2880	2022/03/placeholder-1.png	2022/03/placeholder-1.png	no	1200	800		0		placeholder.png	2022-03-18 05:45:32	https://www.streamlineusa.com/wp-content/uploads/2022/03/placeholder-1.png
3212	2019/12/20210310_129DuaneSt-3990-scaled.jpg	2019/12/20210310_129DuaneSt-3990.jpg	yes	2048	1365		552		20210310_129DuaneSt-3990	2022-03-18 18:42:21	https://www.streamlineusa.com/wp-content/uploads/2019/12/20210310_129DuaneSt-3990-scaled.jpg
3213	2019/12/20210310_129DuaneSt-3995-scaled.jpg	2019/12/20210310_129DuaneSt-3995.jpg	yes	2048	1366		552		20210310_129DuaneSt-3995	2022-03-18 18:42:26	https://www.streamlineusa.com/wp-content/uploads/2019/12/20210310_129DuaneSt-3995-scaled.jpg
3214	2019/12/20210310_129DuaneSt-4145-scaled.jpg	2019/12/20210310_129DuaneSt-4145.jpg	yes	1706	2560		552		20210310_129DuaneSt-4145	2022-03-18 18:42:30	https://www.streamlineusa.com/wp-content/uploads/2019/12/20210310_129DuaneSt-4145-scaled.jpg
3215	2019/12/20211021_129DuaneSt-8020-scaled.jpg	2019/12/20211021_129DuaneSt-8020.jpg	yes	2048	1366		552		20211021_129DuaneSt-8020	2022-03-18 18:42:36	https://www.streamlineusa.com/wp-content/uploads/2019/12/20211021_129DuaneSt-8020-scaled.jpg
3216	2019/12/20211021_129DuaneSt-8035-scaled.jpg	2019/12/20211021_129DuaneSt-8035.jpg	yes	2048	1366		552		20211021_129DuaneSt-8035	2022-03-18 18:42:42	https://www.streamlineusa.com/wp-content/uploads/2019/12/20211021_129DuaneSt-8035-scaled.jpg
3217	2019/12/20211021_129DuaneSt-8040-scaled.jpg	2019/12/20211021_129DuaneSt-8040.jpg	yes	2048	1366		552		20211021_129DuaneSt-8040	2022-03-18 18:42:47	https://www.streamlineusa.com/wp-content/uploads/2019/12/20211021_129DuaneSt-8040-scaled.jpg
3218	2019/12/20211021_129DuaneSt-8080-scaled.jpg	2019/12/20211021_129DuaneSt-8080.jpg	yes	2048	1366		552		20211021_129DuaneSt-8080	2022-03-18 18:42:53	https://www.streamlineusa.com/wp-content/uploads/2019/12/20211021_129DuaneSt-8080-scaled.jpg
3219	2019/12/20211021_129DuaneSt-8110-scaled.jpg	2019/12/20211021_129DuaneSt-8110.jpg	yes	2048	1366		552		20211021_129DuaneSt-8110	2022-03-18 18:42:59	https://www.streamlineusa.com/wp-content/uploads/2019/12/20211021_129DuaneSt-8110-scaled.jpg
3220	2019/12/20211021_129DuaneSt-8120-scaled.jpg	2019/12/20211021_129DuaneSt-8120.jpg	yes	2048	1366		552		20211021_129DuaneSt-8120	2022-03-18 18:43:04	https://www.streamlineusa.com/wp-content/uploads/2019/12/20211021_129DuaneSt-8120-scaled.jpg
3221	2019/12/20211021_129DuaneSt-8154-scaled.jpg	2019/12/20211021_129DuaneSt-8154.jpg	yes	2048	1366		552		20211021_129DuaneSt-8154	2022-03-18 18:43:09	https://www.streamlineusa.com/wp-content/uploads/2019/12/20211021_129DuaneSt-8154-scaled.jpg
3222	2019/12/20211021_129DuaneSt-8159-scaled.jpg	2019/12/20211021_129DuaneSt-8159.jpg	yes	2048	1366		552		20211021_129DuaneSt-8159	2022-03-18 18:43:14	https://www.streamlineusa.com/wp-content/uploads/2019/12/20211021_129DuaneSt-8159-scaled.jpg
3223	2019/12/20211021_129DuaneSt-8169-scaled.jpg	2019/12/20211021_129DuaneSt-8169.jpg	yes	1707	2560		552		20211021_129DuaneSt-8169	2022-03-18 18:43:19	https://www.streamlineusa.com/wp-content/uploads/2019/12/20211021_129DuaneSt-8169-scaled.jpg
3224	2019/12/20211021_129DuaneSt-8194-scaled.jpg	2019/12/20211021_129DuaneSt-8194.jpg	yes	1707	2560		552		20211021_129DuaneSt-8194	2022-03-18 18:43:24	https://www.streamlineusa.com/wp-content/uploads/2019/12/20211021_129DuaneSt-8194-scaled.jpg
3225	2019/12/20210310_129DuaneSt-3830-scaled.jpg	2019/12/20210310_129DuaneSt-3830.jpg	yes	2048	1366		552		20210310_129DuaneSt-3830	2022-03-18 18:43:28	https://www.streamlineusa.com/wp-content/uploads/2019/12/20210310_129DuaneSt-3830-scaled.jpg
3226	2019/12/20210310_129DuaneSt-3975-scaled.jpg	2019/12/20210310_129DuaneSt-3975.jpg	yes	2048	1366		552		20210310_129DuaneSt-3975	2022-03-18 18:43:32	https://www.streamlineusa.com/wp-content/uploads/2019/12/20210310_129DuaneSt-3975-scaled.jpg
3227	2019/12/20210310_129DuaneSt-3795.jpg	2019/12/20210310_129DuaneSt-3795.jpg	no	1067	1600		552		20210310_129DuaneSt-3795	2022-03-18 18:43:51	https://www.streamlineusa.com/wp-content/uploads/2019/12/20210310_129DuaneSt-3795.jpg
3228	2019/12/20210310_129DuaneSt-3800.jpg	2019/12/20210310_129DuaneSt-3800.jpg	no	1600	1067		552		20210310_129DuaneSt-3800	2022-03-18 18:43:53	https://www.streamlineusa.com/wp-content/uploads/2019/12/20210310_129DuaneSt-3800.jpg
3229	2019/12/20210310_129DuaneSt-3805.jpg	2019/12/20210310_129DuaneSt-3805.jpg	no	1600	1066		552		20210310_129DuaneSt-3805	2022-03-18 18:43:54	https://www.streamlineusa.com/wp-content/uploads/2019/12/20210310_129DuaneSt-3805.jpg
3230	2019/12/20210310_129DuaneSt-3810.jpg	2019/12/20210310_129DuaneSt-3810.jpg	no	1600	1066		552		20210310_129DuaneSt-3810	2022-03-18 18:43:55	https://www.streamlineusa.com/wp-content/uploads/2019/12/20210310_129DuaneSt-3810.jpg
3231	2019/12/20210310_129DuaneSt-3815.jpg	2019/12/20210310_129DuaneSt-3815.jpg	no	1067	1600		552		20210310_129DuaneSt-3815	2022-03-18 18:43:57	https://www.streamlineusa.com/wp-content/uploads/2019/12/20210310_129DuaneSt-3815.jpg
3232	2019/12/20210310_129DuaneSt-3820.jpg	2019/12/20210310_129DuaneSt-3820.jpg	no	1600	1067		552		20210310_129DuaneSt-3820	2022-03-18 18:43:58	https://www.streamlineusa.com/wp-content/uploads/2019/12/20210310_129DuaneSt-3820.jpg
3233	2019/12/20210310_129DuaneSt-3830-1.jpg	2019/12/20210310_129DuaneSt-3830-1.jpg	no	1600	1067		552		20210310_129DuaneSt-3830	2022-03-18 18:43:59	https://www.streamlineusa.com/wp-content/uploads/2019/12/20210310_129DuaneSt-3830-1.jpg
3234	2019/12/20210310_129DuaneSt-3835.jpg	2019/12/20210310_129DuaneSt-3835.jpg	no	1600	1066		552		20210310_129DuaneSt-3835	2022-03-18 18:44:00	https://www.streamlineusa.com/wp-content/uploads/2019/12/20210310_129DuaneSt-3835.jpg
3235	2019/12/20210310_129DuaneSt-3840.jpg	2019/12/20210310_129DuaneSt-3840.jpg	no	1600	1066		552		20210310_129DuaneSt-3840	2022-03-18 18:44:02	https://www.streamlineusa.com/wp-content/uploads/2019/12/20210310_129DuaneSt-3840.jpg
3236	2019/12/20210310_129DuaneSt-3850.jpg	2019/12/20210310_129DuaneSt-3850.jpg	no	1600	1067		552		20210310_129DuaneSt-3850	2022-03-18 18:44:03	https://www.streamlineusa.com/wp-content/uploads/2019/12/20210310_129DuaneSt-3850.jpg
3237	2019/12/20210310_129DuaneSt-3855.jpg	2019/12/20210310_129DuaneSt-3855.jpg	no	1600	1066		552		20210310_129DuaneSt-3855	2022-03-18 18:44:04	https://www.streamlineusa.com/wp-content/uploads/2019/12/20210310_129DuaneSt-3855.jpg
3238	2019/12/20210310_129DuaneSt-3860.jpg	2019/12/20210310_129DuaneSt-3860.jpg	no	1600	1067		552		20210310_129DuaneSt-3860	2022-03-18 18:44:06	https://www.streamlineusa.com/wp-content/uploads/2019/12/20210310_129DuaneSt-3860.jpg
3239	2019/12/20210310_129DuaneSt-3865.jpg	2019/12/20210310_129DuaneSt-3865.jpg	no	1600	1067		552		20210310_129DuaneSt-3865	2022-03-18 18:44:07	https://www.streamlineusa.com/wp-content/uploads/2019/12/20210310_129DuaneSt-3865.jpg
3240	2019/12/20210310_129DuaneSt-3870.jpg	2019/12/20210310_129DuaneSt-3870.jpg	no	1600	1066		552		20210310_129DuaneSt-3870	2022-03-18 18:44:09	https://www.streamlineusa.com/wp-content/uploads/2019/12/20210310_129DuaneSt-3870.jpg
3241	2019/12/20210310_129DuaneSt-3875.jpg	2019/12/20210310_129DuaneSt-3875.jpg	no	1600	1066		552		20210310_129DuaneSt-3875	2022-03-18 18:44:10	https://www.streamlineusa.com/wp-content/uploads/2019/12/20210310_129DuaneSt-3875.jpg
3242	2019/12/20210310_129DuaneSt-3885.jpg	2019/12/20210310_129DuaneSt-3885.jpg	no	1600	1066		552		20210310_129DuaneSt-3885	2022-03-18 18:44:11	https://www.streamlineusa.com/wp-content/uploads/2019/12/20210310_129DuaneSt-3885.jpg
3243	2019/12/20210310_129DuaneSt-3890.jpg	2019/12/20210310_129DuaneSt-3890.jpg	no	1600	1067		552		20210310_129DuaneSt-3890	2022-03-18 18:44:13	https://www.streamlineusa.com/wp-content/uploads/2019/12/20210310_129DuaneSt-3890.jpg
3244	2019/12/20210310_129DuaneSt-3895.jpg	2019/12/20210310_129DuaneSt-3895.jpg	no	1600	1066		552		20210310_129DuaneSt-3895	2022-03-18 18:44:14	https://www.streamlineusa.com/wp-content/uploads/2019/12/20210310_129DuaneSt-3895.jpg
3245	2019/12/20210310_129DuaneSt-3900.jpg	2019/12/20210310_129DuaneSt-3900.jpg	no	1600	1066		552		20210310_129DuaneSt-3900	2022-03-18 18:44:15	https://www.streamlineusa.com/wp-content/uploads/2019/12/20210310_129DuaneSt-3900.jpg
3246	2019/12/20210310_129DuaneSt-3905.jpg	2019/12/20210310_129DuaneSt-3905.jpg	no	1600	1066		552		20210310_129DuaneSt-3905	2022-03-18 18:44:16	https://www.streamlineusa.com/wp-content/uploads/2019/12/20210310_129DuaneSt-3905.jpg
3247	2019/12/20210310_129DuaneSt-3910.jpg	2019/12/20210310_129DuaneSt-3910.jpg	no	1600	1067		552		20210310_129DuaneSt-3910	2022-03-18 18:44:18	https://www.streamlineusa.com/wp-content/uploads/2019/12/20210310_129DuaneSt-3910.jpg
3248	2019/12/20210310_129DuaneSt-3915.jpg	2019/12/20210310_129DuaneSt-3915.jpg	no	1600	1066		552		20210310_129DuaneSt-3915	2022-03-18 18:44:19	https://www.streamlineusa.com/wp-content/uploads/2019/12/20210310_129DuaneSt-3915.jpg
3249	2019/12/20210310_129DuaneSt-3920.jpg	2019/12/20210310_129DuaneSt-3920.jpg	no	1600	1067		552		20210310_129DuaneSt-3920	2022-03-18 18:44:20	https://www.streamlineusa.com/wp-content/uploads/2019/12/20210310_129DuaneSt-3920.jpg
3250	2019/12/20210310_129DuaneSt-3930.jpg	2019/12/20210310_129DuaneSt-3930.jpg	no	1600	1067		552		20210310_129DuaneSt-3930	2022-03-18 18:44:22	https://www.streamlineusa.com/wp-content/uploads/2019/12/20210310_129DuaneSt-3930.jpg
3251	2019/12/20210310_129DuaneSt-3935.jpg	2019/12/20210310_129DuaneSt-3935.jpg	no	1600	1067		552		20210310_129DuaneSt-3935	2022-03-18 18:44:23	https://www.streamlineusa.com/wp-content/uploads/2019/12/20210310_129DuaneSt-3935.jpg
3252	2019/12/20210310_129DuaneSt-3940.jpg	2019/12/20210310_129DuaneSt-3940.jpg	no	1600	1066		552		20210310_129DuaneSt-3940	2022-03-18 18:44:25	https://www.streamlineusa.com/wp-content/uploads/2019/12/20210310_129DuaneSt-3940.jpg
3253	2019/12/20210310_129DuaneSt-3945.jpg	2019/12/20210310_129DuaneSt-3945.jpg	no	1600	1067		552		20210310_129DuaneSt-3945	2022-03-18 18:44:26	https://www.streamlineusa.com/wp-content/uploads/2019/12/20210310_129DuaneSt-3945.jpg
3254	2019/12/20210310_129DuaneSt-3955.jpg	2019/12/20210310_129DuaneSt-3955.jpg	no	1600	1067		552		20210310_129DuaneSt-3955	2022-03-18 18:44:28	https://www.streamlineusa.com/wp-content/uploads/2019/12/20210310_129DuaneSt-3955.jpg
3255	2019/12/20210310_129DuaneSt-3960.jpg	2019/12/20210310_129DuaneSt-3960.jpg	no	1600	1067		552		20210310_129DuaneSt-3960	2022-03-18 18:44:29	https://www.streamlineusa.com/wp-content/uploads/2019/12/20210310_129DuaneSt-3960.jpg
3256	2019/12/20210310_129DuaneSt-3965.jpg	2019/12/20210310_129DuaneSt-3965.jpg	no	1600	1067		552		20210310_129DuaneSt-3965	2022-03-18 18:44:31	https://www.streamlineusa.com/wp-content/uploads/2019/12/20210310_129DuaneSt-3965.jpg
3257	2019/12/20210310_129DuaneSt-3975-1.jpg	2019/12/20210310_129DuaneSt-3975-1.jpg	no	1600	1067		552		20210310_129DuaneSt-3975	2022-03-18 18:44:32	https://www.streamlineusa.com/wp-content/uploads/2019/12/20210310_129DuaneSt-3975-1.jpg
3258	2019/12/20210310_129DuaneSt-3980.jpg	2019/12/20210310_129DuaneSt-3980.jpg	no	1600	1067		552		20210310_129DuaneSt-3980	2022-03-18 18:44:34	https://www.streamlineusa.com/wp-content/uploads/2019/12/20210310_129DuaneSt-3980.jpg
3259	2019/12/20210310_129DuaneSt-3990-1.jpg	2019/12/20210310_129DuaneSt-3990-1.jpg	no	1600	1066		552		20210310_129DuaneSt-3990	2022-03-18 18:44:35	https://www.streamlineusa.com/wp-content/uploads/2019/12/20210310_129DuaneSt-3990-1.jpg
3260	2019/12/20210310_129DuaneSt-3995-1.jpg	2019/12/20210310_129DuaneSt-3995-1.jpg	no	1600	1067		552		20210310_129DuaneSt-3995	2022-03-18 18:44:37	https://www.streamlineusa.com/wp-content/uploads/2019/12/20210310_129DuaneSt-3995-1.jpg
3261	2019/12/20210310_129DuaneSt-4000.jpg	2019/12/20210310_129DuaneSt-4000.jpg	no	1600	1067		552		20210310_129DuaneSt-4000	2022-03-18 18:44:38	https://www.streamlineusa.com/wp-content/uploads/2019/12/20210310_129DuaneSt-4000.jpg
3262	2019/12/20210310_129DuaneSt-4012.jpg	2019/12/20210310_129DuaneSt-4012.jpg	no	1600	1067		552		20210310_129DuaneSt-4012	2022-03-18 18:44:40	https://www.streamlineusa.com/wp-content/uploads/2019/12/20210310_129DuaneSt-4012.jpg
3263	2019/12/20210310_129DuaneSt-4016.jpg	2019/12/20210310_129DuaneSt-4016.jpg	no	1600	1067		552		20210310_129DuaneSt-4016	2022-03-18 18:44:41	https://www.streamlineusa.com/wp-content/uploads/2019/12/20210310_129DuaneSt-4016.jpg
3264	2019/12/20210310_129DuaneSt-4025.jpg	2019/12/20210310_129DuaneSt-4025.jpg	no	1600	1067		552		20210310_129DuaneSt-4025	2022-03-18 18:44:43	https://www.streamlineusa.com/wp-content/uploads/2019/12/20210310_129DuaneSt-4025.jpg
3265	2019/12/20210310_129DuaneSt-4036.jpg	2019/12/20210310_129DuaneSt-4036.jpg	no	1600	1067		552		20210310_129DuaneSt-4036	2022-03-18 18:44:44	https://www.streamlineusa.com/wp-content/uploads/2019/12/20210310_129DuaneSt-4036.jpg
3266	2019/12/20210310_129DuaneSt-4041.jpg	2019/12/20210310_129DuaneSt-4041.jpg	no	1600	1067		552		20210310_129DuaneSt-4041	2022-03-18 18:44:46	https://www.streamlineusa.com/wp-content/uploads/2019/12/20210310_129DuaneSt-4041.jpg
3267	2019/12/20210310_129DuaneSt-4045.jpg	2019/12/20210310_129DuaneSt-4045.jpg	no	1600	1067		552		20210310_129DuaneSt-4045	2022-03-18 18:44:47	https://www.streamlineusa.com/wp-content/uploads/2019/12/20210310_129DuaneSt-4045.jpg
3268	2019/12/20210310_129DuaneSt-4050.jpg	2019/12/20210310_129DuaneSt-4050.jpg	no	1066	1600		552		20210310_129DuaneSt-4050	2022-03-18 18:44:49	https://www.streamlineusa.com/wp-content/uploads/2019/12/20210310_129DuaneSt-4050.jpg
3269	2019/12/20210310_129DuaneSt-4060.jpg	2019/12/20210310_129DuaneSt-4060.jpg	no	1600	1067		552		20210310_129DuaneSt-4060	2022-03-18 18:44:51	https://www.streamlineusa.com/wp-content/uploads/2019/12/20210310_129DuaneSt-4060.jpg
3270	2019/12/20210310_129DuaneSt-4065.jpg	2019/12/20210310_129DuaneSt-4065.jpg	no	1600	1067		552		20210310_129DuaneSt-4065	2022-03-18 18:44:52	https://www.streamlineusa.com/wp-content/uploads/2019/12/20210310_129DuaneSt-4065.jpg
3271	2019/12/20210310_129DuaneSt-4075.jpg	2019/12/20210310_129DuaneSt-4075.jpg	no	1600	1067		552		20210310_129DuaneSt-4075	2022-03-18 18:44:54	https://www.streamlineusa.com/wp-content/uploads/2019/12/20210310_129DuaneSt-4075.jpg
3272	2019/12/20210310_129DuaneSt-4085.jpg	2019/12/20210310_129DuaneSt-4085.jpg	no	1600	1066		552		20210310_129DuaneSt-4085	2022-03-18 18:44:56	https://www.streamlineusa.com/wp-content/uploads/2019/12/20210310_129DuaneSt-4085.jpg
3273	2019/12/20210310_129DuaneSt-4090.jpg	2019/12/20210310_129DuaneSt-4090.jpg	no	1600	1066		552		20210310_129DuaneSt-4090	2022-03-18 18:44:58	https://www.streamlineusa.com/wp-content/uploads/2019/12/20210310_129DuaneSt-4090.jpg
3274	2019/12/20210310_129DuaneSt-4095.jpg	2019/12/20210310_129DuaneSt-4095.jpg	no	1600	1067		552		20210310_129DuaneSt-4095	2022-03-18 18:45:00	https://www.streamlineusa.com/wp-content/uploads/2019/12/20210310_129DuaneSt-4095.jpg
3275	2019/12/20210310_129DuaneSt-4105.jpg	2019/12/20210310_129DuaneSt-4105.jpg	no	1600	1067		552		20210310_129DuaneSt-4105	2022-03-18 18:45:02	https://www.streamlineusa.com/wp-content/uploads/2019/12/20210310_129DuaneSt-4105.jpg
3276	2019/12/20210310_129DuaneSt-4115.jpg	2019/12/20210310_129DuaneSt-4115.jpg	no	1600	1066		552		20210310_129DuaneSt-4115	2022-03-18 18:45:04	https://www.streamlineusa.com/wp-content/uploads/2019/12/20210310_129DuaneSt-4115.jpg
3277	2019/12/20210310_129DuaneSt-4125.jpg	2019/12/20210310_129DuaneSt-4125.jpg	no	1600	1067		552		20210310_129DuaneSt-4125	2022-03-18 18:45:06	https://www.streamlineusa.com/wp-content/uploads/2019/12/20210310_129DuaneSt-4125.jpg
3278	2019/12/20210310_129DuaneSt-4130.jpg	2019/12/20210310_129DuaneSt-4130.jpg	no	1600	1067		552		20210310_129DuaneSt-4130	2022-03-18 18:45:08	https://www.streamlineusa.com/wp-content/uploads/2019/12/20210310_129DuaneSt-4130.jpg
3279	2019/12/20210310_129DuaneSt-4135.jpg	2019/12/20210310_129DuaneSt-4135.jpg	no	1600	1067		552		20210310_129DuaneSt-4135	2022-03-18 18:45:10	https://www.streamlineusa.com/wp-content/uploads/2019/12/20210310_129DuaneSt-4135.jpg
3280	2019/12/20210310_129DuaneSt-4140.jpg	2019/12/20210310_129DuaneSt-4140.jpg	no	1066	1600		552		20210310_129DuaneSt-4140	2022-03-18 18:45:12	https://www.streamlineusa.com/wp-content/uploads/2019/12/20210310_129DuaneSt-4140.jpg
3281	2019/12/20210310_129DuaneSt-4145-1.jpg	2019/12/20210310_129DuaneSt-4145-1.jpg	no	1066	1600		552		20210310_129DuaneSt-4145	2022-03-18 18:45:14	https://www.streamlineusa.com/wp-content/uploads/2019/12/20210310_129DuaneSt-4145-1.jpg
3282	2019/12/20210310_129DuaneSt-4150.jpg	2019/12/20210310_129DuaneSt-4150.jpg	no	1600	1067		552		20210310_129DuaneSt-4150	2022-03-18 18:45:16	https://www.streamlineusa.com/wp-content/uploads/2019/12/20210310_129DuaneSt-4150.jpg
3283	2019/12/20210310_129DuaneSt-3830-2-scaled.jpg	2019/12/20210310_129DuaneSt-3830-2.jpg	yes	2048	1366		552		20210310_129DuaneSt-3830	2022-03-18 18:45:19	https://www.streamlineusa.com/wp-content/uploads/2019/12/20210310_129DuaneSt-3830-2-scaled.jpg
3284	2019/12/20210310_129DuaneSt-3975-2-scaled.jpg	2019/12/20210310_129DuaneSt-3975-2.jpg	yes	2048	1366		552		20210310_129DuaneSt-3975	2022-03-18 18:45:24	https://www.streamlineusa.com/wp-content/uploads/2019/12/20210310_129DuaneSt-3975-2-scaled.jpg
3285	2019/12/20210310_129DuaneSt-3990-2-scaled.jpg	2019/12/20210310_129DuaneSt-3990-2.jpg	yes	2048	1365		552		20210310_129DuaneSt-3990	2022-03-18 18:45:29	https://www.streamlineusa.com/wp-content/uploads/2019/12/20210310_129DuaneSt-3990-2-scaled.jpg
3286	2019/12/20210310_129DuaneSt-3995-2-scaled.jpg	2019/12/20210310_129DuaneSt-3995-2.jpg	yes	2048	1366		552		20210310_129DuaneSt-3995	2022-03-18 18:45:34	https://www.streamlineusa.com/wp-content/uploads/2019/12/20210310_129DuaneSt-3995-2-scaled.jpg
3287	2019/12/20210310_129DuaneSt-4145-2-scaled.jpg	2019/12/20210310_129DuaneSt-4145-2.jpg	yes	1706	2560		552		20210310_129DuaneSt-4145	2022-03-18 18:45:40	https://www.streamlineusa.com/wp-content/uploads/2019/12/20210310_129DuaneSt-4145-2-scaled.jpg
3288	2019/12/20211021_129DuaneSt-8020-1-scaled.jpg	2019/12/20211021_129DuaneSt-8020-1.jpg	yes	2048	1366		552		20211021_129DuaneSt-8020	2022-03-18 18:45:45	https://www.streamlineusa.com/wp-content/uploads/2019/12/20211021_129DuaneSt-8020-1-scaled.jpg
3289	2019/12/20211021_129DuaneSt-8035-1-scaled.jpg	2019/12/20211021_129DuaneSt-8035-1.jpg	yes	2048	1366		552		20211021_129DuaneSt-8035	2022-03-18 18:45:51	https://www.streamlineusa.com/wp-content/uploads/2019/12/20211021_129DuaneSt-8035-1-scaled.jpg
3290	2019/12/20211021_129DuaneSt-8040-1-scaled.jpg	2019/12/20211021_129DuaneSt-8040-1.jpg	yes	2048	1366		552		20211021_129DuaneSt-8040	2022-03-18 18:45:56	https://www.streamlineusa.com/wp-content/uploads/2019/12/20211021_129DuaneSt-8040-1-scaled.jpg
3291	2019/12/20211021_129DuaneSt-8080-1-scaled.jpg	2019/12/20211021_129DuaneSt-8080-1.jpg	yes	2048	1366		552		20211021_129DuaneSt-8080	2022-03-18 18:46:01	https://www.streamlineusa.com/wp-content/uploads/2019/12/20211021_129DuaneSt-8080-1-scaled.jpg
3292	2019/12/20211021_129DuaneSt-8110-1-scaled.jpg	2019/12/20211021_129DuaneSt-8110-1.jpg	yes	2048	1366		552		20211021_129DuaneSt-8110	2022-03-18 18:46:06	https://www.streamlineusa.com/wp-content/uploads/2019/12/20211021_129DuaneSt-8110-1-scaled.jpg
3293	2019/12/20211021_129DuaneSt-8120-1-scaled.jpg	2019/12/20211021_129DuaneSt-8120-1.jpg	yes	2048	1366		552		20211021_129DuaneSt-8120	2022-03-18 18:46:11	https://www.streamlineusa.com/wp-content/uploads/2019/12/20211021_129DuaneSt-8120-1-scaled.jpg
3294	2019/12/20211021_129DuaneSt-8154-1-scaled.jpg	2019/12/20211021_129DuaneSt-8154-1.jpg	yes	2048	1366		552		20211021_129DuaneSt-8154	2022-03-18 18:46:15	https://www.streamlineusa.com/wp-content/uploads/2019/12/20211021_129DuaneSt-8154-1-scaled.jpg
3295	2019/12/20211021_129DuaneSt-8159-1-scaled.jpg	2019/12/20211021_129DuaneSt-8159-1.jpg	yes	2048	1366		552		20211021_129DuaneSt-8159	2022-03-18 18:46:19	https://www.streamlineusa.com/wp-content/uploads/2019/12/20211021_129DuaneSt-8159-1-scaled.jpg
3296	2019/12/20211021_129DuaneSt-8169-1-scaled.jpg	2019/12/20211021_129DuaneSt-8169-1.jpg	yes	1707	2560		552		20211021_129DuaneSt-8169	2022-03-18 18:46:24	https://www.streamlineusa.com/wp-content/uploads/2019/12/20211021_129DuaneSt-8169-1-scaled.jpg
3297	2019/12/20211021_129DuaneSt-8194-1-scaled.jpg	2019/12/20211021_129DuaneSt-8194-1.jpg	yes	1707	2560		552		20211021_129DuaneSt-8194	2022-03-18 18:46:28	https://www.streamlineusa.com/wp-content/uploads/2019/12/20211021_129DuaneSt-8194-1-scaled.jpg
3368	2022/04/ee6d879929ab0d084e90815fbbff4813-uncropped_scaled_within_1536_1152.jpg	2022/04/ee6d879929ab0d084e90815fbbff4813-uncropped_scaled_within_1536_1152.jpg	no	1536	1024		0		ee6d879929ab0d084e90815fbbff4813-uncropped_scaled_within_1536_1152	2022-04-01 04:32:20	https://www.streamlineusa.com/wp-content/uploads/2022/04/ee6d879929ab0d084e90815fbbff4813-uncropped_scaled_within_1536_1152.jpg
3369	2022/04/848062e8ee51ff06a726cb7358ad3ea2-uncropped_scaled_within_1536_1152.jpg	2022/04/848062e8ee51ff06a726cb7358ad3ea2-uncropped_scaled_within_1536_1152.jpg	no	768	1152		0		848062e8ee51ff06a726cb7358ad3ea2-uncropped_scaled_within_1536_1152	2022-04-01 04:32:23	https://www.streamlineusa.com/wp-content/uploads/2022/04/848062e8ee51ff06a726cb7358ad3ea2-uncropped_scaled_within_1536_1152.jpg
3370	2022/04/767502abfdbb486cd3ae0ee39baa9a0c-uncropped_scaled_within_1536_1152.jpg	2022/04/767502abfdbb486cd3ae0ee39baa9a0c-uncropped_scaled_within_1536_1152.jpg	no	1536	1024		0		767502abfdbb486cd3ae0ee39baa9a0c-uncropped_scaled_within_1536_1152	2022-04-01 04:32:24	https://www.streamlineusa.com/wp-content/uploads/2022/04/767502abfdbb486cd3ae0ee39baa9a0c-uncropped_scaled_within_1536_1152.jpg
3371	2022/04/814e93958eb585920f50930a1fb5306b-uncropped_scaled_within_1536_1152.jpg	2022/04/814e93958eb585920f50930a1fb5306b-uncropped_scaled_within_1536_1152.jpg	no	1536	1024		0		814e93958eb585920f50930a1fb5306b-uncropped_scaled_within_1536_1152	2022-04-01 04:32:27	https://www.streamlineusa.com/wp-content/uploads/2022/04/814e93958eb585920f50930a1fb5306b-uncropped_scaled_within_1536_1152.jpg
3372	2022/04/750d5420b506f7fe2f94b8630b137980-uncropped_scaled_within_1536_1152.jpg	2022/04/750d5420b506f7fe2f94b8630b137980-uncropped_scaled_within_1536_1152.jpg	no	1536	1024		0		750d5420b506f7fe2f94b8630b137980-uncropped_scaled_within_1536_1152	2022-04-01 04:32:28	https://www.streamlineusa.com/wp-content/uploads/2022/04/750d5420b506f7fe2f94b8630b137980-uncropped_scaled_within_1536_1152.jpg
3373	2022/04/504b0c1f305405c0ff49ecbbe8eaea8d-uncropped_scaled_within_1536_1152.jpg	2022/04/504b0c1f305405c0ff49ecbbe8eaea8d-uncropped_scaled_within_1536_1152.jpg	no	768	1152		0		504b0c1f305405c0ff49ecbbe8eaea8d-uncropped_scaled_within_1536_1152	2022-04-01 04:32:30	https://www.streamlineusa.com/wp-content/uploads/2022/04/504b0c1f305405c0ff49ecbbe8eaea8d-uncropped_scaled_within_1536_1152.jpg
3374	2022/04/81ea9a2ef6bd668b1cc5fc8dc8aa5b48-uncropped_scaled_within_1536_1152.jpg	2022/04/81ea9a2ef6bd668b1cc5fc8dc8aa5b48-uncropped_scaled_within_1536_1152.jpg	no	768	1152		0		81ea9a2ef6bd668b1cc5fc8dc8aa5b48-uncropped_scaled_within_1536_1152	2022-04-01 04:32:32	https://www.streamlineusa.com/wp-content/uploads/2022/04/81ea9a2ef6bd668b1cc5fc8dc8aa5b48-uncropped_scaled_within_1536_1152.jpg
3375	2022/04/75feff340a22624f9bd43cf1c42decc9-uncropped_scaled_within_1536_1152.jpg	2022/04/75feff340a22624f9bd43cf1c42decc9-uncropped_scaled_within_1536_1152.jpg	no	1536	1024		0		75feff340a22624f9bd43cf1c42decc9-uncropped_scaled_within_1536_1152	2022-04-01 04:32:34	https://www.streamlineusa.com/wp-content/uploads/2022/04/75feff340a22624f9bd43cf1c42decc9-uncropped_scaled_within_1536_1152.jpg
3376	2022/04/18cec58e4ea6d745bf37a047da1d07d9-uncropped_scaled_within_1536_1152.jpg	2022/04/18cec58e4ea6d745bf37a047da1d07d9-uncropped_scaled_within_1536_1152.jpg	no	1536	1024		0		18cec58e4ea6d745bf37a047da1d07d9-uncropped_scaled_within_1536_1152	2022-04-01 04:32:37	https://www.streamlineusa.com/wp-content/uploads/2022/04/18cec58e4ea6d745bf37a047da1d07d9-uncropped_scaled_within_1536_1152.jpg
3377	2022/04/1.jpg	2022/04/1.jpg	no	1536	1024		0		1	2022-04-01 04:32:39	https://www.streamlineusa.com/wp-content/uploads/2022/04/1.jpg
3393	2022/04/2022.01_NYC_Wald-kitchen-Jeann-Nouvel-bldg_2023-Edit_By-Petrini-studio-scaled.jpg	2022/04/2022.01_NYC_Wald-kitchen-Jeann-Nouvel-bldg_2023-Edit_By-Petrini-studio.jpg	yes	2048	1315		0		2022.01_NYC_Wald kitchen (Jeann Nouvel bldg)_2023-Edit_By Petrini studio	2022-04-06 19:27:28	https://www.streamlineusa.com/wp-content/uploads/2022/04/2022.01_NYC_Wald-kitchen-Jeann-Nouvel-bldg_2023-Edit_By-Petrini-studio-scaled.jpg
3394	2022/04/2022.01_NYC_Wald-kitchen-Jeann-Nouvel-bldg_2038-Edit_By-Petrini-studio-scaled.jpg	2022/04/2022.01_NYC_Wald-kitchen-Jeann-Nouvel-bldg_2038-Edit_By-Petrini-studio.jpg	yes	2048	1366		0		2022.01_NYC_Wald kitchen (Jeann Nouvel bldg)_2038-Edit_By Petrini studio	2022-04-06 19:27:38	https://www.streamlineusa.com/wp-content/uploads/2022/04/2022.01_NYC_Wald-kitchen-Jeann-Nouvel-bldg_2038-Edit_By-Petrini-studio-scaled.jpg
3395	2022/04/2022.01_NYC_Wald-kitchen-Jeann-Nouvel-bldg_2053b-Edit_By-Petrini-studio-scaled.jpg	2022/04/2022.01_NYC_Wald-kitchen-Jeann-Nouvel-bldg_2053b-Edit_By-Petrini-studio.jpg	yes	2048	1366		0		2022.01_NYC_Wald kitchen (Jeann Nouvel bldg)_2053b-Edit_By Petrini studio	2022-04-06 19:27:50	https://www.streamlineusa.com/wp-content/uploads/2022/04/2022.01_NYC_Wald-kitchen-Jeann-Nouvel-bldg_2053b-Edit_By-Petrini-studio-scaled.jpg
3396	2022/04/2022.01_NYC_Wald-kitchen-Jeann-Nouvel-bldg_2053-Edit_By-Petrini-studio-scaled.jpg	2022/04/2022.01_NYC_Wald-kitchen-Jeann-Nouvel-bldg_2053-Edit_By-Petrini-studio.jpg	yes	2048	1366		0		2022.01_NYC_Wald kitchen (Jeann Nouvel bldg)_2053-Edit_By Petrini studio	2022-04-06 19:28:02	https://www.streamlineusa.com/wp-content/uploads/2022/04/2022.01_NYC_Wald-kitchen-Jeann-Nouvel-bldg_2053-Edit_By-Petrini-studio-scaled.jpg
3397	2022/04/2022.01_NYC_Wald-kitchen-Jeann-Nouvel-bldg_2058-Edit_By-Petrini-studio-scaled.jpg	2022/04/2022.01_NYC_Wald-kitchen-Jeann-Nouvel-bldg_2058-Edit_By-Petrini-studio.jpg	yes	2048	1366		0		2022.01_NYC_Wald kitchen (Jeann Nouvel bldg)_2058-Edit_By Petrini studio	2022-04-06 19:28:13	https://www.streamlineusa.com/wp-content/uploads/2022/04/2022.01_NYC_Wald-kitchen-Jeann-Nouvel-bldg_2058-Edit_By-Petrini-studio-scaled.jpg
3398	2022/04/2022.01_NYC_Wald-kitchen-Jeann-Nouvel-bldg_2074-Edit_By-Petrini-studio-scaled.jpg	2022/04/2022.01_NYC_Wald-kitchen-Jeann-Nouvel-bldg_2074-Edit_By-Petrini-studio.jpg	yes	2048	1064		0		2022.01_NYC_Wald kitchen (Jeann Nouvel bldg)_2074-Edit_By Petrini studio	2022-04-06 19:28:21	https://www.streamlineusa.com/wp-content/uploads/2022/04/2022.01_NYC_Wald-kitchen-Jeann-Nouvel-bldg_2074-Edit_By-Petrini-studio-scaled.jpg
3399	2022/04/2022.01_NYC_Wald-kitchen-Jeann-Nouvel-bldg_2107_By-Petrini-studio-scaled.jpg	2022/04/2022.01_NYC_Wald-kitchen-Jeann-Nouvel-bldg_2107_By-Petrini-studio.jpg	yes	1707	2560		0		2022.01_NYC_Wald kitchen (Jeann Nouvel bldg)_2107_By Petrini studio	2022-04-06 19:28:33	https://www.streamlineusa.com/wp-content/uploads/2022/04/2022.01_NYC_Wald-kitchen-Jeann-Nouvel-bldg_2107_By-Petrini-studio-scaled.jpg
3400	2022/04/2022.01_NYC_Wald-kitchen-Jeann-Nouvel-bldg_2113-Edit_By-Petrini-studio-scaled.jpg	2022/04/2022.01_NYC_Wald-kitchen-Jeann-Nouvel-bldg_2113-Edit_By-Petrini-studio.jpg	yes	1707	2560		0		2022.01_NYC_Wald kitchen (Jeann Nouvel bldg)_2113-Edit_By Petrini studio	2022-04-06 19:28:43	https://www.streamlineusa.com/wp-content/uploads/2022/04/2022.01_NYC_Wald-kitchen-Jeann-Nouvel-bldg_2113-Edit_By-Petrini-studio-scaled.jpg
3401	2022/04/DSC02034ab-scaled.jpg	2022/04/DSC02034ab.jpg	yes	2048	1638		0		DSC02034ab	2022-04-06 19:28:53	https://www.streamlineusa.com/wp-content/uploads/2022/04/DSC02034ab-scaled.jpg
3402	2022/04/DSC02047-scaled.jpg	2022/04/DSC02047.jpg	yes	2048	1366		0		DSC02047	2022-04-06 19:29:02	https://www.streamlineusa.com/wp-content/uploads/2022/04/DSC02047-scaled.jpg
3403	2022/04/DSC02059-scaled.jpg	2022/04/DSC02059.jpg	yes	1707	2560		0		DSC02059	2022-04-06 19:29:09	https://www.streamlineusa.com/wp-content/uploads/2022/04/DSC02059-scaled.jpg
3404	2022/04/DSC02067-scaled.jpg	2022/04/DSC02067.jpg	yes	1707	2560		0		DSC02067	2022-04-06 19:29:17	https://www.streamlineusa.com/wp-content/uploads/2022/04/DSC02067-scaled.jpg
3405	2022/04/DSC02092-scaled.jpg	2022/04/DSC02092.jpg	yes	2048	1638		0		DSC02092	2022-04-06 19:29:26	https://www.streamlineusa.com/wp-content/uploads/2022/04/DSC02092-scaled.jpg
3406	2022/04/DSC02094-scaled.jpg	2022/04/DSC02094.jpg	yes	2048	1638		0		DSC02094	2022-04-06 19:29:35	https://www.streamlineusa.com/wp-content/uploads/2022/04/DSC02094-scaled.jpg
3407	2022/04/DSC02097-scaled.jpg	2022/04/DSC02097.jpg	yes	2048	1366		0		DSC02097	2022-04-06 19:29:43	https://www.streamlineusa.com/wp-content/uploads/2022/04/DSC02097-scaled.jpg
3408	2022/04/DSC02103a-scaled.jpg	2022/04/DSC02103a.jpg	yes	2048	1366		0		DSC02103a	2022-04-06 19:29:53	https://www.streamlineusa.com/wp-content/uploads/2022/04/DSC02103a-scaled.jpg
3409	2022/04/DSC02106-scaled.jpg	2022/04/DSC02106.jpg	yes	2048	1366		0		DSC02106	2022-04-06 19:30:04	https://www.streamlineusa.com/wp-content/uploads/2022/04/DSC02106-scaled.jpg
3410	2022/04/DSC02159-scaled.jpg	2022/04/DSC02159.jpg	yes	2048	1366		0		DSC02159	2022-04-06 19:30:12	https://www.streamlineusa.com/wp-content/uploads/2022/04/DSC02159-scaled.jpg
3417	2022/04/IMG_0141-scaled.jpg	2022/04/IMG_0141.jpg	yes	2048	1366		0		IMG_0141	2022-04-11 17:35:37	https://www.streamlineusa.com/wp-content/uploads/2022/04/IMG_0141-scaled.jpg
3418	2022/04/IMG_0142-scaled.jpg	2022/04/IMG_0142.jpg	yes	1707	2560		0		IMG_0142	2022-04-11 17:35:56	https://www.streamlineusa.com/wp-content/uploads/2022/04/IMG_0142-scaled.jpg
3420	2022/05/518F6A36-ECF4-49C9-BE68-29396D579C17-scaled.jpeg	2022/05/518F6A36-ECF4-49C9-BE68-29396D579C17.jpeg	yes	1991	2560		73		518F6A36-ECF4-49C9-BE68-29396D579C17	2022-05-03 00:06:34	https://www.streamlineusa.com/wp-content/uploads/2022/05/518F6A36-ECF4-49C9-BE68-29396D579C17-scaled.jpeg
3556	2023/05/20230306_92LaightSt-3109-scaled.jpg	2023/05/20230306_92LaightSt-3109.jpg	yes	1920	1280		3454		20230306_92LaightSt-3109	2023-05-30 20:58:43	https://www.streamlineusa.com/wp-content/uploads/2023/05/20230306_92LaightSt-3109-scaled.jpg
3557	2023/05/20230306_92LaightSt-3114-scaled.jpg	2023/05/20230306_92LaightSt-3114.jpg	yes	1920	1280		3454		20230306_92LaightSt-3114	2023-05-30 20:58:47	https://www.streamlineusa.com/wp-content/uploads/2023/05/20230306_92LaightSt-3114-scaled.jpg
3558	2023/05/20230306_92LaightSt-3119-scaled.jpg	2023/05/20230306_92LaightSt-3119.jpg	yes	1920	1280		3454		20230306_92LaightSt-3119	2023-05-30 20:58:52	https://www.streamlineusa.com/wp-content/uploads/2023/05/20230306_92LaightSt-3119-scaled.jpg
3559	2023/05/20230306_92LaightSt-3124-scaled.jpg	2023/05/20230306_92LaightSt-3124.jpg	yes	1280	1920		3454		20230306_92LaightSt-3124	2023-05-30 20:58:56	https://www.streamlineusa.com/wp-content/uploads/2023/05/20230306_92LaightSt-3124-scaled.jpg
3560	2023/05/20230306_92LaightSt-3129-scaled.jpg	2023/05/20230306_92LaightSt-3129.jpg	yes	1280	1920		3454		20230306_92LaightSt-3129	2023-05-30 20:59:00	https://www.streamlineusa.com/wp-content/uploads/2023/05/20230306_92LaightSt-3129-scaled.jpg
3561	2023/05/20230306_92LaightSt-3134-scaled.jpg	2023/05/20230306_92LaightSt-3134.jpg	yes	1280	1920		3454		20230306_92LaightSt-3134	2023-05-30 20:59:04	https://www.streamlineusa.com/wp-content/uploads/2023/05/20230306_92LaightSt-3134-scaled.jpg
3562	2023/05/20230306_92LaightSt-3144-scaled.jpg	2023/05/20230306_92LaightSt-3144.jpg	yes	1280	1920		3454		20230306_92LaightSt-3144	2023-05-30 20:59:08	https://www.streamlineusa.com/wp-content/uploads/2023/05/20230306_92LaightSt-3144-scaled.jpg
3563	2023/05/20230306_92LaightSt-3149-scaled.jpg	2023/05/20230306_92LaightSt-3149.jpg	yes	1920	1280		3454		20230306_92LaightSt-3149	2023-05-30 20:59:12	https://www.streamlineusa.com/wp-content/uploads/2023/05/20230306_92LaightSt-3149-scaled.jpg
3564	2023/05/20230306_92LaightSt-3154-scaled.jpg	2023/05/20230306_92LaightSt-3154.jpg	yes	1920	1280		3454		20230306_92LaightSt-3154	2023-05-30 20:59:16	https://www.streamlineusa.com/wp-content/uploads/2023/05/20230306_92LaightSt-3154-scaled.jpg
3565	2023/05/20230306_92LaightSt-3159-scaled.jpg	2023/05/20230306_92LaightSt-3159.jpg	yes	1920	1280		3454		20230306_92LaightSt-3159	2023-05-30 20:59:20	https://www.streamlineusa.com/wp-content/uploads/2023/05/20230306_92LaightSt-3159-scaled.jpg
3566	2023/05/20230306_92LaightSt-3164-scaled.jpg	2023/05/20230306_92LaightSt-3164.jpg	yes	1920	1280		3454		20230306_92LaightSt-3164	2023-05-30 20:59:24	https://www.streamlineusa.com/wp-content/uploads/2023/05/20230306_92LaightSt-3164-scaled.jpg
3567	2023/05/20230306_92LaightSt-3169-scaled.jpg	2023/05/20230306_92LaightSt-3169.jpg	yes	1920	1280		3454		20230306_92LaightSt-3169	2023-05-30 20:59:29	https://www.streamlineusa.com/wp-content/uploads/2023/05/20230306_92LaightSt-3169-scaled.jpg
3568	2023/05/20230306_92LaightSt-3174-scaled.jpg	2023/05/20230306_92LaightSt-3174.jpg	yes	1920	1280		3454		20230306_92LaightSt-3174	2023-05-30 20:59:33	https://www.streamlineusa.com/wp-content/uploads/2023/05/20230306_92LaightSt-3174-scaled.jpg
3569	2023/05/20230306_92LaightSt-3034-scaled.jpg	2023/05/20230306_92LaightSt-3034.jpg	yes	1920	1280		3454		20230306_92LaightSt-3034	2023-05-30 20:59:36	https://www.streamlineusa.com/wp-content/uploads/2023/05/20230306_92LaightSt-3034-scaled.jpg
3570	2023/05/20230306_92LaightSt-3039-scaled.jpg	2023/05/20230306_92LaightSt-3039.jpg	yes	1920	1280		3454		20230306_92LaightSt-3039	2023-05-30 20:59:41	https://www.streamlineusa.com/wp-content/uploads/2023/05/20230306_92LaightSt-3039-scaled.jpg
3571	2023/05/20230306_92LaightSt-3044-scaled.jpg	2023/05/20230306_92LaightSt-3044.jpg	yes	1920	1280		3454		20230306_92LaightSt-3044	2023-05-30 20:59:45	https://www.streamlineusa.com/wp-content/uploads/2023/05/20230306_92LaightSt-3044-scaled.jpg
3572	2023/05/20230306_92LaightSt-3049-scaled.jpg	2023/05/20230306_92LaightSt-3049.jpg	yes	1920	1280		3454		20230306_92LaightSt-3049	2023-05-30 20:59:49	https://www.streamlineusa.com/wp-content/uploads/2023/05/20230306_92LaightSt-3049-scaled.jpg
3573	2023/05/20230306_92LaightSt-3054-scaled.jpg	2023/05/20230306_92LaightSt-3054.jpg	yes	1280	1920		3454		20230306_92LaightSt-3054	2023-05-30 20:59:53	https://www.streamlineusa.com/wp-content/uploads/2023/05/20230306_92LaightSt-3054-scaled.jpg
3574	2023/05/20230306_92LaightSt-3059-scaled.jpg	2023/05/20230306_92LaightSt-3059.jpg	yes	1920	1280		3454		20230306_92LaightSt-3059	2023-05-30 20:59:58	https://www.streamlineusa.com/wp-content/uploads/2023/05/20230306_92LaightSt-3059-scaled.jpg
3575	2023/05/20230306_92LaightSt-3074-scaled.jpg	2023/05/20230306_92LaightSt-3074.jpg	yes	1920	1280		3454		20230306_92LaightSt-3074	2023-05-30 21:00:02	https://www.streamlineusa.com/wp-content/uploads/2023/05/20230306_92LaightSt-3074-scaled.jpg
3576	2023/05/20230306_92LaightSt-3079-scaled.jpg	2023/05/20230306_92LaightSt-3079.jpg	yes	1920	1280		3454		20230306_92LaightSt-3079	2023-05-30 21:00:06	https://www.streamlineusa.com/wp-content/uploads/2023/05/20230306_92LaightSt-3079-scaled.jpg
3577	2023/05/20230306_92LaightSt-3084-scaled.jpg	2023/05/20230306_92LaightSt-3084.jpg	yes	1920	1280		3454		20230306_92LaightSt-3084	2023-05-30 21:00:11	https://www.streamlineusa.com/wp-content/uploads/2023/05/20230306_92LaightSt-3084-scaled.jpg
3578	2023/05/20230306_92LaightSt-3089-scaled.jpg	2023/05/20230306_92LaightSt-3089.jpg	yes	1920	1280		3454		20230306_92LaightSt-3089	2023-05-30 21:00:15	https://www.streamlineusa.com/wp-content/uploads/2023/05/20230306_92LaightSt-3089-scaled.jpg
3579	2023/05/20230306_92LaightSt-3094-scaled.jpg	2023/05/20230306_92LaightSt-3094.jpg	yes	1280	1920		3454		20230306_92LaightSt-3094	2023-05-30 21:00:19	https://www.streamlineusa.com/wp-content/uploads/2023/05/20230306_92LaightSt-3094-scaled.jpg
3580	2023/05/20230306_92LaightSt-3099-scaled.jpg	2023/05/20230306_92LaightSt-3099.jpg	yes	1920	1280		3454		20230306_92LaightSt-3099	2023-05-30 21:00:23	https://www.streamlineusa.com/wp-content/uploads/2023/05/20230306_92LaightSt-3099-scaled.jpg
3581	2023/05/20230306_92LaightSt-3104-scaled.jpg	2023/05/20230306_92LaightSt-3104.jpg	yes	1920	1280		3454		20230306_92LaightSt-3104	2023-05-30 21:00:27	https://www.streamlineusa.com/wp-content/uploads/2023/05/20230306_92LaightSt-3104-scaled.jpg
3582	2023/05/20230306_92LaightSt-2959-scaled.jpg	2023/05/20230306_92LaightSt-2959.jpg	yes	1920	1280		3454		20230306_92LaightSt-2959	2023-05-30 21:00:31	https://www.streamlineusa.com/wp-content/uploads/2023/05/20230306_92LaightSt-2959-scaled.jpg
3583	2023/05/20230306_92LaightSt-2964-scaled.jpg	2023/05/20230306_92LaightSt-2964.jpg	yes	1920	1280		3454		20230306_92LaightSt-2964	2023-05-30 21:00:35	https://www.streamlineusa.com/wp-content/uploads/2023/05/20230306_92LaightSt-2964-scaled.jpg
3584	2023/05/20230306_92LaightSt-2969-scaled.jpg	2023/05/20230306_92LaightSt-2969.jpg	yes	1920	1280		3454		20230306_92LaightSt-2969	2023-05-30 21:00:39	https://www.streamlineusa.com/wp-content/uploads/2023/05/20230306_92LaightSt-2969-scaled.jpg
3585	2023/05/20230306_92LaightSt-2974-scaled.jpg	2023/05/20230306_92LaightSt-2974.jpg	yes	1920	1280		3454		20230306_92LaightSt-2974	2023-05-30 21:00:43	https://www.streamlineusa.com/wp-content/uploads/2023/05/20230306_92LaightSt-2974-scaled.jpg
3586	2023/05/20230306_92LaightSt-2984-scaled.jpg	2023/05/20230306_92LaightSt-2984.jpg	yes	1920	1280		3454		20230306_92LaightSt-2984	2023-05-30 21:00:48	https://www.streamlineusa.com/wp-content/uploads/2023/05/20230306_92LaightSt-2984-scaled.jpg
3587	2023/05/20230306_92LaightSt-2989-scaled.jpg	2023/05/20230306_92LaightSt-2989.jpg	yes	1920	1280		3454		20230306_92LaightSt-2989	2023-05-30 21:00:52	https://www.streamlineusa.com/wp-content/uploads/2023/05/20230306_92LaightSt-2989-scaled.jpg
3588	2023/05/20230306_92LaightSt-2994-scaled.jpg	2023/05/20230306_92LaightSt-2994.jpg	yes	1920	1280		3454		20230306_92LaightSt-2994	2023-05-30 21:00:56	https://www.streamlineusa.com/wp-content/uploads/2023/05/20230306_92LaightSt-2994-scaled.jpg
3589	2023/05/20230306_92LaightSt-2999-scaled.jpg	2023/05/20230306_92LaightSt-2999.jpg	yes	1920	1280		3454		20230306_92LaightSt-2999	2023-05-30 21:01:00	https://www.streamlineusa.com/wp-content/uploads/2023/05/20230306_92LaightSt-2999-scaled.jpg
3590	2023/05/20230306_92LaightSt-3009-scaled.jpg	2023/05/20230306_92LaightSt-3009.jpg	yes	1920	1280		3454		20230306_92LaightSt-3009	2023-05-30 21:01:05	https://www.streamlineusa.com/wp-content/uploads/2023/05/20230306_92LaightSt-3009-scaled.jpg
3591	2023/05/20230306_92LaightSt-3014-scaled.jpg	2023/05/20230306_92LaightSt-3014.jpg	yes	1920	1241		3454		20230306_92LaightSt-3014	2023-05-30 21:01:09	https://www.streamlineusa.com/wp-content/uploads/2023/05/20230306_92LaightSt-3014-scaled.jpg
3592	2023/05/20230306_92LaightSt-3019-scaled.jpg	2023/05/20230306_92LaightSt-3019.jpg	yes	1920	1280		3454		20230306_92LaightSt-3019	2023-05-30 21:01:13	https://www.streamlineusa.com/wp-content/uploads/2023/05/20230306_92LaightSt-3019-scaled.jpg
3593	2023/05/20230306_92LaightSt-3024-scaled.jpg	2023/05/20230306_92LaightSt-3024.jpg	yes	1920	1280		3454		20230306_92LaightSt-3024	2023-05-30 21:01:17	https://www.streamlineusa.com/wp-content/uploads/2023/05/20230306_92LaightSt-3024-scaled.jpg
3594	2023/05/20230306_92LaightSt-3029-scaled.jpg	2023/05/20230306_92LaightSt-3029.jpg	yes	1920	1280		3454		20230306_92LaightSt-3029	2023-05-30 21:01:21	https://www.streamlineusa.com/wp-content/uploads/2023/05/20230306_92LaightSt-3029-scaled.jpg
3595	2023/05/20230306_92LaightSt-2944-scaled.jpg	2023/05/20230306_92LaightSt-2944.jpg	yes	1920	1280		3454		20230306_92LaightSt-2944	2023-05-30 21:01:25	https://www.streamlineusa.com/wp-content/uploads/2023/05/20230306_92LaightSt-2944-scaled.jpg
3596	2023/05/20230306_92LaightSt-2949-scaled.jpg	2023/05/20230306_92LaightSt-2949.jpg	yes	1920	1280		3454		20230306_92LaightSt-2949	2023-05-30 21:01:29	https://www.streamlineusa.com/wp-content/uploads/2023/05/20230306_92LaightSt-2949-scaled.jpg
3597	2023/05/20230306_92LaightSt-2954-scaled.jpg	2023/05/20230306_92LaightSt-2954.jpg	yes	1920	1280		3454		20230306_92LaightSt-2954	2023-05-30 21:01:34	https://www.streamlineusa.com/wp-content/uploads/2023/05/20230306_92LaightSt-2954-scaled.jpg
3598	2023/05/20230306_92LaightSt-3184-scaled.jpg	2023/05/20230306_92LaightSt-3184.jpg	yes	1920	1280		3454		20230306_92LaightSt-3184	2023-05-30 21:01:39	https://www.streamlineusa.com/wp-content/uploads/2023/05/20230306_92LaightSt-3184-scaled.jpg
3599	2023/05/20230306_92LaightSt-3189-scaled.jpg	2023/05/20230306_92LaightSt-3189.jpg	yes	1920	1280		3454		20230306_92LaightSt-3189	2023-05-30 21:01:43	https://www.streamlineusa.com/wp-content/uploads/2023/05/20230306_92LaightSt-3189-scaled.jpg
3600	2023/05/20230306_92LaightSt-3194-scaled.jpg	2023/05/20230306_92LaightSt-3194.jpg	yes	1920	1280		3454		20230306_92LaightSt-3194	2023-05-30 21:01:47	https://www.streamlineusa.com/wp-content/uploads/2023/05/20230306_92LaightSt-3194-scaled.jpg
3601	2023/05/20230306_92LaightSt-3199-scaled.jpg	2023/05/20230306_92LaightSt-3199.jpg	yes	1920	1280		3454		20230306_92LaightSt-3199	2023-05-30 21:01:51	https://www.streamlineusa.com/wp-content/uploads/2023/05/20230306_92LaightSt-3199-scaled.jpg
3605	2023/05/20230310_10ColumbusBadRoman-1419-scaled.jpg	2023/05/20230310_10ColumbusBadRoman-1419.jpg	yes	1920	1280		3451		20230310_10ColumbusBadRoman-1419	2023-05-30 21:08:16	https://www.streamlineusa.com/wp-content/uploads/2023/05/20230310_10ColumbusBadRoman-1419-scaled.jpg
3606	2023/05/20230310_10ColumbusBadRoman-1389-scaled.jpg	2023/05/20230310_10ColumbusBadRoman-1389.jpg	yes	1920	1280		3451		20230310_10ColumbusBadRoman-1389	2023-05-30 21:08:22	https://www.streamlineusa.com/wp-content/uploads/2023/05/20230310_10ColumbusBadRoman-1389-scaled.jpg
3607	2023/05/20230310_10ColumbusBadRoman-1394-scaled.jpg	2023/05/20230310_10ColumbusBadRoman-1394.jpg	yes	1920	1280		3451		20230310_10ColumbusBadRoman-1394	2023-05-30 21:08:29	https://www.streamlineusa.com/wp-content/uploads/2023/05/20230310_10ColumbusBadRoman-1394-scaled.jpg
3608	2023/05/20230310_10ColumbusBadRoman-1399-scaled.jpg	2023/05/20230310_10ColumbusBadRoman-1399.jpg	yes	1920	1280		3451		20230310_10ColumbusBadRoman-1399	2023-05-30 21:08:35	https://www.streamlineusa.com/wp-content/uploads/2023/05/20230310_10ColumbusBadRoman-1399-scaled.jpg
3609	2023/05/20230310_10ColumbusBadRoman-1404-scaled.jpg	2023/05/20230310_10ColumbusBadRoman-1404.jpg	yes	1920	1280		3451		20230310_10ColumbusBadRoman-1404	2023-05-30 21:08:42	https://www.streamlineusa.com/wp-content/uploads/2023/05/20230310_10ColumbusBadRoman-1404-scaled.jpg
3610	2023/05/20230310_10ColumbusBadRoman-1364-scaled.jpg	2023/05/20230310_10ColumbusBadRoman-1364.jpg	yes	1920	1280		3451		20230310_10ColumbusBadRoman-1364	2023-05-30 21:08:48	https://www.streamlineusa.com/wp-content/uploads/2023/05/20230310_10ColumbusBadRoman-1364-scaled.jpg
3611	2023/05/20230310_10ColumbusBadRoman-1369-scaled.jpg	2023/05/20230310_10ColumbusBadRoman-1369.jpg	yes	1920	1280		3451		20230310_10ColumbusBadRoman-1369	2023-05-30 21:08:53	https://www.streamlineusa.com/wp-content/uploads/2023/05/20230310_10ColumbusBadRoman-1369-scaled.jpg
3612	2023/05/20230310_10ColumbusBadRoman-1374-scaled.jpg	2023/05/20230310_10ColumbusBadRoman-1374.jpg	yes	1920	1280		3451		20230310_10ColumbusBadRoman-1374	2023-05-30 21:08:59	https://www.streamlineusa.com/wp-content/uploads/2023/05/20230310_10ColumbusBadRoman-1374-scaled.jpg
3613	2023/05/20230310_10ColumbusBadRoman-1379-scaled.jpg	2023/05/20230310_10ColumbusBadRoman-1379.jpg	yes	1920	1280		3451		20230310_10ColumbusBadRoman-1379	2023-05-30 21:09:05	https://www.streamlineusa.com/wp-content/uploads/2023/05/20230310_10ColumbusBadRoman-1379-scaled.jpg
3614	2023/05/20230310_10ColumbusBadRoman-1384-scaled.jpg	2023/05/20230310_10ColumbusBadRoman-1384.jpg	yes	1920	1280		3451		20230310_10ColumbusBadRoman-1384	2023-05-30 21:09:12	https://www.streamlineusa.com/wp-content/uploads/2023/05/20230310_10ColumbusBadRoman-1384-scaled.jpg
3615	2023/05/20230310_10ColumbusBadRoman-1339-scaled.jpg	2023/05/20230310_10ColumbusBadRoman-1339.jpg	yes	1920	1280		3451		20230310_10ColumbusBadRoman-1339	2023-05-30 21:09:18	https://www.streamlineusa.com/wp-content/uploads/2023/05/20230310_10ColumbusBadRoman-1339-scaled.jpg
3616	2023/05/20230310_10ColumbusBadRoman-1344-scaled.jpg	2023/05/20230310_10ColumbusBadRoman-1344.jpg	yes	1920	1280		3451		20230310_10ColumbusBadRoman-1344	2023-05-30 21:09:25	https://www.streamlineusa.com/wp-content/uploads/2023/05/20230310_10ColumbusBadRoman-1344-scaled.jpg
3617	2023/05/20230310_10ColumbusBadRoman-1349-scaled.jpg	2023/05/20230310_10ColumbusBadRoman-1349.jpg	yes	1920	1280		3451		20230310_10ColumbusBadRoman-1349	2023-05-30 21:09:32	https://www.streamlineusa.com/wp-content/uploads/2023/05/20230310_10ColumbusBadRoman-1349-scaled.jpg
3618	2023/05/20230310_10ColumbusBadRoman-1354-scaled.jpg	2023/05/20230310_10ColumbusBadRoman-1354.jpg	yes	1920	1280		3451		20230310_10ColumbusBadRoman-1354	2023-05-30 21:09:38	https://www.streamlineusa.com/wp-content/uploads/2023/05/20230310_10ColumbusBadRoman-1354-scaled.jpg
3619	2023/05/20230310_10ColumbusBadRoman-1359-scaled.jpg	2023/05/20230310_10ColumbusBadRoman-1359.jpg	yes	1920	1280		3451		20230310_10ColumbusBadRoman-1359	2023-05-30 21:09:44	https://www.streamlineusa.com/wp-content/uploads/2023/05/20230310_10ColumbusBadRoman-1359-scaled.jpg
3620	2023/05/20230310_10ColumbusBadRoman-1309-scaled.jpg	2023/05/20230310_10ColumbusBadRoman-1309.jpg	yes	1920	1280		3451		20230310_10ColumbusBadRoman-1309	2023-05-30 21:09:50	https://www.streamlineusa.com/wp-content/uploads/2023/05/20230310_10ColumbusBadRoman-1309-scaled.jpg
3621	2023/05/20230310_10ColumbusBadRoman-1314-scaled.jpg	2023/05/20230310_10ColumbusBadRoman-1314.jpg	yes	1920	1280		3451		20230310_10ColumbusBadRoman-1314	2023-05-30 21:09:56	https://www.streamlineusa.com/wp-content/uploads/2023/05/20230310_10ColumbusBadRoman-1314-scaled.jpg
3622	2023/05/20230310_10ColumbusBadRoman-1319-scaled.jpg	2023/05/20230310_10ColumbusBadRoman-1319.jpg	yes	1920	1280		3451		20230310_10ColumbusBadRoman-1319	2023-05-30 21:10:02	https://www.streamlineusa.com/wp-content/uploads/2023/05/20230310_10ColumbusBadRoman-1319-scaled.jpg
3623	2023/05/20230310_10ColumbusBadRoman-1329-scaled.jpg	2023/05/20230310_10ColumbusBadRoman-1329.jpg	yes	1920	1280		3451		20230310_10ColumbusBadRoman-1329	2023-05-30 21:10:08	https://www.streamlineusa.com/wp-content/uploads/2023/05/20230310_10ColumbusBadRoman-1329-scaled.jpg
3624	2023/05/20230310_10ColumbusBadRoman-1289-scaled.jpg	2023/05/20230310_10ColumbusBadRoman-1289.jpg	yes	1920	1280		3451		20230310_10ColumbusBadRoman-1289	2023-05-30 21:10:15	https://www.streamlineusa.com/wp-content/uploads/2023/05/20230310_10ColumbusBadRoman-1289-scaled.jpg
3625	2023/05/20230310_10ColumbusBadRoman-1294-scaled.jpg	2023/05/20230310_10ColumbusBadRoman-1294.jpg	yes	1920	1285		3451		20230310_10ColumbusBadRoman-1294	2023-05-30 21:10:20	https://www.streamlineusa.com/wp-content/uploads/2023/05/20230310_10ColumbusBadRoman-1294-scaled.jpg
3626	2023/05/20230310_10ColumbusBadRoman-1299-scaled.jpg	2023/05/20230310_10ColumbusBadRoman-1299.jpg	yes	1920	1280		3451		20230310_10ColumbusBadRoman-1299	2023-05-30 21:10:26	https://www.streamlineusa.com/wp-content/uploads/2023/05/20230310_10ColumbusBadRoman-1299-scaled.jpg
3627	2023/05/20230310_10ColumbusBadRoman-1304-scaled.jpg	2023/05/20230310_10ColumbusBadRoman-1304.jpg	yes	1920	1280		3451		20230310_10ColumbusBadRoman-1304	2023-05-30 21:10:32	https://www.streamlineusa.com/wp-content/uploads/2023/05/20230310_10ColumbusBadRoman-1304-scaled.jpg
3628	2023/05/20230310_10ColumbusBadRoman-1269-scaled.jpg	2023/05/20230310_10ColumbusBadRoman-1269.jpg	yes	1920	1280		3451		20230310_10ColumbusBadRoman-1269	2023-05-30 21:10:39	https://www.streamlineusa.com/wp-content/uploads/2023/05/20230310_10ColumbusBadRoman-1269-scaled.jpg
3629	2023/05/20230310_10ColumbusBadRoman-1274-scaled.jpg	2023/05/20230310_10ColumbusBadRoman-1274.jpg	yes	1920	1280		3451		20230310_10ColumbusBadRoman-1274	2023-05-30 21:10:45	https://www.streamlineusa.com/wp-content/uploads/2023/05/20230310_10ColumbusBadRoman-1274-scaled.jpg
3630	2023/05/20230310_10ColumbusBadRoman-1279-scaled.jpg	2023/05/20230310_10ColumbusBadRoman-1279.jpg	yes	1920	1280		3451		20230310_10ColumbusBadRoman-1279	2023-05-30 21:10:52	https://www.streamlineusa.com/wp-content/uploads/2023/05/20230310_10ColumbusBadRoman-1279-scaled.jpg
3631	2023/05/20230310_10ColumbusBadRoman-1284-scaled.jpg	2023/05/20230310_10ColumbusBadRoman-1284.jpg	yes	1920	1280		3451		20230310_10ColumbusBadRoman-1284	2023-05-30 21:10:58	https://www.streamlineusa.com/wp-content/uploads/2023/05/20230310_10ColumbusBadRoman-1284-scaled.jpg
3632	2023/05/20230310_10ColumbusBadRoman-1244-scaled.jpg	2023/05/20230310_10ColumbusBadRoman-1244.jpg	yes	1920	1280		3451		20230310_10ColumbusBadRoman-1244	2023-05-30 21:11:04	https://www.streamlineusa.com/wp-content/uploads/2023/05/20230310_10ColumbusBadRoman-1244-scaled.jpg
3633	2023/05/20230310_10ColumbusBadRoman-1249-scaled.jpg	2023/05/20230310_10ColumbusBadRoman-1249.jpg	yes	1920	1280		3451		20230310_10ColumbusBadRoman-1249	2023-05-30 21:11:11	https://www.streamlineusa.com/wp-content/uploads/2023/05/20230310_10ColumbusBadRoman-1249-scaled.jpg
3634	2023/05/20230310_10ColumbusBadRoman-1254-scaled.jpg	2023/05/20230310_10ColumbusBadRoman-1254.jpg	yes	1920	1280		3451		20230310_10ColumbusBadRoman-1254	2023-05-30 21:11:17	https://www.streamlineusa.com/wp-content/uploads/2023/05/20230310_10ColumbusBadRoman-1254-scaled.jpg
3635	2023/05/20230310_10ColumbusBadRoman-1259-scaled.jpg	2023/05/20230310_10ColumbusBadRoman-1259.jpg	yes	1920	1280		3451		20230310_10ColumbusBadRoman-1259	2023-05-30 21:11:23	https://www.streamlineusa.com/wp-content/uploads/2023/05/20230310_10ColumbusBadRoman-1259-scaled.jpg
3636	2023/05/20230310_10ColumbusBadRoman-1264-scaled.jpg	2023/05/20230310_10ColumbusBadRoman-1264.jpg	yes	1920	1280		3451		20230310_10ColumbusBadRoman-1264	2023-05-30 21:11:30	https://www.streamlineusa.com/wp-content/uploads/2023/05/20230310_10ColumbusBadRoman-1264-scaled.jpg
3637	2023/05/20230310_10ColumbusBadRoman-1219-scaled.jpg	2023/05/20230310_10ColumbusBadRoman-1219.jpg	yes	1920	1280		3451		20230310_10ColumbusBadRoman-1219	2023-05-30 21:11:36	https://www.streamlineusa.com/wp-content/uploads/2023/05/20230310_10ColumbusBadRoman-1219-scaled.jpg
3638	2023/05/20230310_10ColumbusBadRoman-1224-scaled.jpg	2023/05/20230310_10ColumbusBadRoman-1224.jpg	yes	1920	1280		3451		20230310_10ColumbusBadRoman-1224	2023-05-30 21:11:42	https://www.streamlineusa.com/wp-content/uploads/2023/05/20230310_10ColumbusBadRoman-1224-scaled.jpg
3639	2023/05/20230310_10ColumbusBadRoman-1229-scaled.jpg	2023/05/20230310_10ColumbusBadRoman-1229.jpg	yes	1920	1280		3451		20230310_10ColumbusBadRoman-1229	2023-05-30 21:11:48	https://www.streamlineusa.com/wp-content/uploads/2023/05/20230310_10ColumbusBadRoman-1229-scaled.jpg
3640	2023/05/20230310_10ColumbusBadRoman-1234-scaled.jpg	2023/05/20230310_10ColumbusBadRoman-1234.jpg	yes	1920	1280		3451		20230310_10ColumbusBadRoman-1234	2023-05-30 21:11:54	https://www.streamlineusa.com/wp-content/uploads/2023/05/20230310_10ColumbusBadRoman-1234-scaled.jpg
3641	2023/05/20230310_10ColumbusBadRoman-1239-scaled.jpg	2023/05/20230310_10ColumbusBadRoman-1239.jpg	yes	1920	1280		3451		20230310_10ColumbusBadRoman-1239	2023-05-30 21:12:00	https://www.streamlineusa.com/wp-content/uploads/2023/05/20230310_10ColumbusBadRoman-1239-scaled.jpg
3642	2023/05/20230310_10ColumbusBadRoman-1194-scaled.jpg	2023/05/20230310_10ColumbusBadRoman-1194.jpg	yes	1920	1280		3451		20230310_10ColumbusBadRoman-1194	2023-05-30 21:12:06	https://www.streamlineusa.com/wp-content/uploads/2023/05/20230310_10ColumbusBadRoman-1194-scaled.jpg
3643	2023/05/20230310_10ColumbusBadRoman-1199-scaled.jpg	2023/05/20230310_10ColumbusBadRoman-1199.jpg	yes	1920	1280		3451		20230310_10ColumbusBadRoman-1199	2023-05-30 21:12:13	https://www.streamlineusa.com/wp-content/uploads/2023/05/20230310_10ColumbusBadRoman-1199-scaled.jpg
3644	2023/05/20230310_10ColumbusBadRoman-1204-scaled.jpg	2023/05/20230310_10ColumbusBadRoman-1204.jpg	yes	1920	1280		3451		20230310_10ColumbusBadRoman-1204	2023-05-30 21:12:18	https://www.streamlineusa.com/wp-content/uploads/2023/05/20230310_10ColumbusBadRoman-1204-scaled.jpg
3645	2023/05/20230310_10ColumbusBadRoman-1209-scaled.jpg	2023/05/20230310_10ColumbusBadRoman-1209.jpg	yes	1920	1280		3451		20230310_10ColumbusBadRoman-1209	2023-05-30 21:12:22	https://www.streamlineusa.com/wp-content/uploads/2023/05/20230310_10ColumbusBadRoman-1209-scaled.jpg
3646	2023/05/20230310_10ColumbusBadRoman-1214-scaled.jpg	2023/05/20230310_10ColumbusBadRoman-1214.jpg	yes	1920	1280		3451		20230310_10ColumbusBadRoman-1214	2023-05-30 21:12:28	https://www.streamlineusa.com/wp-content/uploads/2023/05/20230310_10ColumbusBadRoman-1214-scaled.jpg
3647	2023/05/20230310_10ColumbusBadRoman-1174-scaled.jpg	2023/05/20230310_10ColumbusBadRoman-1174.jpg	yes	1920	1280		3451		20230310_10ColumbusBadRoman-1174	2023-05-30 21:12:34	https://www.streamlineusa.com/wp-content/uploads/2023/05/20230310_10ColumbusBadRoman-1174-scaled.jpg
3648	2023/05/20230310_10ColumbusBadRoman-1179-scaled.jpg	2023/05/20230310_10ColumbusBadRoman-1179.jpg	yes	1920	1280		3451		20230310_10ColumbusBadRoman-1179	2023-05-30 21:12:41	https://www.streamlineusa.com/wp-content/uploads/2023/05/20230310_10ColumbusBadRoman-1179-scaled.jpg
3649	2023/05/20230310_10ColumbusBadRoman-1184-scaled.jpg	2023/05/20230310_10ColumbusBadRoman-1184.jpg	yes	1920	1280		3451		20230310_10ColumbusBadRoman-1184	2023-05-30 21:12:48	https://www.streamlineusa.com/wp-content/uploads/2023/05/20230310_10ColumbusBadRoman-1184-scaled.jpg
3650	2023/05/20230310_10ColumbusBadRoman-1189-scaled.jpg	2023/05/20230310_10ColumbusBadRoman-1189.jpg	yes	1920	1280		3451		20230310_10ColumbusBadRoman-1189	2023-05-30 21:12:54	https://www.streamlineusa.com/wp-content/uploads/2023/05/20230310_10ColumbusBadRoman-1189-scaled.jpg
3651	2023/05/20230310_10ColumbusBadRoman-1324-scaled.jpg	2023/05/20230310_10ColumbusBadRoman-1324.jpg	yes	1920	1280		3451		20230310_10ColumbusBadRoman-1324	2023-05-30 21:13:00	https://www.streamlineusa.com/wp-content/uploads/2023/05/20230310_10ColumbusBadRoman-1324-scaled.jpg
3652	2023/05/20230310_10ColumbusBadRoman-1144-scaled.jpg	2023/05/20230310_10ColumbusBadRoman-1144.jpg	yes	1920	1280		3451		20230310_10ColumbusBadRoman-1144	2023-05-30 21:13:07	https://www.streamlineusa.com/wp-content/uploads/2023/05/20230310_10ColumbusBadRoman-1144-scaled.jpg
3653	2023/05/20230310_10ColumbusBadRoman-1149-scaled.jpg	2023/05/20230310_10ColumbusBadRoman-1149.jpg	yes	1920	1280		3451		20230310_10ColumbusBadRoman-1149	2023-05-30 21:13:14	https://www.streamlineusa.com/wp-content/uploads/2023/05/20230310_10ColumbusBadRoman-1149-scaled.jpg
3654	2023/05/20230310_10ColumbusBadRoman-1154-scaled.jpg	2023/05/20230310_10ColumbusBadRoman-1154.jpg	yes	1920	1280		3451		20230310_10ColumbusBadRoman-1154	2023-05-30 21:13:20	https://www.streamlineusa.com/wp-content/uploads/2023/05/20230310_10ColumbusBadRoman-1154-scaled.jpg
3655	2023/05/20230310_10ColumbusBadRoman-1159-scaled.jpg	2023/05/20230310_10ColumbusBadRoman-1159.jpg	yes	1920	1280		3451		20230310_10ColumbusBadRoman-1159	2023-05-30 21:13:27	https://www.streamlineusa.com/wp-content/uploads/2023/05/20230310_10ColumbusBadRoman-1159-scaled.jpg
3656	2023/05/20230310_10ColumbusBadRoman-1164-scaled.jpg	2023/05/20230310_10ColumbusBadRoman-1164.jpg	yes	1920	1280		3451		20230310_10ColumbusBadRoman-1164	2023-05-30 21:13:34	https://www.streamlineusa.com/wp-content/uploads/2023/05/20230310_10ColumbusBadRoman-1164-scaled.jpg
3657	2023/05/20230310_10ColumbusBadRoman-1169-scaled.jpg	2023/05/20230310_10ColumbusBadRoman-1169.jpg	yes	1920	1280		3451		20230310_10ColumbusBadRoman-1169	2023-05-30 21:13:40	https://www.streamlineusa.com/wp-content/uploads/2023/05/20230310_10ColumbusBadRoman-1169-scaled.jpg
3658	2023/05/20230310_10ColumbusBadRoman-1119-scaled.jpg	2023/05/20230310_10ColumbusBadRoman-1119.jpg	yes	1920	1280		3451		20230310_10ColumbusBadRoman-1119	2023-05-30 21:13:46	https://www.streamlineusa.com/wp-content/uploads/2023/05/20230310_10ColumbusBadRoman-1119-scaled.jpg
3659	2023/05/20230310_10ColumbusBadRoman-1124-scaled.jpg	2023/05/20230310_10ColumbusBadRoman-1124.jpg	yes	1920	1280		3451		20230310_10ColumbusBadRoman-1124	2023-05-30 21:13:53	https://www.streamlineusa.com/wp-content/uploads/2023/05/20230310_10ColumbusBadRoman-1124-scaled.jpg
3660	2023/05/20230310_10ColumbusBadRoman-1129-scaled.jpg	2023/05/20230310_10ColumbusBadRoman-1129.jpg	yes	1920	1280		3451		20230310_10ColumbusBadRoman-1129	2023-05-30 21:14:00	https://www.streamlineusa.com/wp-content/uploads/2023/05/20230310_10ColumbusBadRoman-1129-scaled.jpg
3661	2023/05/20230310_10ColumbusBadRoman-1134-scaled.jpg	2023/05/20230310_10ColumbusBadRoman-1134.jpg	yes	1920	1280		3451		20230310_10ColumbusBadRoman-1134	2023-05-30 21:14:07	https://www.streamlineusa.com/wp-content/uploads/2023/05/20230310_10ColumbusBadRoman-1134-scaled.jpg
3662	2023/05/20230310_10ColumbusBadRoman-1139-scaled.jpg	2023/05/20230310_10ColumbusBadRoman-1139.jpg	yes	1920	1280		3451		20230310_10ColumbusBadRoman-1139	2023-05-30 21:14:13	https://www.streamlineusa.com/wp-content/uploads/2023/05/20230310_10ColumbusBadRoman-1139-scaled.jpg
3663	2023/05/20230310_10ColumbusBadRoman-1084-scaled.jpg	2023/05/20230310_10ColumbusBadRoman-1084.jpg	yes	1920	1280		3451		20230310_10ColumbusBadRoman-1084	2023-05-30 21:14:20	https://www.streamlineusa.com/wp-content/uploads/2023/05/20230310_10ColumbusBadRoman-1084-scaled.jpg
3664	2023/05/20230310_10ColumbusBadRoman-1099-scaled.jpg	2023/05/20230310_10ColumbusBadRoman-1099.jpg	yes	1920	1280		3451		20230310_10ColumbusBadRoman-1099	2023-05-30 21:14:26	https://www.streamlineusa.com/wp-content/uploads/2023/05/20230310_10ColumbusBadRoman-1099-scaled.jpg
3665	2023/05/20230310_10ColumbusBadRoman-1104-scaled.jpg	2023/05/20230310_10ColumbusBadRoman-1104.jpg	yes	1920	1280		3451		20230310_10ColumbusBadRoman-1104	2023-05-30 21:14:32	https://www.streamlineusa.com/wp-content/uploads/2023/05/20230310_10ColumbusBadRoman-1104-scaled.jpg
3666	2023/05/20230310_10ColumbusBadRoman-1109-scaled.jpg	2023/05/20230310_10ColumbusBadRoman-1109.jpg	yes	1920	1280		3451		20230310_10ColumbusBadRoman-1109	2023-05-30 21:14:38	https://www.streamlineusa.com/wp-content/uploads/2023/05/20230310_10ColumbusBadRoman-1109-scaled.jpg
3667	2023/05/20230310_10ColumbusBadRoman-1114-scaled.jpg	2023/05/20230310_10ColumbusBadRoman-1114.jpg	yes	1920	1280		3451		20230310_10ColumbusBadRoman-1114	2023-05-30 21:14:44	https://www.streamlineusa.com/wp-content/uploads/2023/05/20230310_10ColumbusBadRoman-1114-scaled.jpg
3668	2023/05/20230310_10ColumbusBadRoman-1089-scaled.jpg	2023/05/20230310_10ColumbusBadRoman-1089.jpg	yes	1920	1280		3451		20230310_10ColumbusBadRoman-1089	2023-05-30 21:14:50	https://www.streamlineusa.com/wp-content/uploads/2023/05/20230310_10ColumbusBadRoman-1089-scaled.jpg
3669	2023/05/20230310_10ColumbusBadRoman-1094-scaled.jpg	2023/05/20230310_10ColumbusBadRoman-1094.jpg	yes	1920	1280		3451		20230310_10ColumbusBadRoman-1094	2023-05-30 21:14:56	https://www.streamlineusa.com/wp-content/uploads/2023/05/20230310_10ColumbusBadRoman-1094-scaled.jpg
3670	2023/05/20230310_10ColumbusBadRoman-1409-scaled.jpg	2023/05/20230310_10ColumbusBadRoman-1409.jpg	yes	1920	1280		3451		20230310_10ColumbusBadRoman-1409	2023-05-30 21:15:01	https://www.streamlineusa.com/wp-content/uploads/2023/05/20230310_10ColumbusBadRoman-1409-scaled.jpg
3671	2023/05/20230310_10ColumbusBadRoman-1414-scaled.jpg	2023/05/20230310_10ColumbusBadRoman-1414.jpg	yes	1920	1280		3451		20230310_10ColumbusBadRoman-1414	2023-05-30 21:15:07	https://www.streamlineusa.com/wp-content/uploads/2023/05/20230310_10ColumbusBadRoman-1414-scaled.jpg
3677	2023/05/20230320_406BroomeKetchyShuby-0802-scaled.jpg	2023/05/20230320_406BroomeKetchyShuby-0802.jpg	yes	1920	1280		3467		20230320_406BroomeKetchyShuby-0802	2023-05-30 21:22:45	https://www.streamlineusa.com/wp-content/uploads/2023/05/20230320_406BroomeKetchyShuby-0802-scaled.jpg
3678	2023/05/20230320_406BroomeKetchyShuby-0803-scaled.jpg	2023/05/20230320_406BroomeKetchyShuby-0803.jpg	yes	1920	1280		3467		20230320_406BroomeKetchyShuby-0803	2023-05-30 21:22:50	https://www.streamlineusa.com/wp-content/uploads/2023/05/20230320_406BroomeKetchyShuby-0803-scaled.jpg
3679	2023/05/20230320_406BroomeKetchyShuby-0807-scaled.jpg	2023/05/20230320_406BroomeKetchyShuby-0807.jpg	yes	1280	1920		3467		20230320_406BroomeKetchyShuby-0807	2023-05-30 21:22:56	https://www.streamlineusa.com/wp-content/uploads/2023/05/20230320_406BroomeKetchyShuby-0807-scaled.jpg
3680	2023/05/20230320_406BroomeKetchyShuby-0808-scaled.jpg	2023/05/20230320_406BroomeKetchyShuby-0808.jpg	yes	1920	1280		3467		20230320_406BroomeKetchyShuby-0808	2023-05-30 21:23:01	https://www.streamlineusa.com/wp-content/uploads/2023/05/20230320_406BroomeKetchyShuby-0808-scaled.jpg
3681	2023/05/20230320_406BroomeKetchyShuby-0812-scaled.jpg	2023/05/20230320_406BroomeKetchyShuby-0812.jpg	yes	1920	1280		3467		20230320_406BroomeKetchyShuby-0812	2023-05-30 21:23:06	https://www.streamlineusa.com/wp-content/uploads/2023/05/20230320_406BroomeKetchyShuby-0812-scaled.jpg
3682	2023/05/20230320_406BroomeKetchyShuby-0742-scaled.jpg	2023/05/20230320_406BroomeKetchyShuby-0742.jpg	yes	1920	1280		3467		20230320_406BroomeKetchyShuby-0742	2023-05-30 21:23:12	https://www.streamlineusa.com/wp-content/uploads/2023/05/20230320_406BroomeKetchyShuby-0742-scaled.jpg
3683	2023/05/20230320_406BroomeKetchyShuby-0752-scaled.jpg	2023/05/20230320_406BroomeKetchyShuby-0752.jpg	yes	1920	1280		3467		20230320_406BroomeKetchyShuby-0752	2023-05-30 21:23:18	https://www.streamlineusa.com/wp-content/uploads/2023/05/20230320_406BroomeKetchyShuby-0752-scaled.jpg
3684	2023/05/20230320_406BroomeKetchyShuby-0757-scaled.jpg	2023/05/20230320_406BroomeKetchyShuby-0757.jpg	yes	1920	1280		3467		20230320_406BroomeKetchyShuby-0757	2023-05-30 21:23:24	https://www.streamlineusa.com/wp-content/uploads/2023/05/20230320_406BroomeKetchyShuby-0757-scaled.jpg
3685	2023/05/20230320_406BroomeKetchyShuby-0762-scaled.jpg	2023/05/20230320_406BroomeKetchyShuby-0762.jpg	yes	1920	1280		3467		20230320_406BroomeKetchyShuby-0762	2023-05-30 21:23:29	https://www.streamlineusa.com/wp-content/uploads/2023/05/20230320_406BroomeKetchyShuby-0762-scaled.jpg
3686	2023/05/20230320_406BroomeKetchyShuby-0767-scaled.jpg	2023/05/20230320_406BroomeKetchyShuby-0767.jpg	yes	1920	1280		3467		20230320_406BroomeKetchyShuby-0767	2023-05-30 21:23:35	https://www.streamlineusa.com/wp-content/uploads/2023/05/20230320_406BroomeKetchyShuby-0767-scaled.jpg
3687	2023/05/20230320_406BroomeKetchyShuby-0772-scaled.jpg	2023/05/20230320_406BroomeKetchyShuby-0772.jpg	yes	1920	1280		3467		20230320_406BroomeKetchyShuby-0772	2023-05-30 21:23:41	https://www.streamlineusa.com/wp-content/uploads/2023/05/20230320_406BroomeKetchyShuby-0772-scaled.jpg
3688	2023/05/20230320_406BroomeKetchyShuby-0777-scaled.jpg	2023/05/20230320_406BroomeKetchyShuby-0777.jpg	yes	1282	1920		3467		20230320_406BroomeKetchyShuby-0777	2023-05-30 21:23:45	https://www.streamlineusa.com/wp-content/uploads/2023/05/20230320_406BroomeKetchyShuby-0777-scaled.jpg
3689	2023/05/20230320_406BroomeKetchyShuby-0782-scaled.jpg	2023/05/20230320_406BroomeKetchyShuby-0782.jpg	yes	1920	1280		3467		20230320_406BroomeKetchyShuby-0782	2023-05-30 21:23:51	https://www.streamlineusa.com/wp-content/uploads/2023/05/20230320_406BroomeKetchyShuby-0782-scaled.jpg
3690	2023/05/20230320_406BroomeKetchyShuby-0787-scaled.jpg	2023/05/20230320_406BroomeKetchyShuby-0787.jpg	yes	1920	1280		3467		20230320_406BroomeKetchyShuby-0787	2023-05-30 21:23:57	https://www.streamlineusa.com/wp-content/uploads/2023/05/20230320_406BroomeKetchyShuby-0787-scaled.jpg
3691	2023/05/20230320_406BroomeKetchyShuby-0702-scaled.jpg	2023/05/20230320_406BroomeKetchyShuby-0702.jpg	yes	1920	1280		3467		20230320_406BroomeKetchyShuby-0702	2023-05-30 21:24:02	https://www.streamlineusa.com/wp-content/uploads/2023/05/20230320_406BroomeKetchyShuby-0702-scaled.jpg
3692	2023/05/20230320_406BroomeKetchyShuby-0707-scaled.jpg	2023/05/20230320_406BroomeKetchyShuby-0707.jpg	yes	1920	1280		3467		20230320_406BroomeKetchyShuby-0707	2023-05-30 21:24:08	https://www.streamlineusa.com/wp-content/uploads/2023/05/20230320_406BroomeKetchyShuby-0707-scaled.jpg
3693	2023/05/20230320_406BroomeKetchyShuby-0712-scaled.jpg	2023/05/20230320_406BroomeKetchyShuby-0712.jpg	yes	1920	1280		3467		20230320_406BroomeKetchyShuby-0712	2023-05-30 21:24:14	https://www.streamlineusa.com/wp-content/uploads/2023/05/20230320_406BroomeKetchyShuby-0712-scaled.jpg
3694	2023/05/20230320_406BroomeKetchyShuby-0717-scaled.jpg	2023/05/20230320_406BroomeKetchyShuby-0717.jpg	yes	1920	1280		3467		20230320_406BroomeKetchyShuby-0717	2023-05-30 21:24:20	https://www.streamlineusa.com/wp-content/uploads/2023/05/20230320_406BroomeKetchyShuby-0717-scaled.jpg
3695	2023/05/20230320_406BroomeKetchyShuby-0722-scaled.jpg	2023/05/20230320_406BroomeKetchyShuby-0722.jpg	yes	1920	1280		3467		20230320_406BroomeKetchyShuby-0722	2023-05-30 21:24:26	https://www.streamlineusa.com/wp-content/uploads/2023/05/20230320_406BroomeKetchyShuby-0722-scaled.jpg
3696	2023/05/20230320_406BroomeKetchyShuby-0727-scaled.jpg	2023/05/20230320_406BroomeKetchyShuby-0727.jpg	yes	1920	1280		3467		20230320_406BroomeKetchyShuby-0727	2023-05-30 21:24:32	https://www.streamlineusa.com/wp-content/uploads/2023/05/20230320_406BroomeKetchyShuby-0727-scaled.jpg
3697	2023/05/20230320_406BroomeKetchyShuby-0732-scaled.jpg	2023/05/20230320_406BroomeKetchyShuby-0732.jpg	yes	1920	1280		3467		20230320_406BroomeKetchyShuby-0732	2023-05-30 21:24:38	https://www.streamlineusa.com/wp-content/uploads/2023/05/20230320_406BroomeKetchyShuby-0732-scaled.jpg
3698	2023/05/20230320_406BroomeKetchyShuby-0737-scaled.jpg	2023/05/20230320_406BroomeKetchyShuby-0737.jpg	yes	1920	1278		3467		20230320_406BroomeKetchyShuby-0737	2023-05-30 21:24:43	https://www.streamlineusa.com/wp-content/uploads/2023/05/20230320_406BroomeKetchyShuby-0737-scaled.jpg
3699	2023/05/20230320_406BroomeKetchyShuby-0662-scaled.jpg	2023/05/20230320_406BroomeKetchyShuby-0662.jpg	yes	1920	1280		3467		20230320_406BroomeKetchyShuby-0662	2023-05-30 21:24:50	https://www.streamlineusa.com/wp-content/uploads/2023/05/20230320_406BroomeKetchyShuby-0662-scaled.jpg
3700	2023/05/20230320_406BroomeKetchyShuby-0667-scaled.jpg	2023/05/20230320_406BroomeKetchyShuby-0667.jpg	yes	1920	1280		3467		20230320_406BroomeKetchyShuby-0667	2023-05-30 21:24:56	https://www.streamlineusa.com/wp-content/uploads/2023/05/20230320_406BroomeKetchyShuby-0667-scaled.jpg
3701	2023/05/20230320_406BroomeKetchyShuby-0672-scaled.jpg	2023/05/20230320_406BroomeKetchyShuby-0672.jpg	yes	1920	1280		3467		20230320_406BroomeKetchyShuby-0672	2023-05-30 21:25:02	https://www.streamlineusa.com/wp-content/uploads/2023/05/20230320_406BroomeKetchyShuby-0672-scaled.jpg
3702	2023/05/20230320_406BroomeKetchyShuby-0677-scaled.jpg	2023/05/20230320_406BroomeKetchyShuby-0677.jpg	yes	1920	1280		3467		20230320_406BroomeKetchyShuby-0677	2023-05-30 21:25:09	https://www.streamlineusa.com/wp-content/uploads/2023/05/20230320_406BroomeKetchyShuby-0677-scaled.jpg
3703	2023/05/20230320_406BroomeKetchyShuby-0682-scaled.jpg	2023/05/20230320_406BroomeKetchyShuby-0682.jpg	yes	1920	1280		3467		20230320_406BroomeKetchyShuby-0682	2023-05-30 21:25:14	https://www.streamlineusa.com/wp-content/uploads/2023/05/20230320_406BroomeKetchyShuby-0682-scaled.jpg
3704	2023/05/20230320_406BroomeKetchyShuby-0687-scaled.jpg	2023/05/20230320_406BroomeKetchyShuby-0687.jpg	yes	1920	1280		3467		20230320_406BroomeKetchyShuby-0687	2023-05-30 21:25:19	https://www.streamlineusa.com/wp-content/uploads/2023/05/20230320_406BroomeKetchyShuby-0687-scaled.jpg
3705	2023/05/20230320_406BroomeKetchyShuby-0692-scaled.jpg	2023/05/20230320_406BroomeKetchyShuby-0692.jpg	yes	1920	1280		3467		20230320_406BroomeKetchyShuby-0692	2023-05-30 21:25:24	https://www.streamlineusa.com/wp-content/uploads/2023/05/20230320_406BroomeKetchyShuby-0692-scaled.jpg
3706	2023/05/20230320_406BroomeKetchyShuby-0697-scaled.jpg	2023/05/20230320_406BroomeKetchyShuby-0697.jpg	yes	1920	1280		3467		20230320_406BroomeKetchyShuby-0697	2023-05-30 21:25:30	https://www.streamlineusa.com/wp-content/uploads/2023/05/20230320_406BroomeKetchyShuby-0697-scaled.jpg
3707	2023/05/20230320_406BroomeKetchyShuby-0627-scaled.jpg	2023/05/20230320_406BroomeKetchyShuby-0627.jpg	yes	1920	1280		3467		20230320_406BroomeKetchyShuby-0627	2023-05-30 21:25:36	https://www.streamlineusa.com/wp-content/uploads/2023/05/20230320_406BroomeKetchyShuby-0627-scaled.jpg
3708	2023/05/20230320_406BroomeKetchyShuby-0632-scaled.jpg	2023/05/20230320_406BroomeKetchyShuby-0632.jpg	yes	1920	1280		3467		20230320_406BroomeKetchyShuby-0632	2023-05-30 21:25:42	https://www.streamlineusa.com/wp-content/uploads/2023/05/20230320_406BroomeKetchyShuby-0632-scaled.jpg
3709	2023/05/20230320_406BroomeKetchyShuby-0637-scaled.jpg	2023/05/20230320_406BroomeKetchyShuby-0637.jpg	yes	1920	1280		3467		20230320_406BroomeKetchyShuby-0637	2023-05-30 21:25:48	https://www.streamlineusa.com/wp-content/uploads/2023/05/20230320_406BroomeKetchyShuby-0637-scaled.jpg
3710	2023/05/20230320_406BroomeKetchyShuby-0642-scaled.jpg	2023/05/20230320_406BroomeKetchyShuby-0642.jpg	yes	1920	1280		3467		20230320_406BroomeKetchyShuby-0642	2023-05-30 21:25:54	https://www.streamlineusa.com/wp-content/uploads/2023/05/20230320_406BroomeKetchyShuby-0642-scaled.jpg
3711	2023/05/20230320_406BroomeKetchyShuby-0647-scaled.jpg	2023/05/20230320_406BroomeKetchyShuby-0647.jpg	yes	1920	1280		3467		20230320_406BroomeKetchyShuby-0647	2023-05-30 21:26:00	https://www.streamlineusa.com/wp-content/uploads/2023/05/20230320_406BroomeKetchyShuby-0647-scaled.jpg
3712	2023/05/20230320_406BroomeKetchyShuby-0652-scaled.jpg	2023/05/20230320_406BroomeKetchyShuby-0652.jpg	yes	1920	1280		3467		20230320_406BroomeKetchyShuby-0652	2023-05-30 21:26:06	https://www.streamlineusa.com/wp-content/uploads/2023/05/20230320_406BroomeKetchyShuby-0652-scaled.jpg
3713	2023/05/20230320_406BroomeKetchyShuby-0657-scaled.jpg	2023/05/20230320_406BroomeKetchyShuby-0657.jpg	yes	1920	1280		3467		20230320_406BroomeKetchyShuby-0657	2023-05-30 21:26:12	https://www.streamlineusa.com/wp-content/uploads/2023/05/20230320_406BroomeKetchyShuby-0657-scaled.jpg
3714	2023/05/20230320_406BroomeKetchyShuby-0792-scaled.jpg	2023/05/20230320_406BroomeKetchyShuby-0792.jpg	yes	1536	1920		3467		20230320_406BroomeKetchyShuby-0792	2023-05-30 21:26:19	https://www.streamlineusa.com/wp-content/uploads/2023/05/20230320_406BroomeKetchyShuby-0792-scaled.jpg
3715	2023/05/20230320_406BroomeKetchyShuby-0795-scaled.jpg	2023/05/20230320_406BroomeKetchyShuby-0795.jpg	yes	1920	1280		3467		20230320_406BroomeKetchyShuby-0795	2023-05-30 21:26:24	https://www.streamlineusa.com/wp-content/uploads/2023/05/20230320_406BroomeKetchyShuby-0795-scaled.jpg
3716	2023/05/20230320_406BroomeKetchyShuby-0798-scaled.jpg	2023/05/20230320_406BroomeKetchyShuby-0798.jpg	yes	1280	1920		3467		20230320_406BroomeKetchyShuby-0798	2023-05-30 21:26:30	https://www.streamlineusa.com/wp-content/uploads/2023/05/20230320_406BroomeKetchyShuby-0798-scaled.jpg
3717	2023/05/20230320_406BroomeKetchyShuby-0800-scaled.jpg	2023/05/20230320_406BroomeKetchyShuby-0800.jpg	yes	1920	1280		3467		20230320_406BroomeKetchyShuby-0800	2023-05-30 21:26:35	https://www.streamlineusa.com/wp-content/uploads/2023/05/20230320_406BroomeKetchyShuby-0800-scaled.jpg
3724	2023/05/20230306_700ParkAve-3404-scaled.jpg	2023/05/20230306_700ParkAve-3404.jpg	yes	1280	1920		3432		20230306_700ParkAve-3404	2023-05-30 21:35:11	https://www.streamlineusa.com/wp-content/uploads/2023/05/20230306_700ParkAve-3404-scaled.jpg
3725	2023/05/20230306_700ParkAve-3409-scaled.jpg	2023/05/20230306_700ParkAve-3409.jpg	yes	1280	1920		3432		20230306_700ParkAve-3409	2023-05-30 21:35:16	https://www.streamlineusa.com/wp-content/uploads/2023/05/20230306_700ParkAve-3409-scaled.jpg
3726	2023/05/20230306_700ParkAve-3414-scaled.jpg	2023/05/20230306_700ParkAve-3414.jpg	yes	1920	1280		3432		20230306_700ParkAve-3414	2023-05-30 21:35:21	https://www.streamlineusa.com/wp-content/uploads/2023/05/20230306_700ParkAve-3414-scaled.jpg
3727	2023/05/20230306_700ParkAve-3419-scaled.jpg	2023/05/20230306_700ParkAve-3419.jpg	yes	1920	1280		3432		20230306_700ParkAve-3419	2023-05-30 21:35:25	https://www.streamlineusa.com/wp-content/uploads/2023/05/20230306_700ParkAve-3419-scaled.jpg
3728	2023/05/20230306_700ParkAve-3424-scaled.jpg	2023/05/20230306_700ParkAve-3424.jpg	yes	1920	1280		3432		20230306_700ParkAve-3424	2023-05-30 21:35:29	https://www.streamlineusa.com/wp-content/uploads/2023/05/20230306_700ParkAve-3424-scaled.jpg
3729	2023/05/20230306_700ParkAve-3314-scaled.jpg	2023/05/20230306_700ParkAve-3314.jpg	yes	1920	1280		3432		20230306_700ParkAve-3314	2023-05-30 21:35:34	https://www.streamlineusa.com/wp-content/uploads/2023/05/20230306_700ParkAve-3314-scaled.jpg
3730	2023/05/20230306_700ParkAve-3319-scaled.jpg	2023/05/20230306_700ParkAve-3319.jpg	yes	1920	1280		3432		20230306_700ParkAve-3319	2023-05-30 21:35:38	https://www.streamlineusa.com/wp-content/uploads/2023/05/20230306_700ParkAve-3319-scaled.jpg
3731	2023/05/20230306_700ParkAve-3324-scaled.jpg	2023/05/20230306_700ParkAve-3324.jpg	yes	1920	1280		3432		20230306_700ParkAve-3324	2023-05-30 21:35:42	https://www.streamlineusa.com/wp-content/uploads/2023/05/20230306_700ParkAve-3324-scaled.jpg
3732	2023/05/20230306_700ParkAve-3329-scaled.jpg	2023/05/20230306_700ParkAve-3329.jpg	yes	1920	1280		3432		20230306_700ParkAve-3329	2023-05-30 21:35:47	https://www.streamlineusa.com/wp-content/uploads/2023/05/20230306_700ParkAve-3329-scaled.jpg
3733	2023/05/20230306_700ParkAve-3334-scaled.jpg	2023/05/20230306_700ParkAve-3334.jpg	yes	1920	1280		3432		20230306_700ParkAve-3334	2023-05-30 21:35:51	https://www.streamlineusa.com/wp-content/uploads/2023/05/20230306_700ParkAve-3334-scaled.jpg
3734	2023/05/20230306_700ParkAve-3339-scaled.jpg	2023/05/20230306_700ParkAve-3339.jpg	yes	1920	1280		3432		20230306_700ParkAve-3339	2023-05-30 21:35:55	https://www.streamlineusa.com/wp-content/uploads/2023/05/20230306_700ParkAve-3339-scaled.jpg
3735	2023/05/20230306_700ParkAve-3344-scaled.jpg	2023/05/20230306_700ParkAve-3344.jpg	yes	1920	1280		3432		20230306_700ParkAve-3344	2023-05-30 21:35:59	https://www.streamlineusa.com/wp-content/uploads/2023/05/20230306_700ParkAve-3344-scaled.jpg
3736	2023/05/20230306_700ParkAve-3349-scaled.jpg	2023/05/20230306_700ParkAve-3349.jpg	yes	1920	1280		3432		20230306_700ParkAve-3349	2023-05-30 21:36:02	https://www.streamlineusa.com/wp-content/uploads/2023/05/20230306_700ParkAve-3349-scaled.jpg
3737	2023/05/20230306_700ParkAve-3359-scaled.jpg	2023/05/20230306_700ParkAve-3359.jpg	yes	1920	1280		3432		20230306_700ParkAve-3359	2023-05-30 21:36:07	https://www.streamlineusa.com/wp-content/uploads/2023/05/20230306_700ParkAve-3359-scaled.jpg
3738	2023/05/20230306_700ParkAve-3364-scaled.jpg	2023/05/20230306_700ParkAve-3364.jpg	yes	1920	1280		3432		20230306_700ParkAve-3364	2023-05-30 21:36:11	https://www.streamlineusa.com/wp-content/uploads/2023/05/20230306_700ParkAve-3364-scaled.jpg
3739	2023/05/20230306_700ParkAve-3369-scaled.jpg	2023/05/20230306_700ParkAve-3369.jpg	yes	1920	1280		3432		20230306_700ParkAve-3369	2023-05-30 21:36:16	https://www.streamlineusa.com/wp-content/uploads/2023/05/20230306_700ParkAve-3369-scaled.jpg
3740	2023/05/20230306_700ParkAve-3374-scaled.jpg	2023/05/20230306_700ParkAve-3374.jpg	yes	1920	1280		3432		20230306_700ParkAve-3374	2023-05-30 21:36:20	https://www.streamlineusa.com/wp-content/uploads/2023/05/20230306_700ParkAve-3374-scaled.jpg
3741	2023/05/20230306_700ParkAve-3379-scaled.jpg	2023/05/20230306_700ParkAve-3379.jpg	yes	1280	1920		3432		20230306_700ParkAve-3379	2023-05-30 21:36:24	https://www.streamlineusa.com/wp-content/uploads/2023/05/20230306_700ParkAve-3379-scaled.jpg
3742	2023/05/20230306_700ParkAve-3249-scaled.jpg	2023/05/20230306_700ParkAve-3249.jpg	yes	1920	1280		3432		20230306_700ParkAve-3249	2023-05-30 21:36:29	https://www.streamlineusa.com/wp-content/uploads/2023/05/20230306_700ParkAve-3249-scaled.jpg
3743	2023/05/20230306_700ParkAve-3259-scaled.jpg	2023/05/20230306_700ParkAve-3259.jpg	yes	1920	1280		3432		20230306_700ParkAve-3259	2023-05-30 21:36:34	https://www.streamlineusa.com/wp-content/uploads/2023/05/20230306_700ParkAve-3259-scaled.jpg
3744	2023/05/20230306_700ParkAve-3269-scaled.jpg	2023/05/20230306_700ParkAve-3269.jpg	yes	1920	1280		3432		20230306_700ParkAve-3269	2023-05-30 21:36:38	https://www.streamlineusa.com/wp-content/uploads/2023/05/20230306_700ParkAve-3269-scaled.jpg
3745	2023/05/20230306_700ParkAve-3274-scaled.jpg	2023/05/20230306_700ParkAve-3274.jpg	yes	1920	1280		3432		20230306_700ParkAve-3274	2023-05-30 21:36:42	https://www.streamlineusa.com/wp-content/uploads/2023/05/20230306_700ParkAve-3274-scaled.jpg
3746	2023/05/20230306_700ParkAve-3279-scaled.jpg	2023/05/20230306_700ParkAve-3279.jpg	yes	1920	1280		3432		20230306_700ParkAve-3279	2023-05-30 21:36:47	https://www.streamlineusa.com/wp-content/uploads/2023/05/20230306_700ParkAve-3279-scaled.jpg
3747	2023/05/20230306_700ParkAve-3284-scaled.jpg	2023/05/20230306_700ParkAve-3284.jpg	yes	1920	1280		3432		20230306_700ParkAve-3284	2023-05-30 21:36:51	https://www.streamlineusa.com/wp-content/uploads/2023/05/20230306_700ParkAve-3284-scaled.jpg
3748	2023/05/20230306_700ParkAve-3289-scaled.jpg	2023/05/20230306_700ParkAve-3289.jpg	yes	1920	1280		3432		20230306_700ParkAve-3289	2023-05-30 21:36:57	https://www.streamlineusa.com/wp-content/uploads/2023/05/20230306_700ParkAve-3289-scaled.jpg
3749	2023/05/20230306_700ParkAve-3294-scaled.jpg	2023/05/20230306_700ParkAve-3294.jpg	yes	1920	1280		3432		20230306_700ParkAve-3294	2023-05-30 21:37:03	https://www.streamlineusa.com/wp-content/uploads/2023/05/20230306_700ParkAve-3294-scaled.jpg
3750	2023/05/20230306_700ParkAve-3299-scaled.jpg	2023/05/20230306_700ParkAve-3299.jpg	yes	1920	1280		3432		20230306_700ParkAve-3299	2023-05-30 21:37:08	https://www.streamlineusa.com/wp-content/uploads/2023/05/20230306_700ParkAve-3299-scaled.jpg
3751	2023/05/20230306_700ParkAve-3304-scaled.jpg	2023/05/20230306_700ParkAve-3304.jpg	yes	1920	1280		3432		20230306_700ParkAve-3304	2023-05-30 21:37:13	https://www.streamlineusa.com/wp-content/uploads/2023/05/20230306_700ParkAve-3304-scaled.jpg
3752	2023/05/20230306_700ParkAve-3309-scaled.jpg	2023/05/20230306_700ParkAve-3309.jpg	yes	1920	1280		3432		20230306_700ParkAve-3309	2023-05-30 21:37:18	https://www.streamlineusa.com/wp-content/uploads/2023/05/20230306_700ParkAve-3309-scaled.jpg
3753	2023/05/20230306_700ParkAve-3204-scaled.jpg	2023/05/20230306_700ParkAve-3204.jpg	yes	1920	1280		3432		20230306_700ParkAve-3204	2023-05-30 21:37:22	https://www.streamlineusa.com/wp-content/uploads/2023/05/20230306_700ParkAve-3204-scaled.jpg
3754	2023/05/20230306_700ParkAve-3209-scaled.jpg	2023/05/20230306_700ParkAve-3209.jpg	yes	1920	1280		3432		20230306_700ParkAve-3209	2023-05-30 21:37:26	https://www.streamlineusa.com/wp-content/uploads/2023/05/20230306_700ParkAve-3209-scaled.jpg
3755	2023/05/20230306_700ParkAve-3214-scaled.jpg	2023/05/20230306_700ParkAve-3214.jpg	yes	1920	1280		3432		20230306_700ParkAve-3214	2023-05-30 21:37:30	https://www.streamlineusa.com/wp-content/uploads/2023/05/20230306_700ParkAve-3214-scaled.jpg
3756	2023/05/20230306_700ParkAve-3219-scaled.jpg	2023/05/20230306_700ParkAve-3219.jpg	yes	1920	1280		3432		20230306_700ParkAve-3219	2023-05-30 21:37:34	https://www.streamlineusa.com/wp-content/uploads/2023/05/20230306_700ParkAve-3219-scaled.jpg
3757	2023/05/20230306_700ParkAve-3224-scaled.jpg	2023/05/20230306_700ParkAve-3224.jpg	yes	1920	1280		3432		20230306_700ParkAve-3224	2023-05-30 21:37:39	https://www.streamlineusa.com/wp-content/uploads/2023/05/20230306_700ParkAve-3224-scaled.jpg
3758	2023/05/20230306_700ParkAve-3229-scaled.jpg	2023/05/20230306_700ParkAve-3229.jpg	yes	1920	1280		3432		20230306_700ParkAve-3229	2023-05-30 21:37:43	https://www.streamlineusa.com/wp-content/uploads/2023/05/20230306_700ParkAve-3229-scaled.jpg
3759	2023/05/20230306_700ParkAve-3234-scaled.jpg	2023/05/20230306_700ParkAve-3234.jpg	yes	1920	1280		3432		20230306_700ParkAve-3234	2023-05-30 21:37:47	https://www.streamlineusa.com/wp-content/uploads/2023/05/20230306_700ParkAve-3234-scaled.jpg
3760	2023/05/20230306_700ParkAve-3244-scaled.jpg	2023/05/20230306_700ParkAve-3244.jpg	yes	1920	1280		3432		20230306_700ParkAve-3244	2023-05-30 21:37:53	https://www.streamlineusa.com/wp-content/uploads/2023/05/20230306_700ParkAve-3244-scaled.jpg
3761	2023/05/20230306_700ParkAve-3384-scaled.jpg	2023/05/20230306_700ParkAve-3384.jpg	yes	1280	1920		3432		20230306_700ParkAve-3384	2023-05-30 21:37:57	https://www.streamlineusa.com/wp-content/uploads/2023/05/20230306_700ParkAve-3384-scaled.jpg
3762	2023/05/20230306_700ParkAve-3389-scaled.jpg	2023/05/20230306_700ParkAve-3389.jpg	yes	1920	1280		3432		20230306_700ParkAve-3389	2023-05-30 21:38:01	https://www.streamlineusa.com/wp-content/uploads/2023/05/20230306_700ParkAve-3389-scaled.jpg
3763	2023/05/20230306_700ParkAve-3394-scaled.jpg	2023/05/20230306_700ParkAve-3394.jpg	yes	1920	1280		3432		20230306_700ParkAve-3394	2023-05-30 21:38:05	https://www.streamlineusa.com/wp-content/uploads/2023/05/20230306_700ParkAve-3394-scaled.jpg
3766	2023/05/20230306_262MottSt-2919-scaled.jpg	2023/05/20230306_262MottSt-2919.jpg	yes	1920	1280		3496		20230306_262MottSt-2919	2023-05-30 21:45:20	https://www.streamlineusa.com/wp-content/uploads/2023/05/20230306_262MottSt-2919-scaled.jpg
3767	2023/05/20230306_262MottSt-2924-scaled.jpg	2023/05/20230306_262MottSt-2924.jpg	yes	1920	1280		3496		20230306_262MottSt-2924	2023-05-30 21:45:26	https://www.streamlineusa.com/wp-content/uploads/2023/05/20230306_262MottSt-2924-scaled.jpg
3768	2023/05/20230306_262MottSt-2929-scaled.jpg	2023/05/20230306_262MottSt-2929.jpg	yes	1920	1280		3496		20230306_262MottSt-2929	2023-05-30 21:45:32	https://www.streamlineusa.com/wp-content/uploads/2023/05/20230306_262MottSt-2929-scaled.jpg
3769	2023/05/20230306_262MottSt-2939-scaled.jpg	2023/05/20230306_262MottSt-2939.jpg	yes	1920	1280		3496		20230306_262MottSt-2939	2023-05-30 21:45:38	https://www.streamlineusa.com/wp-content/uploads/2023/05/20230306_262MottSt-2939-scaled.jpg
3770	2023/05/20230306_262MottSt-2854-scaled.jpg	2023/05/20230306_262MottSt-2854.jpg	yes	1920	1280		3496		20230306_262MottSt-2854	2023-05-30 21:45:43	https://www.streamlineusa.com/wp-content/uploads/2023/05/20230306_262MottSt-2854-scaled.jpg
3771	2023/05/20230306_262MottSt-2859-scaled.jpg	2023/05/20230306_262MottSt-2859.jpg	yes	1920	1280		3496		20230306_262MottSt-2859	2023-05-30 21:45:49	https://www.streamlineusa.com/wp-content/uploads/2023/05/20230306_262MottSt-2859-scaled.jpg
3772	2023/05/20230306_262MottSt-2864-scaled.jpg	2023/05/20230306_262MottSt-2864.jpg	yes	1920	1280		3496		20230306_262MottSt-2864	2023-05-30 21:45:55	https://www.streamlineusa.com/wp-content/uploads/2023/05/20230306_262MottSt-2864-scaled.jpg
3773	2023/05/20230306_262MottSt-2869-scaled.jpg	2023/05/20230306_262MottSt-2869.jpg	yes	1920	1280		3496		20230306_262MottSt-2869	2023-05-30 21:46:01	https://www.streamlineusa.com/wp-content/uploads/2023/05/20230306_262MottSt-2869-scaled.jpg
3774	2023/05/20230306_262MottSt-2874-scaled.jpg	2023/05/20230306_262MottSt-2874.jpg	yes	1920	1280		3496		20230306_262MottSt-2874	2023-05-30 21:46:07	https://www.streamlineusa.com/wp-content/uploads/2023/05/20230306_262MottSt-2874-scaled.jpg
3775	2023/05/20230306_262MottSt-2879-scaled.jpg	2023/05/20230306_262MottSt-2879.jpg	yes	1920	1280		3496		20230306_262MottSt-2879	2023-05-30 21:46:13	https://www.streamlineusa.com/wp-content/uploads/2023/05/20230306_262MottSt-2879-scaled.jpg
3776	2023/05/20230306_262MottSt-2884-scaled.jpg	2023/05/20230306_262MottSt-2884.jpg	yes	1920	1280		3496		20230306_262MottSt-2884	2023-05-30 21:46:18	https://www.streamlineusa.com/wp-content/uploads/2023/05/20230306_262MottSt-2884-scaled.jpg
3777	2023/05/20230306_262MottSt-2889-scaled.jpg	2023/05/20230306_262MottSt-2889.jpg	yes	1920	1280		3496		20230306_262MottSt-2889	2023-05-30 21:46:23	https://www.streamlineusa.com/wp-content/uploads/2023/05/20230306_262MottSt-2889-scaled.jpg
3778	2023/05/20230306_262MottSt-2809-scaled.jpg	2023/05/20230306_262MottSt-2809.jpg	yes	1920	1280		3496		20230306_262MottSt-2809	2023-05-30 21:46:29	https://www.streamlineusa.com/wp-content/uploads/2023/05/20230306_262MottSt-2809-scaled.jpg
3779	2023/05/20230306_262MottSt-2814-scaled.jpg	2023/05/20230306_262MottSt-2814.jpg	yes	1920	1280		3496		20230306_262MottSt-2814	2023-05-30 21:46:35	https://www.streamlineusa.com/wp-content/uploads/2023/05/20230306_262MottSt-2814-scaled.jpg
3780	2023/05/20230306_262MottSt-2819-scaled.jpg	2023/05/20230306_262MottSt-2819.jpg	yes	1920	1280		3496		20230306_262MottSt-2819	2023-05-30 21:46:41	https://www.streamlineusa.com/wp-content/uploads/2023/05/20230306_262MottSt-2819-scaled.jpg
3781	2023/05/20230306_262MottSt-2824-scaled.jpg	2023/05/20230306_262MottSt-2824.jpg	yes	1920	1280		3496		20230306_262MottSt-2824	2023-05-30 21:46:46	https://www.streamlineusa.com/wp-content/uploads/2023/05/20230306_262MottSt-2824-scaled.jpg
3782	2023/05/20230306_262MottSt-2829-scaled.jpg	2023/05/20230306_262MottSt-2829.jpg	yes	1920	1280		3496		20230306_262MottSt-2829	2023-05-30 21:46:52	https://www.streamlineusa.com/wp-content/uploads/2023/05/20230306_262MottSt-2829-scaled.jpg
3783	2023/05/20230306_262MottSt-2834-scaled.jpg	2023/05/20230306_262MottSt-2834.jpg	yes	1920	1280		3496		20230306_262MottSt-2834	2023-05-30 21:46:57	https://www.streamlineusa.com/wp-content/uploads/2023/05/20230306_262MottSt-2834-scaled.jpg
3784	2023/05/20230306_262MottSt-2839-scaled.jpg	2023/05/20230306_262MottSt-2839.jpg	yes	1920	1280		3496		20230306_262MottSt-2839	2023-05-30 21:47:03	https://www.streamlineusa.com/wp-content/uploads/2023/05/20230306_262MottSt-2839-scaled.jpg
3785	2023/05/20230306_262MottSt-2849-scaled.jpg	2023/05/20230306_262MottSt-2849.jpg	yes	1920	1280		3496		20230306_262MottSt-2849	2023-05-30 21:47:08	https://www.streamlineusa.com/wp-content/uploads/2023/05/20230306_262MottSt-2849-scaled.jpg
3786	2023/05/20230306_262MottSt-2784-scaled.jpg	2023/05/20230306_262MottSt-2784.jpg	yes	1920	1280		3496		20230306_262MottSt-2784	2023-05-30 21:47:14	https://www.streamlineusa.com/wp-content/uploads/2023/05/20230306_262MottSt-2784-scaled.jpg
3787	2023/05/20230306_262MottSt-2789-scaled.jpg	2023/05/20230306_262MottSt-2789.jpg	yes	1920	1280		3496		20230306_262MottSt-2789	2023-05-30 21:47:20	https://www.streamlineusa.com/wp-content/uploads/2023/05/20230306_262MottSt-2789-scaled.jpg
3788	2023/05/20230306_262MottSt-2794-scaled.jpg	2023/05/20230306_262MottSt-2794.jpg	yes	1920	1280		3496		20230306_262MottSt-2794	2023-05-30 21:47:25	https://www.streamlineusa.com/wp-content/uploads/2023/05/20230306_262MottSt-2794-scaled.jpg
3789	2023/05/20230306_262MottSt-2799-scaled.jpg	2023/05/20230306_262MottSt-2799.jpg	yes	1920	1280		3496		20230306_262MottSt-2799	2023-05-30 21:47:30	https://www.streamlineusa.com/wp-content/uploads/2023/05/20230306_262MottSt-2799-scaled.jpg
3790	2023/05/20230306_262MottSt-2804-scaled.jpg	2023/05/20230306_262MottSt-2804.jpg	yes	1920	1280		3496		20230306_262MottSt-2804	2023-05-30 21:47:35	https://www.streamlineusa.com/wp-content/uploads/2023/05/20230306_262MottSt-2804-scaled.jpg
3791	2023/05/20230306_262MottSt-2894-scaled.jpg	2023/05/20230306_262MottSt-2894.jpg	yes	1920	1280		3496		20230306_262MottSt-2894	2023-05-30 21:47:41	https://www.streamlineusa.com/wp-content/uploads/2023/05/20230306_262MottSt-2894-scaled.jpg
3792	2023/05/20230306_262MottSt-2904-scaled.jpg	2023/05/20230306_262MottSt-2904.jpg	yes	1920	1280		3496		20230306_262MottSt-2904	2023-05-30 21:47:47	https://www.streamlineusa.com/wp-content/uploads/2023/05/20230306_262MottSt-2904-scaled.jpg
3793	2023/05/20230306_262MottSt-2909-scaled.jpg	2023/05/20230306_262MottSt-2909.jpg	yes	1920	1280		3496		20230306_262MottSt-2909	2023-05-30 21:47:53	https://www.streamlineusa.com/wp-content/uploads/2023/05/20230306_262MottSt-2909-scaled.jpg
3794	2023/05/20230306_262MottSt-2914-scaled.jpg	2023/05/20230306_262MottSt-2914.jpg	yes	1920	1280		3496		20230306_262MottSt-2914	2023-05-30 21:47:58	https://www.streamlineusa.com/wp-content/uploads/2023/05/20230306_262MottSt-2914-scaled.jpg
3798	2023/05/20230310_171FirstMomofuku-1567-scaled.jpg	2023/05/20230310_171FirstMomofuku-1567.jpg	yes	1920	1280		3493		20230310_171FirstMomofuku-1567	2023-05-30 22:01:08	https://www.streamlineusa.com/wp-content/uploads/2023/05/20230310_171FirstMomofuku-1567-scaled.jpg
3799	2023/05/20230310_171FirstMomofuku-1469-scaled.jpg	2023/05/20230310_171FirstMomofuku-1469.jpg	yes	1920	1280		3493		20230310_171FirstMomofuku-1469	2023-05-30 22:01:13	https://www.streamlineusa.com/wp-content/uploads/2023/05/20230310_171FirstMomofuku-1469-scaled.jpg
3800	2023/05/20230310_171FirstMomofuku-1474-scaled.jpg	2023/05/20230310_171FirstMomofuku-1474.jpg	yes	1920	1280		3493		20230310_171FirstMomofuku-1474	2023-05-30 22:01:17	https://www.streamlineusa.com/wp-content/uploads/2023/05/20230310_171FirstMomofuku-1474-scaled.jpg
3801	2023/05/20230310_171FirstMomofuku-1479-scaled.jpg	2023/05/20230310_171FirstMomofuku-1479.jpg	yes	1920	1280		3493		20230310_171FirstMomofuku-1479	2023-05-30 22:01:21	https://www.streamlineusa.com/wp-content/uploads/2023/05/20230310_171FirstMomofuku-1479-scaled.jpg
3802	2023/05/20230310_171FirstMomofuku-1489-scaled.jpg	2023/05/20230310_171FirstMomofuku-1489.jpg	yes	1920	1280		3493		20230310_171FirstMomofuku-1489	2023-05-30 22:01:26	https://www.streamlineusa.com/wp-content/uploads/2023/05/20230310_171FirstMomofuku-1489-scaled.jpg
3803	2023/05/20230310_171FirstMomofuku-1494-scaled.jpg	2023/05/20230310_171FirstMomofuku-1494.jpg	yes	1920	1280		3493		20230310_171FirstMomofuku-1494	2023-05-30 22:01:31	https://www.streamlineusa.com/wp-content/uploads/2023/05/20230310_171FirstMomofuku-1494-scaled.jpg
3804	2023/05/20230310_171FirstMomofuku-1499-scaled.jpg	2023/05/20230310_171FirstMomofuku-1499.jpg	yes	1920	1280		3493		20230310_171FirstMomofuku-1499	2023-05-30 22:01:35	https://www.streamlineusa.com/wp-content/uploads/2023/05/20230310_171FirstMomofuku-1499-scaled.jpg
3805	2023/05/20230310_171FirstMomofuku-1504-scaled.jpg	2023/05/20230310_171FirstMomofuku-1504.jpg	yes	1920	1280		3493		20230310_171FirstMomofuku-1504	2023-05-30 22:01:40	https://www.streamlineusa.com/wp-content/uploads/2023/05/20230310_171FirstMomofuku-1504-scaled.jpg
3806	2023/05/20230310_171FirstMomofuku-1524-scaled.jpg	2023/05/20230310_171FirstMomofuku-1524.jpg	yes	1920	1280		3493		20230310_171FirstMomofuku-1524	2023-05-30 22:01:44	https://www.streamlineusa.com/wp-content/uploads/2023/05/20230310_171FirstMomofuku-1524-scaled.jpg
3807	2023/05/20230310_171FirstMomofuku-1529-scaled.jpg	2023/05/20230310_171FirstMomofuku-1529.jpg	yes	1920	1280		3493		20230310_171FirstMomofuku-1529	2023-05-30 22:01:49	https://www.streamlineusa.com/wp-content/uploads/2023/05/20230310_171FirstMomofuku-1529-scaled.jpg
3808	2023/05/20230310_171FirstMomofuku-1534-scaled.jpg	2023/05/20230310_171FirstMomofuku-1534.jpg	yes	1920	1280		3493		20230310_171FirstMomofuku-1534	2023-05-30 22:01:54	https://www.streamlineusa.com/wp-content/uploads/2023/05/20230310_171FirstMomofuku-1534-scaled.jpg
3809	2023/05/20230310_171FirstMomofuku-1539-scaled.jpg	2023/05/20230310_171FirstMomofuku-1539.jpg	yes	1920	1280		3493		20230310_171FirstMomofuku-1539	2023-05-30 22:01:59	https://www.streamlineusa.com/wp-content/uploads/2023/05/20230310_171FirstMomofuku-1539-scaled.jpg
3810	2023/05/20230310_171FirstMomofuku-1544-scaled.jpg	2023/05/20230310_171FirstMomofuku-1544.jpg	yes	1920	1280		3493		20230310_171FirstMomofuku-1544	2023-05-30 22:02:03	https://www.streamlineusa.com/wp-content/uploads/2023/05/20230310_171FirstMomofuku-1544-scaled.jpg
3811	2023/05/20230310_171FirstMomofuku-1424-scaled.jpg	2023/05/20230310_171FirstMomofuku-1424.jpg	yes	1920	1280		3493		20230310_171FirstMomofuku-1424	2023-05-30 22:02:08	https://www.streamlineusa.com/wp-content/uploads/2023/05/20230310_171FirstMomofuku-1424-scaled.jpg
3812	2023/05/20230310_171FirstMomofuku-1429-scaled.jpg	2023/05/20230310_171FirstMomofuku-1429.jpg	yes	1920	1280		3493		20230310_171FirstMomofuku-1429	2023-05-30 22:02:12	https://www.streamlineusa.com/wp-content/uploads/2023/05/20230310_171FirstMomofuku-1429-scaled.jpg
3813	2023/05/20230310_171FirstMomofuku-1434-scaled.jpg	2023/05/20230310_171FirstMomofuku-1434.jpg	yes	1920	1280		3493		20230310_171FirstMomofuku-1434	2023-05-30 22:02:17	https://www.streamlineusa.com/wp-content/uploads/2023/05/20230310_171FirstMomofuku-1434-scaled.jpg
3814	2023/05/20230310_171FirstMomofuku-1439-scaled.jpg	2023/05/20230310_171FirstMomofuku-1439.jpg	yes	1920	1280		3493		20230310_171FirstMomofuku-1439	2023-05-30 22:02:21	https://www.streamlineusa.com/wp-content/uploads/2023/05/20230310_171FirstMomofuku-1439-scaled.jpg
3815	2023/05/20230310_171FirstMomofuku-1444-scaled.jpg	2023/05/20230310_171FirstMomofuku-1444.jpg	yes	1920	1280		3493		20230310_171FirstMomofuku-1444	2023-05-30 22:02:26	https://www.streamlineusa.com/wp-content/uploads/2023/05/20230310_171FirstMomofuku-1444-scaled.jpg
3816	2023/05/20230310_171FirstMomofuku-1454-scaled.jpg	2023/05/20230310_171FirstMomofuku-1454.jpg	yes	1920	1280		3493		20230310_171FirstMomofuku-1454	2023-05-30 22:02:31	https://www.streamlineusa.com/wp-content/uploads/2023/05/20230310_171FirstMomofuku-1454-scaled.jpg
3817	2023/05/20230310_171FirstMomofuku-1459-scaled.jpg	2023/05/20230310_171FirstMomofuku-1459.jpg	yes	1920	1280		3493		20230310_171FirstMomofuku-1459	2023-05-30 22:02:35	https://www.streamlineusa.com/wp-content/uploads/2023/05/20230310_171FirstMomofuku-1459-scaled.jpg
3818	2023/05/20230310_171FirstMomofuku-1464-scaled.jpg	2023/05/20230310_171FirstMomofuku-1464.jpg	yes	1920	1280		3493		20230310_171FirstMomofuku-1464	2023-05-30 22:02:39	https://www.streamlineusa.com/wp-content/uploads/2023/05/20230310_171FirstMomofuku-1464-scaled.jpg
3819	2023/05/20230310_171FirstMomofuku-1549-scaled.jpg	2023/05/20230310_171FirstMomofuku-1549.jpg	yes	1920	1280		3493		20230310_171FirstMomofuku-1549	2023-05-30 22:02:44	https://www.streamlineusa.com/wp-content/uploads/2023/05/20230310_171FirstMomofuku-1549-scaled.jpg
3820	2023/05/20230310_171FirstMomofuku-1554-scaled.jpg	2023/05/20230310_171FirstMomofuku-1554.jpg	yes	1920	1280		3493		20230310_171FirstMomofuku-1554	2023-05-30 22:02:49	https://www.streamlineusa.com/wp-content/uploads/2023/05/20230310_171FirstMomofuku-1554-scaled.jpg
3821	2023/05/20230310_171FirstMomofuku-1559-scaled.jpg	2023/05/20230310_171FirstMomofuku-1559.jpg	yes	1920	1282		3493		20230310_171FirstMomofuku-1559	2023-05-30 22:02:53	https://www.streamlineusa.com/wp-content/uploads/2023/05/20230310_171FirstMomofuku-1559-scaled.jpg
3898	2023/05/pV6WCuFm.png	2023/05/pV6WCuFm.png	no	2048	2048		3490		pV6WCuFm	2023-10-18 18:54:54	https://www.streamlineusa.com/wp-content/uploads/2023/05/pV6WCuFm.png
3899	2023/05/yGdWGXjE.png	2023/05/yGdWGXjE.png	no	2048	2048		3490		yGdWGXjE	2023-10-18 18:54:58	https://www.streamlineusa.com/wp-content/uploads/2023/05/yGdWGXjE.png
3900	2023/05/WHRG7_L8.png	2023/05/WHRG7_L8.png	no	2048	2048		3490		WHRG7_L8	2023-10-18 18:55:03	https://www.streamlineusa.com/wp-content/uploads/2023/05/WHRG7_L8.png
3901	2023/05/tS1BrvuU.png	2023/05/tS1BrvuU.png	no	2048	2048		3490		tS1BrvuU	2023-10-18 18:55:07	https://www.streamlineusa.com/wp-content/uploads/2023/05/tS1BrvuU.png
3902	2023/05/nM8EAOYL.png	2023/05/nM8EAOYL.png	no	2048	2048		3490		nM8EAOYL	2023-10-18 18:55:11	https://www.streamlineusa.com/wp-content/uploads/2023/05/nM8EAOYL.png
3903	2023/05/QaCmYq6o.png	2023/05/QaCmYq6o.png	no	2048	2048		3490		QaCmYq6o	2023-10-18 18:55:15	https://www.streamlineusa.com/wp-content/uploads/2023/05/QaCmYq6o.png
3904	2023/05/MN3ggzaE.png	2023/05/MN3ggzaE.png	no	2048	2048		3490		MN3ggzaE	2023-10-18 18:55:20	https://www.streamlineusa.com/wp-content/uploads/2023/05/MN3ggzaE.png
3905	2023/05/MPQK_fKt.png	2023/05/MPQK_fKt.png	no	2048	2048		3490		MPQK_fKt	2023-10-18 18:55:25	https://www.streamlineusa.com/wp-content/uploads/2023/05/MPQK_fKt.png
3906	2023/05/KYFGpmK-.png	2023/05/KYFGpmK-.png	no	2048	2048		3490		KYFGpmK-	2023-10-18 18:55:30	https://www.streamlineusa.com/wp-content/uploads/2023/05/KYFGpmK-.png
3907	2023/05/jqXbTe4c.png	2023/05/jqXbTe4c.png	no	2048	2048		3490		jqXbTe4c	2023-10-18 18:55:34	https://www.streamlineusa.com/wp-content/uploads/2023/05/jqXbTe4c.png
3908	2023/05/k50AaJrR.png	2023/05/k50AaJrR.png	no	2048	2048		3490		k50AaJrR	2023-10-18 18:55:40	https://www.streamlineusa.com/wp-content/uploads/2023/05/k50AaJrR.png
3909	2023/05/JbaudPAU.png	2023/05/JbaudPAU.png	no	2048	2048		3490		JbaudPAU	2023-10-18 18:55:45	https://www.streamlineusa.com/wp-content/uploads/2023/05/JbaudPAU.png
3910	2023/05/HQLr22IJ.png	2023/05/HQLr22IJ.png	no	2048	2048		3490		HQLr22IJ	2023-10-18 18:55:49	https://www.streamlineusa.com/wp-content/uploads/2023/05/HQLr22IJ.png
3911	2023/05/HTitThJb.png	2023/05/HTitThJb.png	no	2048	2048		3490		HTitThJb	2023-10-18 18:55:53	https://www.streamlineusa.com/wp-content/uploads/2023/05/HTitThJb.png
3912	2023/05/er1u9Vib.png	2023/05/er1u9Vib.png	no	2048	2048		3490		er1u9Vib	2023-10-18 18:55:57	https://www.streamlineusa.com/wp-content/uploads/2023/05/er1u9Vib.png
3913	2023/05/ax_PJ9Hg.png	2023/05/ax_PJ9Hg.png	no	2048	2048		3490		ax_PJ9Hg	2023-10-18 18:56:02	https://www.streamlineusa.com/wp-content/uploads/2023/05/ax_PJ9Hg.png
3914	2023/05/0_tPyqHa.png	2023/05/0_tPyqHa.png	no	2048	2048		3490		0_tPyqHa	2023-10-18 18:56:06	https://www.streamlineusa.com/wp-content/uploads/2023/05/0_tPyqHa.png
3915	2023/05/28MOItsz.png	2023/05/28MOItsz.png	no	2048	2048		3490		28MOItsz	2023-10-18 18:56:11	https://www.streamlineusa.com/wp-content/uploads/2023/05/28MOItsz.png
3916	2023/05/3jZi0pAh.png	2023/05/3jZi0pAh.png	no	2048	2048		3490		3jZi0pAh	2023-10-18 18:56:15	https://www.streamlineusa.com/wp-content/uploads/2023/05/3jZi0pAh.png
3917	2023/05/5URfRJ9e.png	2023/05/5URfRJ9e.png	no	2048	2048		3490		5URfRJ9e	2023-10-18 18:56:20	https://www.streamlineusa.com/wp-content/uploads/2023/05/5URfRJ9e.png
3918	2023/05/a5Dmw-7R.png	2023/05/a5Dmw-7R.png	no	2048	2048		3490		a5Dmw-7R	2023-10-18 18:56:25	https://www.streamlineusa.com/wp-content/uploads/2023/05/a5Dmw-7R.png
3924	2023/05/up-NVbb.png	2023/05/up-NVbb.png	no	2048	2048		3487		_up-NVbb	2023-10-18 19:02:30	https://www.streamlineusa.com/wp-content/uploads/2023/05/up-NVbb.png
3925	2023/05/0IoIH6b4.png	2023/05/0IoIH6b4.png	no	2048	2048		3487		0IoIH6b4	2023-10-18 19:02:35	https://www.streamlineusa.com/wp-content/uploads/2023/05/0IoIH6b4.png
3926	2023/05/5xCs3wN5.png	2023/05/5xCs3wN5.png	no	2048	2048		3487		5xCs3wN5	2023-10-18 19:02:40	https://www.streamlineusa.com/wp-content/uploads/2023/05/5xCs3wN5.png
3927	2023/05/8jwKxYSO.png	2023/05/8jwKxYSO.png	no	2048	2048		3487		8jwKxYSO	2023-10-18 19:02:44	https://www.streamlineusa.com/wp-content/uploads/2023/05/8jwKxYSO.png
3928	2023/05/aE07q2Oz.png	2023/05/aE07q2Oz.png	no	2048	2048		3487		aE07q2Oz	2023-10-18 19:02:48	https://www.streamlineusa.com/wp-content/uploads/2023/05/aE07q2Oz.png
3929	2023/05/BUGe4tAy.png	2023/05/BUGe4tAy.png	no	2048	2048		3487		BUGe4tAy	2023-10-18 19:02:52	https://www.streamlineusa.com/wp-content/uploads/2023/05/BUGe4tAy.png
3930	2023/05/exO_TEfq.png	2023/05/exO_TEfq.png	no	2048	2048		3487		exO_TEfq	2023-10-18 19:02:56	https://www.streamlineusa.com/wp-content/uploads/2023/05/exO_TEfq.png
3931	2023/05/FTYyaK0I.png	2023/05/FTYyaK0I.png	no	2048	2048		3487		FTYyaK0I	2023-10-18 19:03:01	https://www.streamlineusa.com/wp-content/uploads/2023/05/FTYyaK0I.png
3932	2023/05/kYGMIkIJ.png	2023/05/kYGMIkIJ.png	no	2048	2048		3487		kYGMIkIJ	2023-10-18 19:03:05	https://www.streamlineusa.com/wp-content/uploads/2023/05/kYGMIkIJ.png
3933	2023/05/nRraX3Xr.png	2023/05/nRraX3Xr.png	no	2048	2048		3487		nRraX3Xr	2023-10-18 19:03:10	https://www.streamlineusa.com/wp-content/uploads/2023/05/nRraX3Xr.png
3934	2023/05/QVmRDF9j.png	2023/05/QVmRDF9j.png	no	2048	2048		3487		QVmRDF9j	2023-10-18 19:03:14	https://www.streamlineusa.com/wp-content/uploads/2023/05/QVmRDF9j.png
3935	2023/05/rXEhi671.png	2023/05/rXEhi671.png	no	2048	2048		3487		rXEhi671	2023-10-18 19:03:18	https://www.streamlineusa.com/wp-content/uploads/2023/05/rXEhi671.png
3936	2023/05/t-2-bhzc.png	2023/05/t-2-bhzc.png	no	2048	2048		3487		t-2-bhzc	2023-10-18 19:03:22	https://www.streamlineusa.com/wp-content/uploads/2023/05/t-2-bhzc.png
3937	2023/05/uS7L-42r.png	2023/05/uS7L-42r.png	no	2048	2048		3487		uS7L-42r	2023-10-18 19:03:28	https://www.streamlineusa.com/wp-content/uploads/2023/05/uS7L-42r.png
3938	2023/05/UYzIKSZQ.png	2023/05/UYzIKSZQ.png	no	2048	2048		3487		UYzIKSZQ	2023-10-18 19:03:32	https://www.streamlineusa.com/wp-content/uploads/2023/05/UYzIKSZQ.png
3939	2023/05/VspGumor.png	2023/05/VspGumor.png	no	2048	2048		3487		VspGumor	2023-10-18 19:03:36	https://www.streamlineusa.com/wp-content/uploads/2023/05/VspGumor.png
3940	2023/05/w13IACwl.png	2023/05/w13IACwl.png	no	2048	2048		3487		w13IACwl	2023-10-18 19:03:41	https://www.streamlineusa.com/wp-content/uploads/2023/05/w13IACwl.png
3941	2023/05/xL-Dh7eY.png	2023/05/xL-Dh7eY.png	no	2048	2048		3487		xL-Dh7eY	2023-10-18 19:03:45	https://www.streamlineusa.com/wp-content/uploads/2023/05/xL-Dh7eY.png
3942	2023/05/ZGAatUwy.png	2023/05/ZGAatUwy.png	no	2048	2048		3487		ZGAatUwy	2023-10-18 19:03:49	https://www.streamlineusa.com/wp-content/uploads/2023/05/ZGAatUwy.png
3943	2023/05/ZPqUWFvo.png	2023/05/ZPqUWFvo.png	no	2048	2048		3487		ZPqUWFvo	2023-10-18 19:03:53	https://www.streamlineusa.com/wp-content/uploads/2023/05/ZPqUWFvo.png
3947	2023/10/gPGeBN2.png	2023/10/gPGeBN2.png	no	2048	2048		3946		-gPGeBN2	2023-10-18 19:07:28	https://www.streamlineusa.com/wp-content/uploads/2023/10/gPGeBN2.png
3948	2023/10/0Nv-gP_C.png	2023/10/0Nv-gP_C.png	no	2048	2048		3946		0Nv-gP_C	2023-10-18 19:07:33	https://www.streamlineusa.com/wp-content/uploads/2023/10/0Nv-gP_C.png
3949	2023/10/42aV-lsp.png	2023/10/42aV-lsp.png	no	2048	2048		3946		42aV-lsp	2023-10-18 19:07:38	https://www.streamlineusa.com/wp-content/uploads/2023/10/42aV-lsp.png
3950	2023/10/50oCW_b3.png	2023/10/50oCW_b3.png	no	2048	2048		3946		50oCW_b3	2023-10-18 19:07:44	https://www.streamlineusa.com/wp-content/uploads/2023/10/50oCW_b3.png
3951	2023/10/B3WVFByK.png	2023/10/B3WVFByK.png	no	2048	2048		3946		B3WVFByK	2023-10-18 19:07:50	https://www.streamlineusa.com/wp-content/uploads/2023/10/B3WVFByK.png
3952	2023/10/Bhg72j4I.png	2023/10/Bhg72j4I.png	no	2048	2048		3946		Bhg72j4I	2023-10-18 19:07:55	https://www.streamlineusa.com/wp-content/uploads/2023/10/Bhg72j4I.png
3953	2023/10/bjdGcsBQ.png	2023/10/bjdGcsBQ.png	no	2048	2048		3946		bjdGcsBQ	2023-10-18 19:08:00	https://www.streamlineusa.com/wp-content/uploads/2023/10/bjdGcsBQ.png
3954	2023/10/cPH1Np1J.png	2023/10/cPH1Np1J.png	no	2048	2048		3946		cPH1Np1J	2023-10-18 19:08:05	https://www.streamlineusa.com/wp-content/uploads/2023/10/cPH1Np1J.png
3955	2023/10/inxgtHse.png	2023/10/inxgtHse.png	no	2048	2048		3946		inxgtHse	2023-10-18 19:08:11	https://www.streamlineusa.com/wp-content/uploads/2023/10/inxgtHse.png
3956	2023/10/iUL4bg6I.png	2023/10/iUL4bg6I.png	no	2048	2048		3946		iUL4bg6I	2023-10-18 19:08:16	https://www.streamlineusa.com/wp-content/uploads/2023/10/iUL4bg6I.png
3957	2023/10/jujlwux2.png	2023/10/jujlwux2.png	no	2048	2048		3946		jujlwux2	2023-10-18 19:08:20	https://www.streamlineusa.com/wp-content/uploads/2023/10/jujlwux2.png
3958	2023/10/kqPJIYO5.png	2023/10/kqPJIYO5.png	no	2048	2048		3946		kqPJIYO5	2023-10-18 19:08:25	https://www.streamlineusa.com/wp-content/uploads/2023/10/kqPJIYO5.png
3959	2023/10/p_hdLg16.png	2023/10/p_hdLg16.png	no	2048	2048		3946		p_hdLg16	2023-10-18 19:08:29	https://www.streamlineusa.com/wp-content/uploads/2023/10/p_hdLg16.png
3960	2023/10/pJ8ScVZ1.png	2023/10/pJ8ScVZ1.png	no	2048	2048		3946		pJ8ScVZ1	2023-10-18 19:08:34	https://www.streamlineusa.com/wp-content/uploads/2023/10/pJ8ScVZ1.png
3961	2023/10/POirSLT_.png	2023/10/POirSLT_.png	no	2048	2048		3946		POirSLT_	2023-10-18 19:08:39	https://www.streamlineusa.com/wp-content/uploads/2023/10/POirSLT_.png
3962	2023/10/VO0lnQyd.png	2023/10/VO0lnQyd.png	no	2048	2048		3946		VO0lnQyd	2023-10-18 19:08:44	https://www.streamlineusa.com/wp-content/uploads/2023/10/VO0lnQyd.png
3969	2023/10/cy3ewAA.png	2023/10/cy3ewAA.png	no	2048	2048		3946		_cy3ewAA	2023-10-18 19:16:16	https://www.streamlineusa.com/wp-content/uploads/2023/10/cy3ewAA.png
3970	2023/10/tn_eMKH.png	2023/10/tn_eMKH.png	no	2048	2048		3946		_tn_eMKH	2023-10-18 19:16:22	https://www.streamlineusa.com/wp-content/uploads/2023/10/tn_eMKH.png
3971	2023/10/bFgPyUc.png	2023/10/bFgPyUc.png	no	2048	2048		3946		-bFgPyUc	2023-10-18 19:16:28	https://www.streamlineusa.com/wp-content/uploads/2023/10/bFgPyUc.png
3972	2023/10/5bYk0H-W.png	2023/10/5bYk0H-W.png	no	2048	2048		3946		5bYk0H-W	2023-10-18 19:16:32	https://www.streamlineusa.com/wp-content/uploads/2023/10/5bYk0H-W.png
3973	2023/10/5JVsSAfX.png	2023/10/5JVsSAfX.png	no	2048	2048		3946		5JVsSAfX	2023-10-18 19:16:37	https://www.streamlineusa.com/wp-content/uploads/2023/10/5JVsSAfX.png
3974	2023/10/8XzGWRIe.png	2023/10/8XzGWRIe.png	no	2048	2048		3946		8XzGWRIe	2023-10-18 19:16:41	https://www.streamlineusa.com/wp-content/uploads/2023/10/8XzGWRIe.png
3975	2023/10/a8qS-y5g.png	2023/10/a8qS-y5g.png	no	2048	2048		3946		a8qS-y5g	2023-10-18 19:16:46	https://www.streamlineusa.com/wp-content/uploads/2023/10/a8qS-y5g.png
3976	2023/10/DdpDaK1U.png	2023/10/DdpDaK1U.png	no	2048	2048		3946		DdpDaK1U	2023-10-18 19:16:50	https://www.streamlineusa.com/wp-content/uploads/2023/10/DdpDaK1U.png
3977	2023/10/fFTRw7QE.png	2023/10/fFTRw7QE.png	no	2048	2048		3946		fFTRw7QE	2023-10-18 19:16:54	https://www.streamlineusa.com/wp-content/uploads/2023/10/fFTRw7QE.png
3978	2023/10/hAixnmTg.png	2023/10/hAixnmTg.png	no	2048	2048		3946		hAixnmTg	2023-10-18 19:16:59	https://www.streamlineusa.com/wp-content/uploads/2023/10/hAixnmTg.png
3979	2023/10/i_Nug0I7.png	2023/10/i_Nug0I7.png	no	2048	2048		3946		i_Nug0I7	2023-10-18 19:17:03	https://www.streamlineusa.com/wp-content/uploads/2023/10/i_Nug0I7.png
3980	2023/10/i19SRx_V.png	2023/10/i19SRx_V.png	no	2048	2048		3946		i19SRx_V	2023-10-18 19:17:07	https://www.streamlineusa.com/wp-content/uploads/2023/10/i19SRx_V.png
3981	2023/10/Mc30PuxF.png	2023/10/Mc30PuxF.png	no	2048	2048		3946		Mc30PuxF	2023-10-18 19:17:12	https://www.streamlineusa.com/wp-content/uploads/2023/10/Mc30PuxF.png
3982	2023/10/mO7hW0q1.png	2023/10/mO7hW0q1.png	no	2048	2048		3946		mO7hW0q1	2023-10-18 19:17:16	https://www.streamlineusa.com/wp-content/uploads/2023/10/mO7hW0q1.png
3983	2023/10/r2zePbz6.png	2023/10/r2zePbz6.png	no	2048	2048		3946		r2zePbz6	2023-10-18 19:17:20	https://www.streamlineusa.com/wp-content/uploads/2023/10/r2zePbz6.png
3984	2023/10/UTt2aYWB.png	2023/10/UTt2aYWB.png	no	2048	2048		3946		UTt2aYWB	2023-10-18 19:17:25	https://www.streamlineusa.com/wp-content/uploads/2023/10/UTt2aYWB.png
3992	elementor/screenshots/Elementor-post-screenshot_350_2025-01-14-20-14-01_9f6d90e.png	elementor/screenshots/Elementor-post-screenshot_350_2025-01-14-20-14-01_9f6d90e.png	no				350		Elementor-post-screenshot_350_2025-01-14-20-14-01_9f6d90e.png	2025-01-14 15:14:01	https://www.streamlineusa.com/wp-content/uploads/elementor/screenshots/Elementor-post-screenshot_350_2025-01-14-20-14-01_9f6d90e.png
3996	elementor/screenshots/Elementor-post-screenshot_3993_2025-01-14-20-14-45_164e89a8.png	elementor/screenshots/Elementor-post-screenshot_3993_2025-01-14-20-14-45_164e89a8.png	no				3993		Elementor-post-screenshot_3993_2025-01-14-20-14-45_164e89a8.png	2025-01-14 15:14:45	https://www.streamlineusa.com/wp-content/uploads/elementor/screenshots/Elementor-post-screenshot_3993_2025-01-14-20-14-45_164e89a8.png
