attachment_id	project_slug	project_wp_id	category	gallery_position	is_featured	featured_only	file	original_file	has_larger_original	width	height	square	alt	post_parent	parent_is_zero	mime
434	grand-ole-opry-city-stage	433	commercial	1	yes	no	2019/12/OPRY1.jpg	2019/12/OPRY1.jpg	no	1800	1200	no		433	no	
437	sugar-cane-raw-bar-and-grill	436	commercial	2	no	no	2019/12/SUGARCANE1.jpg	2019/12/SUGARCANE1.jpg	no	1500	1000	no		436	no	
440	boqueria-restaurant	439	commercial	1	yes	no	2019/12/Featured-1-scaled.jpg	2019/12/Featured-1.jpg	yes	2048	1367	no	Boqueria	439	no	
442	sugar-cane-raw-bar-and-grill	436	commercial	1	yes	no	2019/12/Sugarcane-Featured.jpg	2019/12/Sugarcane-Featured.jpg	no	1200	800	no		436	no	
488	mint-kitchen-restaurant	443	commercial	2	no	no	2019/12/Mint-Featured-2-scaled.jpg	2019/12/Mint-Featured-2.jpg	yes	2048	1366	no		443	no	
492	kat-theo	491	commercial	2	no	no	2019/12/Kat-Theo-Featured.jpg	2019/12/Kat-Theo-Featured.jpg	no	2048	1121	no	Screen Shot 2016-03-02 at 1.48.15 PM	491	no	
501	vivvi-daycare-tribeca	494	commercial	3	no	no	2019/12/Vivvi-Featured-5-scaled.jpg	2019/12/Vivvi-Featured-5.jpg	yes	2048	1536	no		494	no	
510	burger-lobster	509	commercial	1	no	no	2019/12/Burger-Lobster-Featured.jpg	2019/12/Burger-Lobster-Featured.jpg	no	1200	800	no		509	no	
514	momofuku-ko	512	commercial	1	yes	no	2019/12/Momofuku-Featured.jpg	2019/12/Momofuku-Featured.jpg	no	1500	1000	no		512	no	
521	tribeca-loft	520	residential	1	yes	no	2019/12/Tribeca-Loft-Featured-scaled.jpg	2019/12/Tribeca-Loft-Featured.jpg	yes	1920	2560	no		520	no	
528	1st-ave-apt	527	residential	1	yes	no	2019/12/Murray-Hill-Featured.jpg	2019/12/Murray-Hill-Featured.jpg	no	1200	870	no		527	no	
532	st-lukes-place-townhouse	531	residential	1	no	no	2019/12/West-Village-Featured.jpg	2019/12/West-Village-Featured.jpg	no	1647	1100	no		531	no	
535	thompson-st-studio	534	residential	1	yes	no	2019/12/THOMPSON_STUDIO-Featured-scaled.jpg	2019/12/THOMPSON_STUDIO-Featured.jpg	yes	2048	1366	no		534	no	
538	west-23rd-townhouse-2	537	residential		yes	yes	2019/12/W23-Featured.jpg.png	2019/12/W23-Featured.jpg.png	no	990	740	no		537	no	
541	e63-st-penthouse	540	residential	1	yes	no	2019/12/Upper-East-Side-Penthouse-Featured.jpg	2019/12/Upper-East-Side-Penthouse-Featured.jpg	no	640	392	no		540	no	
547	versa-marriott	546	commercial	7	no	no	2019/12/Featured-Rock-and-Rileys-scaled.jpg	2019/12/Featured-Rock-and-Rileys.jpg	yes	2048	854	no		546	no	
550	gunter-seeger	549	commercial	6	no	no	2019/12/Gunter-Seeger-Featured.jpg	2019/12/Gunter-Seeger-Featured.jpg	no	1642	900	no		549	no	
553	mexicue	3349	commercial	19	yes	no	2019/12/Mexicue-Featured.jpg	2019/12/Mexicue-Featured.jpg	no	1200	800	no		552	no	
565	upper-east-side-townhouse	564	commercial	2	no	no	2019/12/Washington-Sq-Derm-Featured.jpg	2019/12/Washington-Sq-Derm-Featured.jpg	no	1695	1232	no		564	no	
577	indeed-corporate-office-suite	555	commercial		yes	yes	2019/12/Indeed-Updated-Featured.jpg	2019/12/Indeed-Updated-Featured.jpg	no	1034	647	no		555	no	
578	gunter-seeger	549	commercial	4	no	no	2019/12/Gunter-Updated-Featured-scaled.jpg	2019/12/Gunter-Updated-Featured.jpg	yes	2048	854	no		549	no	
580	free-people-retail-store	503	commercial		yes	yes	2019/12/Free-People-Updated-Featured.jpg	2019/12/Free-People-Updated-Featured.jpg	no	513	601	no		503	no	
607	69th-st-townhouse	570	residential	10	no	no	2019/12/UWS_TOWNHOUSE6.jpg	2019/12/UWS_TOWNHOUSE6.jpg	no	1200	1800	no		570	no	
609	69th-st-townhouse	570	residential	9	no	no	2019/12/UWS_TOWNHOUSE4.jpg	2019/12/UWS_TOWNHOUSE4.jpg	no	1800	1200	no		570	no	
613	horatio-st-townhouse	567	residential	10	no	no	2019/12/Horatio-St-3.68x6.74.jpg	2019/12/Horatio-St-3.68x6.74.jpg	no	1104	2022	no		567	no	
615	horatio-st-townhouse	567	residential	11	no	no	2019/12/Horatio-St-3.9x3.jpg	2019/12/Horatio-St-3.9x3.jpg	no	1170	1002	no		567	no	
616	horatio-st-townhouse	567	residential	12	no	no	2019/12/Horatio-St-2.35x3.12.jpg	2019/12/Horatio-St-2.35x3.12.jpg	no	705	936	no		567	no	
617	horatio-st-townhouse	567	residential	13	no	no	2019/12/Horatio-St-4.50x2.86.jpg	2019/12/Horatio-St-4.50x2.86.jpg	no	1350	858	no		567	no	
618	horatio-st-townhouse	567	residential	14	no	no	2019/12/Horatio-St-2.17x3.12.jpg	2019/12/Horatio-St-2.17x3.12.jpg	no	651	936	no		567	no	
619	horatio-st-townhouse	567	residential	15	no	no	2019/12/Streamline-Residential-Horatio-12-4.11x5.65.jpg	2019/12/Streamline-Residential-Horatio-12-4.11x5.65.jpg	no	1695	1233	no		567	no	
622	horatio-st-townhouse	567	residential	16	no	no	2019/12/Streamline-Residential-Horatio-17-1.71x2.08-1.jpg	2019/12/Streamline-Residential-Horatio-17-1.71x2.08-1.jpg	no	513	624	no		567	no	
627	upper-east-side-townhouse	564	commercial	3	no	no	2019/12/Streamline-USA-Washington-Square-Dermatology-2.08x2.63.jpg	2019/12/Streamline-USA-Washington-Square-Dermatology-2.08x2.63.jpg	no	624	789	no		564	no	
628	upper-east-side-townhouse	564	commercial	4	no	no	2019/12/Streamline-USA-Washington-Square-Dermatology-3.69x4.36.jpg	2019/12/Streamline-USA-Washington-Square-Dermatology-3.69x4.36.jpg	no	1107	1309	no		564	no	
629	upper-east-side-townhouse	564	commercial	5	no	no	2019/12/Streamline-USA-Washington-Square-Dermatology-1.71x4.37.jpg	2019/12/Streamline-USA-Washington-Square-Dermatology-1.71x4.37.jpg	no	513	1311	no		564	no	
632	kith	561	commercial	1	no	no	2019/12/StreamlineUSA-RET-Kith-02-4x5.65.jpg	2019/12/StreamlineUSA-RET-Kith-02-4x5.65.jpg	no	1695	1200	no		561	no	
633	kith	561	commercial	2	no	no	2019/12/StreamlineUSA-RET-Kith-12-3x2.jpg	2019/12/StreamlineUSA-RET-Kith-12-3x2.jpg	no	900	600	no		561	no	
635	kith	561	commercial	3	no	no	2019/12/SL-_-Retail-Kith-17-2.155x2-1-scaled.jpg	2019/12/SL-_-Retail-Kith-17-2.155x2-1.jpg	yes	2048	2208	no		561	no	
636	kith	561	commercial	4	no	no	2019/12/StreamlineUSA-RET-Kith-03-2x4.205.jpg	2019/12/StreamlineUSA-RET-Kith-03-2x4.205.jpg	no	1262	600	no		561	no	
637	kith	561	commercial	5	no	no	2019/12/StreamlineUSA-RET-Kith-13-4.3708x3.4.jpg	2019/12/StreamlineUSA-RET-Kith-13-4.3708x3.4.jpg	no	1020	1311	no		561	no	
640	kith	561	commercial	6	no	no	2019/12/SL-_-Retail-Kith-08-2.155x2.jpg	2019/12/SL-_-Retail-Kith-08-2.155x2.jpg	no	600	647	no		561	no	
641	kith	561	commercial	7	yes	no	2019/12/StreamlineUSA-RET-Kith-03-4.37x3.4.jpg	2019/12/StreamlineUSA-RET-Kith-03-4.37x3.4.jpg	no	1020	1311	no		561	no	
642	kith	561	commercial	8	no	no	2019/12/SL-_-Retail-Kith-02-2x3.jpg	2019/12/SL-_-Retail-Kith-02-2x3.jpg	no	900	600	no		561	no	
644	kith	561	commercial	9	no	no	2019/12/StreamlineUSA-RET-Kith-04-1.46x2.jpg	2019/12/StreamlineUSA-RET-Kith-04-1.46x2.jpg	no	600	438	no		561	no	
649	autrium-corporate-office	558	commercial		yes	yes	2019/12/Streamline-USA-Atrium-5.65x4.11.jpg	2019/12/Streamline-USA-Atrium-5.65x4.11.jpg	no	1695	1233	no		558	no	
653	69th-st-townhouse	570	residential	11	no	no	2019/12/UWS_TOWNHOUSE7-1.jpg	2019/12/UWS_TOWNHOUSE7-1.jpg	no	1200	1800	no		570	no	
655	indeed-corporate-office-suite	555	commercial	3	no	no	2019/12/SL-_-Commercial-Indeed-06-3x2.jpg	2019/12/SL-_-Commercial-Indeed-06-3x2.jpg	no	1436	599	no		555	no	
656	indeed-corporate-office-suite	555	commercial	6	no	no	2019/12/SL-_-Commercial-Indeed-07-1.4x2.jpg	2019/12/SL-_-Commercial-Indeed-07-1.4x2.jpg	no	600	420	no		555	no	
658	indeed-corporate-office-suite	555	commercial	1	no	no	2019/12/SL-_-Commercial-Indeed-02-2.155x2.jpg	2019/12/SL-_-Commercial-Indeed-02-2.155x2.jpg	no	600	646	no		555	no	
659	indeed-corporate-office-suite	555	commercial	2	no	no	2019/12/SL-_-Commercial-Indeed-01-4x5.65.jpg	2019/12/SL-_-Commercial-Indeed-01-4x5.65.jpg	no	1695	1200	no		555	no	
661	indeed-corporate-office-suite	555	commercial	5	no	no	2019/12/Indeed-Pic.jpg	2019/12/Indeed-Pic.jpg	no	1600	1068	no		555	no	
665	mexicue	3349	commercial	18	no	no	2019/12/MEX6.jpg	2019/12/MEX6.jpg	no	1200	800	no		552	no	
666	mexicue	3349	commercial	17	no	no	2019/12/MEX5.jpg	2019/12/MEX5.jpg	no	1200	990	no		552	no	
667	mexicue	3349	commercial	16	no	no	2019/12/MEX1.jpg	2019/12/MEX1.jpg	no	1200	800	no		552	no	
668	mexicue	3349	commercial	15	no	no	2019/12/MEX2.jpg	2019/12/MEX2.jpg	no	1200	800	no		552	no	
669	mexicue	3349	commercial	14	no	no	2019/12/MEX4.jpg	2019/12/MEX4.jpg	no	970	647	no		552	no	
673	gunter-seeger	549	commercial	2	no	no	2019/12/BLURRY.jpg	2019/12/BLURRY.jpg	no	938	900	no		549	no	
676	versa-marriott	546	commercial	2	no	no	2019/12/SL-_-Hospitality-_-218-W35-_-RocknReillys-3.125x3-1.jpg	2019/12/SL-_-Hospitality-_-218-W35-_-RocknReillys-3.125x3-1.jpg	no	938	900	no		546	no	
677	versa-marriott	546	commercial	4	no	no	2019/12/SL-_-Hospitality-_-218-W35-_-RocknReillys-3.125x3-2-scaled.jpg	2019/12/SL-_-Hospitality-_-218-W35-_-RocknReillys-3.125x3-2.jpg	yes	2048	1966	no		546	no	
678	versa-marriott	546	commercial	3	no	no	2019/12/SL-_-Hospitality-_-218-W35-_-RocknReillys-5.475x3-2.jpg	2019/12/SL-_-Hospitality-_-218-W35-_-RocknReillys-5.475x3-2.jpg	no	1643	900	no		546	no	
680	e63-st-penthouse	540	residential	2	no	no	2019/12/Upper-East-Side-Penthouse-1.jpg	2019/12/Upper-East-Side-Penthouse-1.jpg	no	640	427	no		540	no	
681	e63-st-penthouse	540	residential	3	no	no	2019/12/Upper-East-Side-Penthouse-2.jpg	2019/12/Upper-East-Side-Penthouse-2.jpg	no	640	401	no		540	no	
682	e63-st-penthouse	540	residential	4	no	no	2019/12/Upper-East-Side-Penthouse-5.jpg	2019/12/Upper-East-Side-Penthouse-5.jpg	no	640	401	no		540	no	
683	e63-st-penthouse	540	residential	5	no	no	2019/12/Upper-East-Side-Penthouse-4.jpg	2019/12/Upper-East-Side-Penthouse-4.jpg	no	640	393	no		540	no	
694	thompson-st-studio	534	residential	2	no	no	2019/12/THOMPSON_STUDIO3-scaled.jpg	2019/12/THOMPSON_STUDIO3.jpg	yes	2048	1366	no		534	no	
695	thompson-st-studio	534	residential	3	no	no	2019/12/THOMPSON_STUDIO1-scaled.jpg	2019/12/THOMPSON_STUDIO1.jpg	yes	2048	1366	no		534	no	
696	thompson-st-studio	534	residential	4	no	no	2019/12/THOMPSON_STUDIO4-scaled.jpg	2019/12/THOMPSON_STUDIO4.jpg	yes	2048	1366	no		534	no	
697	thompson-st-studio	534	residential	5	no	no	2019/12/THOMPSON_STUDIO5-scaled.jpg	2019/12/THOMPSON_STUDIO5.jpg	yes	2048	1366	no		534	no	
699	st-lukes-place-townhouse	531	residential	7	no	no	2019/12/12.jpg	2019/12/12.jpg	no	1670	1100	no		531	no	
700	st-lukes-place-townhouse	531	residential	2	no	no	2019/12/14.jpg	2019/12/14.jpg	no	1648	1100	no		531	no	
701	st-lukes-place-townhouse	531	residential	3	no	no	2019/12/17.jpg	2019/12/17.jpg	no	733	1100	no		531	no	
702	st-lukes-place-townhouse	531	residential	4	no	no	2019/12/1.jpg	2019/12/1.jpg	no	1649	1100	no		531	no	
703	st-lukes-place-townhouse	531	residential	5	no	no	2019/12/3.jpg	2019/12/3.jpg	no	1649	1100	no		531	no	
704	st-lukes-place-townhouse	531	residential	6	no	no	2019/12/8.jpg	2019/12/8.jpg	no	1648	1100	no		531	no	
705	st-lukes-place-townhouse	531	residential	11	no	no	2019/12/9.jpg	2019/12/9.jpg	no	1649	1100	no		531	no	
706	st-lukes-place-townhouse	531	residential	8	no	no	2019/12/10.jpg	2019/12/10.jpg	no	1647	1100	no		531	no	
707	st-lukes-place-townhouse	531	residential	9	no	no	2019/12/11.jpg	2019/12/11.jpg	no	1652	1100	no		531	no	
708	st-lukes-place-townhouse	531	residential	10	no	no	2019/12/13.jpg	2019/12/13.jpg	no	1650	1100	no		531	no	
709	st-lukes-place-townhouse	531	residential	12	no	no	2019/12/15.jpg	2019/12/15.jpg	no	1648	1100	no		531	no	
710	st-lukes-place-townhouse	531	residential	13	no	no	2019/12/16.jpg	2019/12/16.jpg	no	1640	1100	no		531	no	
711	st-lukes-place-townhouse	531	residential	14	no	no	2019/12/2.jpg	2019/12/2.jpg	no	1650	1100	no		531	no	
712	st-lukes-place-townhouse	531	residential	15	no	no	2019/12/4.jpg	2019/12/4.jpg	no	1650	1100	no		531	no	
714	st-lukes-place-townhouse	531	residential	16	no	no	2019/12/7.jpg	2019/12/7.jpg	no	1647	1100	no		531	no	
716	1st-ave-apt	527	residential	2	no	no	2019/12/MURRAYHILL1.jpg	2019/12/MURRAYHILL1.jpg	no	1200	800	no		527	no	
717	1st-ave-apt	527	residential	3	no	no	2019/12/MURRAYHILL2.jpg	2019/12/MURRAYHILL2.jpg	no	1200	800	no		527	no	
718	1st-ave-apt	527	residential	4	no	no	2019/12/MURRAYHILL4.jpg	2019/12/MURRAYHILL4.jpg	no	1200	800	no		527	no	
719	1st-ave-apt	527	residential	5	no	no	2019/12/MURRAYHILL3.jpg	2019/12/MURRAYHILL3.jpg	no	1200	800	no		527	no	
720	1st-ave-apt	527	residential	6	no	no	2019/12/MURRAYHILL5.jpg	2019/12/MURRAYHILL5.jpg	no	800	1200	no		527	no	
721	1st-ave-apt	527	residential	7	no	no	2019/12/MURRAYHILL7.jpg	2019/12/MURRAYHILL7.jpg	no	800	1200	no		527	no	
727	53rd-st-studio	2838	residential	16	yes	no	2019/12/SL-_-Residential-_-215-Madision-_-Residence-3.425x3.jpg	2019/12/SL-_-Residential-_-215-Madision-_-Residence-3.425x3.jpg	no	1027	900	no		523	no	
729	tribeca-loft	520	residential	2	no	no	2019/12/IMG_1243-scaled.jpg	2019/12/IMG_1243.jpg	yes	1920	2560	no		520	no	
730	tribeca-loft	520	residential	3	no	no	2019/12/IMG_1244-scaled.jpg	2019/12/IMG_1244.jpg	yes	1920	2560	no		520	no	
731	tribeca-loft	520	residential	4	no	no	2019/12/IMG_1245-scaled.jpg	2019/12/IMG_1245.jpg	yes	1920	2560	no		520	no	
732	tribeca-loft	520	residential	5	no	no	2019/12/IMG_1246-scaled.jpg	2019/12/IMG_1246.jpg	yes	1920	2560	no		520	no	
733	tribeca-loft	520	residential	6	no	no	2019/12/IMG_1247-scaled.jpg	2019/12/IMG_1247.jpg	yes	1920	2560	no		520	no	
739	hudson-street-penthouse	517	residential	1	no	no	2019/12/Hudson-Featured.jpg	2019/12/Hudson-Featured.jpg	no	1280	854	no		517	no	
743	hudson-street-penthouse	517	residential	4	no	no	2019/12/i-7HqhMqw-X2.jpg	2019/12/i-7HqhMqw-X2.jpg	no	640	960	no		517	no	
744	hudson-street-penthouse	517	residential	5	no	no	2019/12/i-Khm4Tpw-X2.jpg	2019/12/i-Khm4Tpw-X2.jpg	no	768	960	no		517	no	
745	hudson-street-penthouse	517	residential	6	no	no	2019/12/i-pSZ2SP3-X3.jpg	2019/12/i-pSZ2SP3-X3.jpg	no	1600	1069	no		517	no	
746	hudson-street-penthouse	517	residential	7	no	no	2019/12/i-tVwN3fB-X2.jpg	2019/12/i-tVwN3fB-X2.jpg	no	1280	854	no		517	no	
747	hudson-street-penthouse	517	residential	3	no	no	2019/12/i-CS9WgLM-X2.jpg	2019/12/i-CS9WgLM-X2.jpg	no	1280	854	no		517	no	
748	hudson-street-penthouse	517	residential	10	no	no	2019/12/i-WcQdmRm-X2.jpg	2019/12/i-WcQdmRm-X2.jpg	no	1142	960	no		517	no	
749	hudson-street-penthouse	517	residential	2	no	no	2019/12/i-Dpjk2Rc-X2.jpg	2019/12/i-Dpjk2Rc-X2.jpg	no	768	960	no		517	no	
750	hudson-street-penthouse	517	residential	8	no	no	2019/12/i-Nssb2GP-X2.jpg	2019/12/i-Nssb2GP-X2.jpg	no	640	960	no		517	no	
752	hudson-street-penthouse	517	residential	9	no	no	2019/12/i-xTCMsVL-X2.jpg	2019/12/i-xTCMsVL-X2.jpg	no	1280	854	no		517	no	
755	hudson-street-penthouse	517	residential		yes	yes	2019/12/Hudson-Featured-1.jpg	2019/12/Hudson-Featured-1.jpg	no	1280	854	no		517	no	
762	momofuku-ko	512	commercial	2	no	no	2019/12/20180215_Momofuku_Ko_0173b_WEB.jpg	2019/12/20180215_Momofuku_Ko_0173b_WEB.jpg	no	1500	1071	no		512	no	
763	momofuku-ko	512	commercial	3	no	no	2019/12/20180215_Momofuku_Ko_0206_WEB.jpg	2019/12/20180215_Momofuku_Ko_0206_WEB.jpg	no	1500	1000	no		512	no	
764	momofuku-ko	512	commercial	4	no	no	2019/12/20180215_Momofuku_Ko_0173_WEB.jpg	2019/12/20180215_Momofuku_Ko_0173_WEB.jpg	no	1500	1000	no		512	no	
765	momofuku-ko	512	commercial	5	no	no	2019/12/20180215_Momofuku_Ko_0279_WEB.jpg	2019/12/20180215_Momofuku_Ko_0279_WEB.jpg	no	1500	1125	no		512	no	
766	momofuku-ko	512	commercial	6	no	no	2019/12/20180215_Momofuku_Ko_0280_WEB.jpg	2019/12/20180215_Momofuku_Ko_0280_WEB.jpg	no	1500	1000	no		512	no	
767	momofuku-ko	512	commercial	7	no	no	2019/12/20180215_Momofuku_Ko_0459_WEB.jpg	2019/12/20180215_Momofuku_Ko_0459_WEB.jpg	no	1500	1000	no		512	no	
768	momofuku-ko	512	commercial	8	no	no	2019/12/20180215_Momofuku_Ko_0368_WEB.jpg	2019/12/20180215_Momofuku_Ko_0368_WEB.jpg	no	1500	1000	no		512	no	
770	burger-lobster	509	commercial	3	no	no	2019/12/BURGERLOBSTER6.jpg	2019/12/BURGERLOBSTER6.jpg	no	1200	800	no		509	no	
771	burger-lobster	509	commercial	2	no	no	2019/12/BURGERLOBSTER2.jpg	2019/12/BURGERLOBSTER2.jpg	no	1200	800	no		509	no	
772	burger-lobster	509	commercial	4	no	no	2019/12/BURGERLOBSTER7.jpg	2019/12/BURGERLOBSTER7.jpg	no	1200	800	no		509	no	
773	burger-lobster	509	commercial	7	yes	no	2019/12/BURGERLOBSTER3.jpg	2019/12/BURGERLOBSTER3.jpg	no	1200	800	no		509	no	
774	burger-lobster	509	commercial	5	no	no	2019/12/BURGERLOBSTER5.jpg	2019/12/BURGERLOBSTER5.jpg	no	1200	800	no		509	no	
775	burger-lobster	509	commercial	6	no	no	2019/12/BURGERLOBSTER4.jpg	2019/12/BURGERLOBSTER4.jpg	no	1200	800	no		509	no	
782	spring-studios-spring-place	506	commercial	1	no	no	2019/12/Spring-Studio-Featured-1.jpg	2019/12/Spring-Studio-Featured-1.jpg	no	900	600	no		506	no	
790	vivvi-daycare-tribeca	494	commercial	2	no	no	2019/12/11OF11-VIVVI-F.OUDEMAN┬⌐-03-scaled.jpg	2019/12/11OF11-VIVVI-F.OUDEMAN┬⌐-03.jpg	yes	2048	1536	no		494	no	
794	vivvi-daycare-tribeca	494	commercial	13	no	no	2019/12/11OF11-VIVVI-F.OUDEMAN┬⌐-13-2-scaled.jpg	2019/12/11OF11-VIVVI-F.OUDEMAN┬⌐-13-2.jpg	yes	2048	1536	no		494	no	
796	vivvi-daycare-tribeca	494	commercial	1	yes	no	2019/12/11OF11-VIVVI-F.OUDEMAN11-scaled.jpg	2019/12/11OF11-VIVVI-F.OUDEMAN11.jpg	yes	2048	1536	no		494	no	
799	vivvi-daycare-tribeca	494	commercial	6	no	no	2019/12/11OF11-VIVVI-F.OUDEMAN09-1-scaled.jpg	2019/12/11OF11-VIVVI-F.OUDEMAN09-1.jpg	yes	2048	1536	no		494	no	
803	vivvi-daycare-tribeca	494	commercial	9	no	no	2019/12/11OF11-VIVVI-F.OUDEMAN10-3-scaled.jpg	2019/12/11OF11-VIVVI-F.OUDEMAN10-3.jpg	yes	2048	1536	no		494	no	
806	vivvi-daycare-tribeca	494	commercial	12	no	no	2019/12/11OF11-VIVVI-F.OUDEMAN12-2-scaled.jpg	2019/12/11OF11-VIVVI-F.OUDEMAN12-2.jpg	yes	2048	1536	no		494	no	
808	kat-theo	491	commercial	3	no	no	2019/12/SL-_-Hospitality-_-2-W21-_-KatTheo-3.125x3-2.jpg	2019/12/SL-_-Hospitality-_-2-W21-_-KatTheo-3.125x3-2.jpg	no	896	933	no		491	no	
809	kat-theo	491	commercial	4	no	no	2019/12/SL-_-Hospitality-_-2-W21-_-KatTheo-3.125x3-1.jpg	2019/12/SL-_-Hospitality-_-2-W21-_-KatTheo-3.125x3-1.jpg	no	1736	1667	no		491	no	
810	kat-theo	491	commercial	5	no	no	2019/12/SL-_-Hospitality-_-2-W21-_-KatTheo-8.175x3.65.jpg	2019/12/SL-_-Hospitality-_-2-W21-_-KatTheo-8.175x3.65.jpg	no	2048	854	no		491	no	
813	mint-kitchen-restaurant	443	commercial	12	yes	no	2019/12/Creme_Mint-Kitchen_HR-11-scaled.jpg	2019/12/Creme_Mint-Kitchen_HR-11.jpg	yes	2048	1366	no		443	no	
815	mint-kitchen-restaurant	443	commercial	8	no	no	2019/12/Creme_Mint-Kitchen_HR-13-scaled.jpg	2019/12/Creme_Mint-Kitchen_HR-13.jpg	yes	2048	1366	no		443	no	
818	mint-kitchen-restaurant	443	commercial	11	no	no	2019/12/Creme_Mint-Kitchen_HR-16-scaled.jpg	2019/12/Creme_Mint-Kitchen_HR-16.jpg	yes	2048	1366	no		443	no	
827	mint-kitchen-restaurant	443	commercial	5	no	no	2019/12/Creme_Mint-Kitchen_HR-6-scaled.jpg	2019/12/Creme_Mint-Kitchen_HR-6.jpg	yes	1707	2560	no		443	no	
828	mint-kitchen-restaurant	443	commercial	7	no	no	2019/12/Creme_Mint-Kitchen_HR-7-scaled.jpg	2019/12/Creme_Mint-Kitchen_HR-7.jpg	yes	1707	2560	no		443	no	
829	mint-kitchen-restaurant	443	commercial	4	no	no	2019/12/Creme_Mint-Kitchen_HR-8-scaled.jpg	2019/12/Creme_Mint-Kitchen_HR-8.jpg	yes	1707	2560	no		443	no	
830	mint-kitchen-restaurant	443	commercial	10	no	no	2019/12/Creme_Mint-Kitchen_HR-9-scaled.jpg	2019/12/Creme_Mint-Kitchen_HR-9.jpg	yes	1707	2560	no		443	no	
833	mint-kitchen-restaurant	443	commercial	3	no	no	2019/12/Creme_Mint-Kitchen_HR-3-1-scaled.jpg	2019/12/Creme_Mint-Kitchen_HR-3-1.jpg	yes	2048	1365	no		443	no	
837	boqueria-restaurant	439	commercial	3	no	no	2019/12/Boqueria_West40_0518_LizClayman_210-scaled.jpg	2019/12/Boqueria_West40_0518_LizClayman_210.jpg	yes	1710	2560	no		439	no	
838	boqueria-restaurant	439	commercial	4	no	no	2019/12/Boqueria_West40_0518_LizClayman_211-scaled.jpg	2019/12/Boqueria_West40_0518_LizClayman_211.jpg	yes	2048	1367	no		439	no	
839	boqueria-restaurant	439	commercial	2	no	no	2019/12/Boqueria_West40_0518_LizClayman_212-scaled.jpg	2019/12/Boqueria_West40_0518_LizClayman_212.jpg	yes	2048	1367	no		439	no	
843	boqueria-restaurant	439	commercial	5	no	no	2019/12/Boqueria_West40_0518_LizClayman_197-scaled.jpg	2019/12/Boqueria_West40_0518_LizClayman_197.jpg	yes	1709	2560	no		439	no	
844	boqueria-restaurant	439	commercial	6	no	no	2019/12/Boqueria_West40_0518_LizClayman_203-scaled.jpg	2019/12/Boqueria_West40_0518_LizClayman_203.jpg	yes	2048	1368	no		439	no	
845	boqueria-restaurant	439	commercial	7	no	no	2019/12/Boqueria_West40_0518_LizClayman_206-scaled.jpg	2019/12/Boqueria_West40_0518_LizClayman_206.jpg	yes	2048	1367	no		439	no	
846	boqueria-restaurant	439	commercial	8	no	no	2019/12/Boqueria_West40_0518_LizClayman_209-scaled.jpg	2019/12/Boqueria_West40_0518_LizClayman_209.jpg	yes	2048	1367	no		439	no	
850	boqueria-restaurant	439	commercial	9	no	no	2019/12/Boqueria_West40_0518_LizClayman_128-1-scaled.jpg	2019/12/Boqueria_West40_0518_LizClayman_128-1.jpg	yes	2048	1367	no		439	no	
852	sugar-cane-raw-bar-and-grill	436	commercial	3	no	no	2019/12/SUGARCANE2.jpg	2019/12/SUGARCANE2.jpg	no	1200	800	no		436	no	
853	sugar-cane-raw-bar-and-grill	436	commercial	4	no	no	2019/12/SUGARCANE3.jpg	2019/12/SUGARCANE3.jpg	no	1200	800	no		436	no	
854	sugar-cane-raw-bar-and-grill	436	commercial	7	no	no	2019/12/SUGARCANE9.jpg	2019/12/SUGARCANE9.jpg	no	923	1200	no		436	no	
855	sugar-cane-raw-bar-and-grill	436	commercial	9	no	no	2019/12/SUGARCANE6.jpg	2019/12/SUGARCANE6.jpg	no	800	1200	no		436	no	
856	sugar-cane-raw-bar-and-grill	436	commercial	5	no	no	2019/12/SUGARCANE4.jpg	2019/12/SUGARCANE4.jpg	no	1200	800	no		436	no	
858	sugar-cane-raw-bar-and-grill	436	commercial	8	no	no	2019/12/SUGARCANE7.jpg	2019/12/SUGARCANE7.jpg	no	1200	1079	no		436	no	
859	sugar-cane-raw-bar-and-grill	436	commercial	6	no	no	2019/12/SUGARCANE8.jpg	2019/12/SUGARCANE8.jpg	no	1500	1000	no		436	no	
861	grand-ole-opry-city-stage	433	commercial	2	no	no	2019/12/OPRY5.jpg	2019/12/OPRY5.jpg	no	480	312	no		433	no	
862	grand-ole-opry-city-stage	433	commercial	3	no	no	2019/12/OPRY10.jpg	2019/12/OPRY10.jpg	no	1800	1200	no		433	no	
863	grand-ole-opry-city-stage	433	commercial	4	no	no	2019/12/OPRY11.jpg	2019/12/OPRY11.jpg	no	1800	1200	no		433	no	
864	grand-ole-opry-city-stage	433	commercial	5	no	no	2019/12/OPRY2.jpg	2019/12/OPRY2.jpg	no	1800	1200	no		433	no	
865	grand-ole-opry-city-stage	433	commercial	6	no	no	2019/12/OPRY3.jpg	2019/12/OPRY3.jpg	no	1800	1200	no		433	no	
866	grand-ole-opry-city-stage	433	commercial	7	no	no	2019/12/OPRY4.jpg	2019/12/OPRY4.jpg	no	1800	1200	no		433	no	
867	grand-ole-opry-city-stage	433	commercial	8	no	no	2019/12/OPRY6.jpg	2019/12/OPRY6.jpg	no	1800	1200	no		433	no	
868	grand-ole-opry-city-stage	433	commercial	9	no	no	2019/12/OPRY7.jpg	2019/12/OPRY7.jpg	no	1800	1200	no		433	no	
869	grand-ole-opry-city-stage	433	commercial	10	no	no	2019/12/OPRY8.jpg	2019/12/OPRY8.jpg	no	1800	1200	no		433	no	
870	grand-ole-opry-city-stage	433	commercial	11	no	no	2019/12/OPRY9.jpg	2019/12/OPRY9.jpg	no	1800	1200	no		433	no	
925	vivvi-daycare-tribeca	494	commercial	8	no	no	2019/12/Vivvi-8-scaled.jpg	2019/12/Vivvi-8.jpg	yes	2048	1536	no		494	no	
926	vivvi-daycare-tribeca	494	commercial	7	no	no	2019/12/Vivvi-7-scaled.jpg	2019/12/Vivvi-7.jpg	yes	2048	1536	no		494	no	
927	vivvi-daycare-tribeca	494	commercial	5	no	no	2019/12/Vivvi-6-scaled.jpg	2019/12/Vivvi-6.jpg	yes	2048	1536	no		494	no	
929	vivvi-daycare-tribeca	494	commercial	10	no	no	2019/12/Vivvi-5-scaled.jpg	2019/12/Vivvi-5.jpg	yes	2048	1536	no		494	no	
930	vivvi-daycare-tribeca	494	commercial	4	no	no	2019/12/Vivvi-2-1-scaled.jpg	2019/12/Vivvi-2-1.jpg	yes	2048	1535	no		494	no	
931	vivvi-daycare-tribeca	494	commercial	11	no	no	2019/12/Vivvi-2-2-scaled.jpg	2019/12/Vivvi-2-2.jpg	yes	2048	1536	no		494	no	
990	mexicue	3349	commercial	13	no	no	2019/12/DSC_0062-scaled.jpg	2019/12/DSC_0062.jpg	yes	2048	1366	no		436	no	
992	mexicue	3349	commercial	12	no	no	2019/12/DSC_0049-scaled.jpg	2019/12/DSC_0049.jpg	yes	2048	1366	no		436	no	
993	mexicue	3349	commercial	11	no	no	2019/12/DSC_0048-scaled.jpg	2019/12/DSC_0048.jpg	yes	2048	1366	no		436	no	
994	mexicue	3349	commercial	10	no	no	2019/12/DSC_0064-scaled.jpg	2019/12/DSC_0064.jpg	yes	2048	1366	no		436	no	
995	mexicue	3349	commercial	9	no	no	2019/12/DSC_0058-scaled.jpg	2019/12/DSC_0058.jpg	yes	2048	1366	no		436	no	
996	mexicue	3349	commercial	8	no	no	2019/12/DSC_0059-scaled.jpg	2019/12/DSC_0059.jpg	yes	2048	1366	no		436	no	
997	mexicue	3349	commercial	7	no	no	2019/12/DSC_0065-scaled.jpg	2019/12/DSC_0065.jpg	yes	2048	1366	no		436	no	
998	mexicue	3349	commercial	6	no	no	2019/12/DSC_0057-scaled.jpg	2019/12/DSC_0057.jpg	yes	2048	1366	no		436	no	
999	mexicue	3349	commercial	5	no	no	2019/12/DSC_0056-scaled.jpg	2019/12/DSC_0056.jpg	yes	2048	1366	no		436	no	
1000	mexicue	3349	commercial	4	no	no	2019/12/DSC_0054-scaled.jpg	2019/12/DSC_0054.jpg	yes	2048	1366	no		436	no	
1001	mexicue	3349	commercial	3	no	no	2019/12/DSC_0055-scaled.jpg	2019/12/DSC_0055.jpg	yes	2048	1366	no		436	no	
1002	mexicue	3349	commercial	2	no	no	2019/12/DSC_0052-scaled.jpg	2019/12/DSC_0052.jpg	yes	2048	1366	no		436	no	
1003	mexicue	3349	commercial	1	no	no	2019/12/DSC_0047-scaled.jpg	2019/12/DSC_0047.jpg	yes	2048	1366	no		436	no	
1008	kat-theo	491	commercial	6	no	no	2019/12/Screen-Shot-2016-03-02-at-1.48.10-PM.jpg	2019/12/Screen-Shot-2016-03-02-at-1.48.10-PM.jpg	no	1874	1236	no		491	no	
1009	kat-theo	491	commercial	1	yes	no	2019/12/Screen-Shot-2016-03-02-at-1.48.15-PM.jpg	2019/12/Screen-Shot-2016-03-02-at-1.48.15-PM.jpg	no	1866	1236	no		491	no	
1010	kat-theo	491	commercial	7	no	no	2019/12/Screen-Shot-2016-03-02-at-1.48.02-PM.jpg	2019/12/Screen-Shot-2016-03-02-at-1.48.02-PM.jpg	no	1860	1236	no		491	no	
1011	kat-theo	491	commercial	8	no	no	2019/12/Screen-Shot-2016-03-02-at-1.48.46-PM-1.jpg	2019/12/Screen-Shot-2016-03-02-at-1.48.46-PM-1.jpg	no	818	1222	no		491	no	
1012	kat-theo	491	commercial	9	no	no	2019/12/Screen-Shot-2016-03-02-at-1.48.52-PM.jpg	2019/12/Screen-Shot-2016-03-02-at-1.48.52-PM.jpg	no	1854	1230	no		491	no	
1013	kat-theo	491	commercial	10	no	no	2019/12/Screen-Shot-2016-03-02-at-1.48.29-PM.jpg	2019/12/Screen-Shot-2016-03-02-at-1.48.29-PM.jpg	no	820	1238	no		491	no	
1017	free-people-retail-store	503	commercial	5	no	no	2019/12/IMG_3444-scaled.jpg	2019/12/IMG_3444.jpg	yes	1920	2560	no		503	no	
1018	free-people-retail-store	503	commercial	4	no	no	2019/12/Free-People-by-Streamline-USA-1.71x2.0.jpg	2019/12/Free-People-by-Streamline-USA-1.71x2.0.jpg	no	513	601	no		503	no	
1019	free-people-retail-store	503	commercial	2	no	no	2019/12/Free-People-by-Streamline-USA-1.71x2.19-1.jpg	2019/12/Free-People-by-Streamline-USA-1.71x2.19-1.jpg	no	513	873	no		503	no	
1020	free-people-retail-store	503	commercial	6	no	no	2019/12/Free-People-by-Streamline-USA-2.1x3.71-1.jpg	2019/12/Free-People-by-Streamline-USA-2.1x3.71-1.jpg	no	630	1113	no		503	no	
1021	free-people-retail-store	503	commercial	1	no	no	2019/12/Free-People-by-Streamline-USA-3.69x4.36.jpg	2019/12/Free-People-by-Streamline-USA-3.69x4.36.jpg	no	1107	1309	no		503	no	
1022	free-people-retail-store	503	commercial	3	no	no	2019/12/Free-People-by-Streamline-USA-5.65x4.11-1.jpg	2019/12/Free-People-by-Streamline-USA-5.65x4.11-1.jpg	no	1695	1233	no		503	no	
1030	indeed-corporate-office-suite	555	commercial	8	no	no	2019/12/IMG_1211-scaled.jpg	2019/12/IMG_1211.jpg	yes	1920	2560	no		555	no	
1032	indeed-corporate-office-suite	555	commercial	9	no	no	2019/12/IMG_1212-scaled.jpg	2019/12/IMG_1212.jpg	yes	1920	2560	no		555	no	
1033	indeed-corporate-office-suite	555	commercial	7	no	no	2019/12/IMG_1216-scaled.jpg	2019/12/IMG_1216.jpg	yes	1920	2560	no		555	no	
1034	indeed-corporate-office-suite	555	commercial	10	no	no	2019/12/IMG_1217-scaled.jpg	2019/12/IMG_1217.jpg	yes	1920	2560	no		555	no	
1035	indeed-corporate-office-suite	555	commercial	12	no	no	2019/12/IMG_1215-scaled.jpg	2019/12/IMG_1215.jpg	yes	1920	2560	no		555	no	
1042	indeed-corporate-office-suite	555	commercial	13	no	no	2019/12/SL-_-Commercial-Indeed-05-2x2.155-1.jpg	2019/12/SL-_-Commercial-Indeed-05-2x2.155-1.jpg	no	646	600	no		555	no	
1044	indeed-corporate-office-suite	555	commercial	4	no	no	2019/12/SL-_-Commercial-Indeed-03-2.155x3.445.jpg	2019/12/SL-_-Commercial-Indeed-03-2.155x3.445.jpg	no	1034	647	no		555	no	
1046	indeed-corporate-office-suite	555	commercial	11	no	no	2019/12/SL-_-Commercial-Indeed-04-2x4.7875-1.jpg	2019/12/SL-_-Commercial-Indeed-04-2x4.7875-1.jpg	no	1436	599	no		555	no	
1076	horatio-st-townhouse	567	residential	5	no	no	2019/12/tersigni-palachek-residential-west-village-08.png	2019/12/tersigni-palachek-residential-west-village-08.png	no	990	740	no		567	no	
1077	horatio-st-townhouse	567	residential	6	no	no	2019/12/tersigni-palachek-residential-west-village-06.png	2019/12/tersigni-palachek-residential-west-village-06.png	no	990	740	no		567	no	
1078	horatio-st-townhouse	567	residential	4	no	no	2019/12/tersigni-palachek-residential-west-village-04.png	2019/12/tersigni-palachek-residential-west-village-04.png	no	990	740	no		567	no	
1079	horatio-st-townhouse	567	residential	9	no	no	2019/12/tersigni-palachek-residential-west-village-09.png	2019/12/tersigni-palachek-residential-west-village-09.png	no	990	740	no		567	no	
1080	horatio-st-townhouse	567	residential	7	no	no	2019/12/tersigni-palachek-residential-west-village-07.png	2019/12/tersigni-palachek-residential-west-village-07.png	no	990	740	no		567	no	
1081	horatio-st-townhouse	567	residential	8	no	no	2019/12/tersigni-palachek-residential-west-village-03.png	2019/12/tersigni-palachek-residential-west-village-03.png	no	990	740	no		567	no	
1082	horatio-st-townhouse	567	residential	2	no	no	2019/12/tersigni-palachek-residential-west-village-05.png	2019/12/tersigni-palachek-residential-west-village-05.png	no	990	740	no		567	no	
1083	horatio-st-townhouse	567	residential	3	yes	no	2019/12/tersigni-palachek-residential-west-village-02.png	2019/12/tersigni-palachek-residential-west-village-02.png	no	990	740	no		567	no	
1086	horatio-st-townhouse	567	residential	1	no	no	2019/12/tersigni-palachek-residential-west-village-01-1.png	2019/12/tersigni-palachek-residential-west-village-01-1.png	no	990	740	no		570	no	
1097	69th-st-townhouse	570	residential	1	no	no	2019/12/BlackHenselNYC_10retouched1-scaled.jpg	2019/12/BlackHenselNYC_10retouched1.jpg	yes	2048	1587	no		570	no	
1098	69th-st-townhouse	570	residential	3	no	no	2019/12/BlackHenselNYC_041-scaled.jpg	2019/12/BlackHenselNYC_041.jpg	yes	2048	1587	no		570	no	
1099	69th-st-townhouse	570	residential	6	no	no	2019/12/BlackHenselNYC_031-scaled.jpg	2019/12/BlackHenselNYC_031.jpg	yes	1873	2560	no		570	no	
1100	69th-st-townhouse	570	residential	8	no	no	2019/12/BlackHenselNYC_061-scaled.jpg	2019/12/BlackHenselNYC_061.jpg	yes	2048	1587	no		570	no	
1101	69th-st-townhouse	570	residential	7	no	no	2019/12/BlackHenselNYC_081-scaled.jpg	2019/12/BlackHenselNYC_081.jpg	yes	1873	2560	no		570	no	
1102	69th-st-townhouse	570	residential	12	no	no	2019/12/BlackHenselNYC_011-scaled.jpg	2019/12/BlackHenselNYC_011.jpg	yes	2048	1587	no		570	no	
1103	69th-st-townhouse	570	residential	5	yes	no	2019/12/BlackHenselNYC_021-scaled.jpg	2019/12/BlackHenselNYC_021.jpg	yes	2048	1587	no		570	no	
1104	69th-st-townhouse	570	residential	13	no	no	2019/12/BlackHenselNYC_091-scaled.jpg	2019/12/BlackHenselNYC_091.jpg	yes	2048	1587	no		570	no	
1105	69th-st-townhouse	570	residential	4	no	no	2019/12/BlackHenselNYC_071-scaled.jpg	2019/12/BlackHenselNYC_071.jpg	yes	2048	1587	no		570	no	
1106	69th-st-townhouse	570	residential	14	no	no	2019/12/BlackHenselNYC_11retouched1-scaled.jpg	2019/12/BlackHenselNYC_11retouched1.jpg	yes	2048	1587	no		570	no	
1107	69th-st-townhouse	570	residential	2	no	no	2019/12/BlackHenselNYC_051-scaled.jpg	2019/12/BlackHenselNYC_051.jpg	yes	1873	2560	no		570	no	
1109	madison-ave-duplex-2	523	residential	2	no	no	2019/12/SL-_-Residential-_-215-Madision-_-Residence-8.75x3.65-scaled.jpg	2019/12/SL-_-Residential-_-215-Madision-_-Residence-8.75x3.65.jpg	yes	2048	854	no		523	no	
1110	madison-ave-duplex-2	523	residential	3	no	no	2019/12/SL-_-Residential-_-215-Madision-_-Residence-3.125x3-3-1.jpg	2019/12/SL-_-Residential-_-215-Madision-_-Residence-3.125x3-3-1.jpg	no	937	900	no		523	no	
1111	madison-ave-duplex-2	523	residential	4	no	no	2019/12/SL-_-Residential-_-215-Madision-_-Residence-3.125x3-1-1.jpg	2019/12/SL-_-Residential-_-215-Madision-_-Residence-3.125x3-1-1.jpg	no	937	900	no		523	no	
1112	madison-ave-duplex-2	523	residential	5	no	no	2019/12/SL-_-Residential-_-215-Madision-_-Residence-3.125X3-2-1.jpg	2019/12/SL-_-Residential-_-215-Madision-_-Residence-3.125X3-2-1.jpg	no	900	937	no		523	no	
1113	madison-ave-duplex-2	523	residential	6	no	no	2019/12/SL-_-Residential-_-215-Madision-_-Residence-5.475x3-1.jpg	2019/12/SL-_-Residential-_-215-Madision-_-Residence-5.475x3-1.jpg	no	1642	900	no		523	no	
1114	madison-ave-duplex-2	523	residential	1	no	no	2019/12/SL-_-Residential-_-215-Madision-_-Residence-3.425x3-1.jpg	2019/12/SL-_-Residential-_-215-Madision-_-Residence-3.425x3-1.jpg	no	1027	900	no		523	no	
1118	west-23rd-townhouse-2	537	residential	1	no	no	2019/12/tersigni-palachek-residential-manhattan-townhouse-04.png	2019/12/tersigni-palachek-residential-manhattan-townhouse-04.png	no	990	740	no		537	no	
1119	west-23rd-townhouse-2	537	residential	2	no	no	2019/12/tersigni-palachek-residential-manhattan-townhouse-05.png	2019/12/tersigni-palachek-residential-manhattan-townhouse-05.png	no	990	740	no		537	no	
1120	west-23rd-townhouse-2	537	residential	3	no	no	2019/12/tersigni-palachek-residential-manhattan-townhouse-03.png	2019/12/tersigni-palachek-residential-manhattan-townhouse-03.png	no	990	740	no		537	no	
1121	west-23rd-townhouse-2	537	residential	4	no	no	2019/12/tersigni-palachek-residential-manhattan-townhouse-02.png	2019/12/tersigni-palachek-residential-manhattan-townhouse-02.png	no	990	740	no		537	no	
1122	west-23rd-townhouse-2	537	residential	5	no	no	2019/12/tersigni-palachek-residential-manhattan-townhouse-01.png	2019/12/tersigni-palachek-residential-manhattan-townhouse-01.png	no	990	740	no		537	no	
1123	west-23rd-townhouse-2	537	residential	6	no	no	2019/12/tersigni-palachek-residential-manhattan-townhouse-01a.png	2019/12/tersigni-palachek-residential-manhattan-townhouse-01a.png	no	990	740	no		537	no	
1124	west-23rd-townhouse-2	537	residential	7	no	no	2019/12/tersigni-palachek-residential-manhattan-townhouse-06.png	2019/12/tersigni-palachek-residential-manhattan-townhouse-06.png	no	990	740	no		537	no	
1125	west-23rd-townhouse-2	537	residential	8	no	no	2019/12/tersigni-palachek-residential-manhattan-townhouse-07.png	2019/12/tersigni-palachek-residential-manhattan-townhouse-07.png	no	990	740	no		537	no	
1126	west-23rd-townhouse-2	537	residential	9	no	no	2019/12/tersigni-palachek-residential-manhattan-townhouse-08.png	2019/12/tersigni-palachek-residential-manhattan-townhouse-08.png	no	990	740	no		537	no	
1143	autrium-corporate-office	558	commercial	4	no	no	2019/12/Streamline-USA-Atrium-8.0x2.25.jpg	2019/12/Streamline-USA-Atrium-8.0x2.25.jpg	no	2048	576	no		558	no	
1144	autrium-corporate-office	558	commercial	3	no	no	2019/12/Streamline-USA-Atrium-1.71x1.90-1.jpg	2019/12/Streamline-USA-Atrium-1.71x1.90-1.jpg	no	513	573	no		558	no	
1145	autrium-corporate-office	558	commercial	2	no	no	2019/12/Streamline-USA-Atrium-3.69x1.91-1.jpg	2019/12/Streamline-USA-Atrium-3.69x1.91-1.jpg	no	1431	741	no		558	no	
1146	autrium-corporate-office	558	commercial	1	no	no	2019/12/Streamline-USA-Atrium-5.65x4.11-1.jpg	2019/12/Streamline-USA-Atrium-5.65x4.11-1.jpg	no	1695	1233	no		558	no	
1147	autrium-corporate-office	558	commercial	5	no	no	2019/12/Streamline-USA-Atrium-1.71x1.91-1.jpg	2019/12/Streamline-USA-Atrium-1.71x1.91-1.jpg	no	513	573	no		558	no	
1152	kith	561	commercial	10	no	no	2019/12/IMG_1071-scaled.jpg	2019/12/IMG_1071.jpg	yes	1920	2560	no		561	no	
1153	kith	561	commercial	11	no	no	2019/12/IMG_1070-scaled.jpg	2019/12/IMG_1070.jpg	yes	1920	2560	no		561	no	
1155	kith	561	commercial	12	no	no	2019/12/IMG_1073-scaled.jpg	2019/12/IMG_1073.jpg	yes	1920	2560	no		561	no	
1156	kith	561	commercial	13	no	no	2019/12/IMG_7210-scaled.jpg	2019/12/IMG_7210.jpg	yes	1920	2560	no		561	no	
1157	kith	561	commercial	14	no	no	2019/12/IMG_1077-scaled.jpg	2019/12/IMG_1077.jpg	yes	1920	2560	no		561	no	
1158	kith	561	commercial	15	no	no	2019/12/IMG_1076-scaled.jpg	2019/12/IMG_1076.jpg	yes	1920	2560	no		561	no	
1159	kith	561	commercial	16	no	no	2019/12/IMG_1074-scaled.jpg	2019/12/IMG_1074.jpg	yes	1920	2560	no		561	no	
1160	kith	561	commercial	17	no	no	2019/12/IMG_1075-scaled.jpg	2019/12/IMG_1075.jpg	yes	1920	2560	no		561	no	
1161	kith	561	commercial	18	no	no	2019/12/IMG_0126-scaled.jpg	2019/12/IMG_0126.jpg	yes	1920	2560	no		561	no	
1162	kith	561	commercial	19	no	no	2019/12/IMG_0127-scaled.jpg	2019/12/IMG_0127.jpg	yes	1920	2560	no		561	no	
1164	kith	561	commercial	20	no	no	2019/12/IMG_0125-scaled.jpg	2019/12/IMG_0125.jpg	yes	1920	2560	no		561	no	
1165	kith	561	commercial	21	no	no	2019/12/IMG_0124-scaled.jpg	2019/12/IMG_0124.jpg	yes	1920	2560	no		561	no	
1168	kith	561	commercial	22	no	no	2019/12/IMG_0108-scaled.jpg	2019/12/IMG_0108.jpg	yes	1920	2560	no		561	no	
1169	kith	561	commercial	23	no	no	2019/12/IMG_0109-scaled.jpg	2019/12/IMG_0109.jpg	yes	1920	2560	no		561	no	
1170	kith	561	commercial	24	no	no	2019/12/IMG_0121-scaled.jpg	2019/12/IMG_0121.jpg	yes	1920	2560	no		561	no	
1171	kith	561	commercial	25	no	no	2019/12/IMG_0123-scaled.jpg	2019/12/IMG_0123.jpg	yes	1920	2560	no		561	no	
1173	kith	561	commercial	26	no	no	2019/12/IMG_0107-scaled.jpg	2019/12/IMG_0107.jpg	yes	1920	2560	no		561	no	
1175	kith	561	commercial	27	no	no	2019/12/IMG_0112-scaled.jpg	2019/12/IMG_0112.jpg	yes	1920	2560	no		561	no	
1176	kith	561	commercial	28	no	no	2019/12/IMG_0110-scaled.jpg	2019/12/IMG_0110.jpg	yes	1920	2560	no		561	no	
1177	kith	561	commercial	29	no	no	2019/12/IMG_0111-scaled.jpg	2019/12/IMG_0111.jpg	yes	1920	2560	no		561	no	
1178	kith	561	commercial	30	no	no	2019/12/IMG_0115-scaled.jpg	2019/12/IMG_0115.jpg	yes	1920	2560	no		561	no	
1180	kith	561	commercial	31	no	no	2019/12/IMG_0116-scaled.jpg	2019/12/IMG_0116.jpg	yes	1920	2560	no		561	no	
1181	kith	561	commercial	32	no	no	2019/12/IMG_0117-scaled.jpg	2019/12/IMG_0117.jpg	yes	1920	2560	no		561	no	
1182	kith	561	commercial	33	no	no	2019/12/IMG_1084-scaled.jpg	2019/12/IMG_1084.jpg	yes	1920	2560	no		561	no	
1183	kith	561	commercial	34	no	no	2019/12/IMG_1085-scaled.jpg	2019/12/IMG_1085.jpg	yes	1920	2560	no		561	no	
1184	kith	561	commercial	35	no	no	2019/12/IMG_1082-scaled.jpg	2019/12/IMG_1082.jpg	yes	1920	2560	no		561	no	
1188	spring-studios-spring-place	506	commercial	2	no	no	2019/12/16041_pr_springplace_5-5-1621862-3x3-1.jpg	2019/12/16041_pr_springplace_5-5-1621862-3x3-1.jpg	no	900	900	yes		506	no	
1189	spring-studios-spring-place	506	commercial	4	no	no	2019/12/8.75x2.25-spring-1-scaled.jpg	2019/12/8.75x2.25-spring-1.jpg	yes	2048	526	no		506	no	
1190	spring-studios-spring-place	506	commercial	5	no	no	2019/12/16041_pr_springplace_5-5-1621784-3x2-1.jpg	2019/12/16041_pr_springplace_5-5-1621784-3x2-1.jpg	no	900	600	no		506	no	
1191	spring-studios-spring-place	506	commercial	6	no	no	2019/12/16041_pr_springplace_5-5-1621884-3x2-1.jpg	2019/12/16041_pr_springplace_5-5-1621884-3x2-1.jpg	no	900	600	no		506	no	
1192	spring-studios-spring-place	506	commercial	7	no	no	2019/12/16041_pr_springplace_5-5-1621823-3x3-1.jpg	2019/12/16041_pr_springplace_5-5-1621823-3x3-1.jpg	no	900	900	yes		506	no	
1194	spring-studios-spring-place	506	commercial	8	no	no	2019/12/Streamline-USA-Spring-Studios-29-3x2-2.jpg	2019/12/Streamline-USA-Spring-Studios-29-3x2-2.jpg	no	900	600	no		506	no	
1197	mint-kitchen-restaurant	443	commercial	27	no	no	2019/12/Creme_Mint-Kitchen_HR-15-1-scaled.jpg	2019/12/Creme_Mint-Kitchen_HR-15-1.jpg	yes	2048	1366	no		443	no	
1198	mint-kitchen-restaurant	443	commercial	9	no	no	2019/12/Creme_Mint-Kitchen_HR-2-scaled.jpg	2019/12/Creme_Mint-Kitchen_HR-2.jpg	yes	1707	2560	no		443	no	
1201	mint-kitchen-restaurant	443	commercial	26	no	no	2019/12/Mint-Featured-3-scaled.jpg	2019/12/Mint-Featured-3.jpg	yes	2048	1366	no		443	no	
1202	mint-kitchen-restaurant	443	commercial	25	no	no	2019/12/Creme_Mint-Kitchen_HR-6-1-scaled.jpg	2019/12/Creme_Mint-Kitchen_HR-6-1.jpg	yes	1707	2560	no		443	no	
1203	mint-kitchen-restaurant	443	commercial	24	no	no	2019/12/Creme_Mint-Kitchen_HR-20-1-scaled.jpg	2019/12/Creme_Mint-Kitchen_HR-20-1.jpg	yes	1707	2560	no		443	no	
1204	mint-kitchen-restaurant	443	commercial	23	no	no	2019/12/Creme_Mint-Kitchen_HR-13-1-scaled.jpg	2019/12/Creme_Mint-Kitchen_HR-13-1.jpg	yes	2048	1366	no		443	no	
1205	mint-kitchen-restaurant	443	commercial	22	no	no	2019/12/Creme_Mint-Kitchen_HR-19-scaled.jpg	2019/12/Creme_Mint-Kitchen_HR-19.jpg	yes	1707	2560	no		443	no	
1206	mint-kitchen-restaurant	443	commercial	21	no	no	2019/12/Creme_Mint-Kitchen_HR-4-1-scaled.jpg	2019/12/Creme_Mint-Kitchen_HR-4-1.jpg	yes	1707	2560	no		443	no	
1207	mint-kitchen-restaurant	443	commercial	20	no	no	2019/12/Creme_Mint-Kitchen_HR-14-1-scaled.jpg	2019/12/Creme_Mint-Kitchen_HR-14-1.jpg	yes	2048	1366	no		443	no	
1208	mint-kitchen-restaurant	443	commercial	19	no	no	2019/12/Creme_Mint-Kitchen_HR-7-1-scaled.jpg	2019/12/Creme_Mint-Kitchen_HR-7-1.jpg	yes	1707	2560	no		443	no	
1209	mint-kitchen-restaurant	443	commercial	18	no	no	2019/12/Creme_Mint-Kitchen_HR-16-1-scaled.jpg	2019/12/Creme_Mint-Kitchen_HR-16-1.jpg	yes	2048	1366	no		443	no	
1210	mint-kitchen-restaurant	443	commercial	17	no	no	2019/12/Creme_Mint-Kitchen_HR-5-1-scaled.jpg	2019/12/Creme_Mint-Kitchen_HR-5-1.jpg	yes	1707	2560	no		443	no	
1211	mint-kitchen-restaurant	443	commercial	16	no	no	2019/12/Creme_Mint-Kitchen_HR-17-1-scaled.jpg	2019/12/Creme_Mint-Kitchen_HR-17-1.jpg	yes	1707	2560	no		443	no	
1212	mint-kitchen-restaurant	443	commercial	15	no	no	2019/12/Creme_Mint-Kitchen_HR-9-2-scaled.jpg	2019/12/Creme_Mint-Kitchen_HR-9-2.jpg	yes	1707	2560	no		443	no	
1213	mint-kitchen-restaurant	443	commercial	14	no	no	2019/12/Creme_Mint-Kitchen_HR-8-1-scaled.jpg	2019/12/Creme_Mint-Kitchen_HR-8-1.jpg	yes	1707	2560	no		443	no	
1214	mint-kitchen-restaurant	443	commercial	6	no	no	2019/12/Creme_Mint-Kitchen_HR-12-1-scaled.jpg	2019/12/Creme_Mint-Kitchen_HR-12-1.jpg	yes	2048	1366	no		443	no	
1215	mint-kitchen-restaurant	443	commercial	1	no	no	2019/12/Creme_Mint-Kitchen_HR-11-1-scaled.jpg	2019/12/Creme_Mint-Kitchen_HR-11-1.jpg	yes	2048	1366	no		443	no	
1216	mint-kitchen-restaurant	443	commercial	13	no	no	2019/12/Creme_Mint-Kitchen_HR-18-1-scaled.jpg	2019/12/Creme_Mint-Kitchen_HR-18-1.jpg	yes	1707	2560	no		443	no	
1829	gunter-seeger	549	commercial	7	no	no	2019/12/Gunter-1.jpg	2019/12/Gunter-1.jpg	no	1000	750	no		549	no	
1830	gunter-seeger	549	commercial	5	no	no	2019/12/Gunter-2.jpg	2019/12/Gunter-2.jpg	no	1000	666	no		549	no	
1831	gunter-seeger	549	commercial	1	yes	no	2019/12/Gunter-3.jpg	2019/12/Gunter-3.jpg	no	1000	585	no		549	no	
1832	gunter-seeger	549	commercial	3	no	no	2019/12/Gunter-4.jpg	2019/12/Gunter-4.jpg	no	1000	750	no		549	no	
1837	lexington-ave-townhouse	1835	residential	1	yes	no	2020/02/UES-8-e1595540404244.jpg	2020/02/UES-8-e1595540404244.jpg	no	599	399	no		1835	no	
1840	lexington-ave-townhouse	1835	residential	7	no	no	2020/02/46883486.jpg	2020/02/46883486.jpg	no	800	533	no		1835	no	
1841	lexington-ave-townhouse	1835	residential	4	no	no	2020/02/UES-4.jpg	2020/02/UES-4.jpg	no	1024	682	no		1835	no	
1842	lexington-ave-townhouse	1835	residential	6	no	no	2020/02/UES-5.jpg	2020/02/UES-5.jpg	no	1024	682	no		1835	no	
1843	lexington-ave-townhouse	1835	residential	5	no	no	2020/02/UES-6.jpg	2020/02/UES-6.jpg	no	1024	682	no		1835	no	
1844	lexington-ave-townhouse	1835	residential	8	no	no	2020/02/UES-7.jpg	2020/02/UES-7.jpg	no	352	235	no		1835	no	
1845	lexington-ave-townhouse	1835	residential	9	no	no	2020/02/UES-9.jpg	2020/02/UES-9.jpg	no	800	533	no		1835	no	
1846	lexington-ave-townhouse	1835	residential	10	no	no	2020/02/UES-10.jpg	2020/02/UES-10.jpg	no	800	533	no		1835	no	
1847	lexington-ave-townhouse	1835	residential	3	no	no	2020/02/UES-11.jpg	2020/02/UES-11.jpg	no	800	533	no		1835	no	
1848	lexington-ave-townhouse	1835	residential	11	no	no	2020/02/UES-Townhouse-3.jpg	2020/02/UES-Townhouse-3.jpg	no	1024	682	no		1835	no	
1851	lexington-ave-townhouse	1835	residential	13	no	no	2020/02/UES-13.jpg	2020/02/UES-13.jpg	no	600	1303	no		1835	no	
1852	lexington-ave-townhouse	1835	residential	12	no	no	2020/02/UES-12.jpg	2020/02/UES-12.jpg	no	800	533	no		1835	no	
1853	lexington-ave-townhouse	1835	residential	2	no	no	2020/02/UES-Townhouse-2.jpg	2020/02/UES-Townhouse-2.jpg	no	1024	682	no		1835	no	
1859	versa-marriott	546	commercial	5	no	no	2019/12/Versa-1.jpg	2019/12/Versa-1.jpg	no	1920	1280	no		546	no	
1860	versa-marriott	546	commercial	6	no	no	2019/12/Versa-2.jpg	2019/12/Versa-2.jpg	no	1920	1080	no		546	no	
1861	versa-marriott	546	commercial	1	yes	no	2019/12/Versa-3.jpg	2019/12/Versa-3.jpg	no	1920	1080	no		546	no	
1862	versa-marriott	546	commercial	8	no	no	2019/12/Versa-4.jpg	2019/12/Versa-4.jpg	no	2000	1334	no		546	no	
1863	versa-marriott	546	commercial	9	no	no	2019/12/versa-canopy2.jpg	2019/12/versa-canopy2.jpg	no	2000	1334	no		546	no	
1892	spring-studios-spring-place	506	commercial	9	no	no	2019/12/SP2020_3-1.png	2019/12/SP2020_3-1.png	no	640	360	no		506	no	
1893	spring-studios-spring-place	506	commercial	10	no	no	2019/12/SP2020_2.png	2019/12/SP2020_2.png	no	640	360	no		506	no	
1894	spring-studios-spring-place	506	commercial	11	yes	no	2019/12/SP2020_3.png	2019/12/SP2020_3.png	no	640	360	no		506	no	
1895	spring-studios-spring-place	506	commercial	12	no	no	2019/12/SP2020_1.jpeg	2019/12/SP2020_1.jpeg	no	640	430	no		506	no	
1902	spring-studios-spring-place	506	commercial	3	no	no	2019/12/Spring-Studio.jpg	2019/12/Spring-Studio.jpg	no	1880	1058	no		506	no	
1914	sullivan-st-duplex-2	1907	residential	4	no	no	2020/02/DSC_0850-scaled.jpeg	2020/02/DSC_0850.jpeg	yes	2048	1531	no		1907	no	
1915	sullivan-st-duplex-2	1907	residential	13	no	no	2020/02/DSC_0857-scaled.jpg	2020/02/DSC_0857.jpg	yes	2048	1366	no		1907	no	
1916	sullivan-st-duplex-2	1907	residential	7	no	no	2020/02/DSC_0844-scaled.jpg	2020/02/DSC_0844.jpg	yes	2048	1417	no		1907	no	
1917	sullivan-st-duplex-2	1907	residential	10	yes	no	2020/02/DSC_0847-scaled.jpg	2020/02/DSC_0847.jpg	yes	2048	1366	no		1907	no	
1919	sullivan-st-duplex-2	1907	residential	9	no	no	2020/02/DSC_0855-scaled.jpeg	2020/02/DSC_0855.jpeg	yes	2048	1366	no		1907	no	
1920	sullivan-st-duplex-2	1907	residential	12	no	no	2020/02/DSC_0860-scaled.jpeg	2020/02/DSC_0860.jpeg	yes	2048	1637	no		1907	no	
1921	sullivan-st-duplex-2	1907	residential	2	no	no	2020/02/DSC_0862-scaled.jpeg	2020/02/DSC_0862.jpeg	yes	2048	1366	no		1907	no	
1922	sullivan-st-duplex-2	1907	residential	5	no	no	2020/02/DSC_0863-scaled.jpg	2020/02/DSC_0863.jpg	yes	2048	1637	no		1907	no	
1923	sullivan-st-duplex-2	1907	residential	3	no	no	2020/02/DSC_0867-scaled.jpeg	2020/02/DSC_0867.jpeg	yes	2048	2148	no		1907	no	
1924	sullivan-st-duplex-2	1907	residential	16	no	no	2020/02/DSC_0870-scaled.jpg	2020/02/DSC_0870.jpg	yes	2048	1901	no		1907	no	
1925	sullivan-st-duplex-2	1907	residential	14	no	no	2020/02/DSC_0871-scaled.jpg	2020/02/DSC_0871.jpg	yes	2048	1366	no		1907	no	
1926	sullivan-st-duplex-2	1907	residential	15	no	no	2020/02/DSC_0873-scaled.jpg	2020/02/DSC_0873.jpg	yes	2048	1554	no		1907	no	
1930	sullivan-st-duplex-2	1907	residential	1	no	no	2020/02/DSC_0872-scaled.jpeg	2020/02/DSC_0872.jpeg	yes	2048	1957	no		1907	no	
1936	sullivan-st-duplex-2	1907	residential	8	no	no	2020/02/DSC_0853-scaled.jpeg	2020/02/DSC_0853.jpeg	yes	2048	1366	no		1907	no	
1937	sullivan-st-duplex-2	1907	residential	11	no	no	2020/02/DSC_0858-scaled.jpeg	2020/02/DSC_0858.jpeg	yes	2048	2544	no		1907	no	
1940	mackage-soho	1931	commercial	1	no	no	2020/02/IMG_8618-scaled.jpg	2020/02/IMG_8618.jpg	yes	2048	1536	no		1931	no	
1941	mackage-soho	1931	commercial	2	no	no	2020/02/IMG_8626-scaled.jpg	2020/02/IMG_8626.jpg	yes	1920	2560	no		1931	no	
1942	mackage-soho	1931	commercial	3	no	no	2020/02/IMG_8629-scaled.jpg	2020/02/IMG_8629.jpg	yes	1568	2560	no		1931	no	
1943	mackage-soho	1931	commercial	4	no	no	2020/02/IMG_8634-scaled.jpg	2020/02/IMG_8634.jpg	yes	2048	1211	no		1931	no	
1944	mackage-soho	1931	commercial	5	no	no	2020/02/IMG_8635-scaled.jpg	2020/02/IMG_8635.jpg	yes	2048	1536	no		1931	no	
1945	mackage-soho	1931	commercial	6	no	no	2020/02/IMG_8638-scaled.jpg	2020/02/IMG_8638.jpg	yes	2048	2196	no		1931	no	
1946	mackage-soho	1931	commercial	7	no	no	2020/02/IMG_8643-scaled.jpg	2020/02/IMG_8643.jpg	yes	1920	2560	no		1931	no	
1947	mackage-soho	1931	commercial	8	no	no	2020/02/IMG_8644-scaled.jpg	2020/02/IMG_8644.jpg	yes	1920	2560	no		1931	no	
1949	mackage-soho	1931	commercial	9	no	no	2020/02/IMG_8645-scaled.jpg	2020/02/IMG_8645.jpg	yes	2048	1095	no		1931	no	
1950	mackage-soho	1931	commercial	10	no	no	2020/02/IMG_8647-scaled.jpg	2020/02/IMG_8647.jpg	yes	2048	2546	no		1931	no	
1951	mackage-soho	1931	commercial	11	yes	no	2020/02/IMG_8648-scaled.jpg	2020/02/IMG_8648.jpg	yes	2048	1536	no		1931	no	
1958	sullivan-st-duplex-2	1907	residential	6	no	no	2020/02/DSC_0839-scaled.jpeg	2020/02/DSC_0839.jpeg	yes	2048	1366	no		1907	no	
1968	st-lukes-place-townhouse	531	residential		yes	yes	2019/12/1-1.jpg	2019/12/1-1.jpg	no	1649	1100	no		531	no	
1973	upper-east-side-townhouse	564	commercial	1	yes	no	2019/12/wash.jpg	2019/12/wash.jpg	no	1074	717	no		564	no	
2307	e64-st-townhouse	2306	residential	14	no	no	2020/05/20200416_118East64th-3362.jpg	2020/05/20200416_118East64th-3362.jpg	no	1200	800	no		2306	no	
2308	e64-st-townhouse	2306	residential	16	no	no	2020/05/20200416_118East64th-3402.jpg	2020/05/20200416_118East64th-3402.jpg	no	800	1200	no		2306	no	
2309	e64-st-townhouse	2306	residential	17	no	no	2020/05/20200416_118East64th-3417.jpg	2020/05/20200416_118East64th-3417.jpg	no	800	1200	no		2306	no	
2310	e64-st-townhouse	2306	residential	18	no	no	2020/05/20200416_118East64th-3332.jpg	2020/05/20200416_118East64th-3332.jpg	no	1200	800	no		2306	no	
2311	e64-st-townhouse	2306	residential	19	no	no	2020/05/20200416_118East64th-3422.jpg	2020/05/20200416_118East64th-3422.jpg	no	800	1200	no		2306	no	
2312	e64-st-townhouse	2306	residential	21	no	no	2020/05/20200416_118East64th-3327.jpg	2020/05/20200416_118East64th-3327.jpg	no	1200	800	no		2306	no	
2313	e64-st-townhouse	2306	residential	20	no	no	2020/05/20200416_118East64th-3412.jpg	2020/05/20200416_118East64th-3412.jpg	no	1200	800	no		2306	no	
2315	e64-st-townhouse	2306	residential	15	no	no	2020/05/20200416_118East64th-3322.jpg	2020/05/20200416_118East64th-3322.jpg	no	1200	800	no		2306	no	
2316	e64-st-townhouse	2306	residential	22	no	no	2020/05/20200416_118East64th-3307.jpg	2020/05/20200416_118East64th-3307.jpg	no	1200	800	no		2306	no	
2317	e64-st-townhouse	2306	residential	23	no	no	2020/05/20200416_118East64th-3282.jpg	2020/05/20200416_118East64th-3282.jpg	no	1200	800	no		2306	no	
2318	e64-st-townhouse	2306	residential	11	no	no	2020/05/20200416_118East64th-3162.jpg	2020/05/20200416_118East64th-3162.jpg	no	1200	800	no		2306	no	
2319	e64-st-townhouse	2306	residential	6	no	no	2020/05/20200416_118East64th-3102.jpg	2020/05/20200416_118East64th-3102.jpg	no	1200	800	no		2306	no	
2320	e64-st-townhouse	2306	residential	2	no	no	2020/05/20200416_118East64th-3037.jpg	2020/05/20200416_118East64th-3037.jpg	no	1200	800	no		2306	no	
2321	e64-st-townhouse	2306	residential	10	no	no	2020/05/20200416_118East64th-3152.jpg	2020/05/20200416_118East64th-3152.jpg	no	800	1200	no		2306	no	
2322	e64-st-townhouse	2306	residential	13	no	no	2020/05/20200416_118East64th-3182.jpg	2020/05/20200416_118East64th-3182.jpg	no	1200	800	no		2306	no	
2323	e64-st-townhouse	2306	residential	9	no	no	2020/05/East-Side-Townhouse-Featured.jpg	2020/05/East-Side-Townhouse-Featured.jpg	no	1200	800	no		2306	no	
2325	e64-st-townhouse	2306	residential	7	no	no	2020/05/20200416_118East64th-3112.jpg	2020/05/20200416_118East64th-3112.jpg	no	1200	800	no		2306	no	
2326	e64-st-townhouse	2306	residential	24	no	no	2020/05/20200416_118East64th-3227.jpg	2020/05/20200416_118East64th-3227.jpg	no	1200	800	no		2306	no	
2327	e64-st-townhouse	2306	residential	3	no	no	2020/05/20200416_118East64th-3067.jpg	2020/05/20200416_118East64th-3067.jpg	no	1200	800	no		2306	no	
2328	e64-st-townhouse	2306	residential	25	no	no	2020/05/20200416_118East64th-3242.jpg	2020/05/20200416_118East64th-3242.jpg	no	1200	800	no		2306	no	
2330	e64-st-townhouse	2306	residential	26	no	no	2020/05/20200416_118East64th-3302.jpg	2020/05/20200416_118East64th-3302.jpg	no	800	1200	no		2306	no	
2331	e64-st-townhouse	2306	residential	12	no	no	2020/05/20200416_118East64th-3172.jpg	2020/05/20200416_118East64th-3172.jpg	no	1200	800	no		2306	no	
2333	e64-st-townhouse	2306	residential	27	no	no	2020/05/20200416_118East64th-3232.jpg	2020/05/20200416_118East64th-3232.jpg	no	1200	800	no		2306	no	
2335	e64-st-townhouse	2306	residential	28	no	no	2020/05/20200416_118East64th-3297.jpg	2020/05/20200416_118East64th-3297.jpg	no	800	1200	no		2306	no	
2336	e64-st-townhouse	2306	residential	29	no	no	2020/05/20200416_118East64th-3277.jpg	2020/05/20200416_118East64th-3277.jpg	no	800	1200	no		2306	no	
2337	e64-st-townhouse	2306	residential	8	no	no	2020/05/20200416_118East64th-3132.jpg	2020/05/20200416_118East64th-3132.jpg	no	1200	800	no		2306	no	
2338	e64-st-townhouse	2306	residential	1	yes	no	2020/05/20200416_118East64th-3142.jpg	2020/05/20200416_118East64th-3142.jpg	no	1200	800	no		2306	no	
2339	e64-st-townhouse	2306	residential	30	no	no	2020/05/20200416_118East64th-3212.jpg	2020/05/20200416_118East64th-3212.jpg	no	1200	800	no		2306	no	
2340	e64-st-townhouse	2306	residential	4	no	no	2020/05/20200416_118East64th-3022.jpg	2020/05/20200416_118East64th-3022.jpg	no	1200	800	no		2306	no	
2341	e64-st-townhouse	2306	residential	5	no	no	2020/05/20200416_118East64th-3077.jpg	2020/05/20200416_118East64th-3077.jpg	no	1200	800	no		2306	no	
2346	motel-23-lounge	2345	commercial	1	no	no	2020/05/20200422_161West23rdSt-3688-Edit-2.jpg	2020/05/20200422_161West23rdSt-3688-Edit-2.jpg	no	1200	960	no		2345	no	
2347	motel-23-lounge	2345	commercial	2	no	no	2020/05/20200422_161West23rdSt-3612.jpg	2020/05/20200422_161West23rdSt-3612.jpg	no	1200	800	no		2345	no	
2348	motel-23-lounge	2345	commercial	3	no	no	2020/05/20200422_161West23rdSt-3617.jpg	2020/05/20200422_161West23rdSt-3617.jpg	no	1200	800	no		2345	no	
2349	motel-23-lounge	2345	commercial	4	no	no	2020/05/20200422_161West23rdSt-3698.jpg	2020/05/20200422_161West23rdSt-3698.jpg	no	800	1200	no		2345	no	
2350	motel-23-lounge	2345	commercial	6	no	no	2020/05/20200422_161West23rdSt-3592.jpg	2020/05/20200422_161West23rdSt-3592.jpg	no	800	1200	no		2345	no	
2351	motel-23-lounge	2345	commercial	5	no	no	2020/05/20200422_161West23rdSt-3677.jpg	2020/05/20200422_161West23rdSt-3677.jpg	no	1200	800	no		2345	no	
2352	motel-23-lounge	2345	commercial	7	no	no	2020/05/20200422_161West23rdSt-3572.jpg	2020/05/20200422_161West23rdSt-3572.jpg	no	800	1200	no		2345	no	
2353	motel-23-lounge	2345	commercial	9	no	no	2020/05/20200422_161West23rdSt-3662.jpg	2020/05/20200422_161West23rdSt-3662.jpg	no	1200	800	no		2345	no	
2354	motel-23-lounge	2345	commercial	10	no	no	2020/05/20200422_161West23rdSt-3632.jpg	2020/05/20200422_161West23rdSt-3632.jpg	no	1200	800	no		2345	no	
2355	motel-23-lounge	2345	commercial	11	yes	no	2020/05/Motel-23-Featured.jpg	2020/05/Motel-23-Featured.jpg	no	1200	800	no		2345	no	
2356	motel-23-lounge	2345	commercial	12	no	no	2020/05/20200422_161West23rdSt-3602.jpg	2020/05/20200422_161West23rdSt-3602.jpg	no	1200	800	no		2345	no	
2357	motel-23-lounge	2345	commercial	13	no	no	2020/05/20200422_161West23rdSt-3667.jpg	2020/05/20200422_161West23rdSt-3667.jpg	no	1200	800	no		2345	no	
2358	motel-23-lounge	2345	commercial	8	no	no	2020/05/20200422_161West23rdSt-3587.jpg	2020/05/20200422_161West23rdSt-3587.jpg	no	1200	800	no		2345	no	
2359	motel-23-lounge	2345	commercial	14	no	no	2020/05/20200422_161West23rdSt-3657.jpg	2020/05/20200422_161West23rdSt-3657.jpg	no	1200	800	no		2345	no	
2360	motel-23-lounge	2345	commercial	15	no	no	2020/05/20200422_161West23rdSt-3672.jpg	2020/05/20200422_161West23rdSt-3672.jpg	no	800	1200	no		2345	no	
2361	motel-23-lounge	2345	commercial	16	no	no	2020/05/20200422_161West23rdSt-3652.jpg	2020/05/20200422_161West23rdSt-3652.jpg	no	1200	800	no		2345	no	
2362	motel-23-lounge	2345	commercial	17	no	no	2020/05/20200422_161West23rdSt-3642.jpg	2020/05/20200422_161West23rdSt-3642.jpg	no	1200	800	no		2345	no	
2363	motel-23-lounge	2345	commercial	18	no	no	2020/05/20200422_161West23rdSt-3637.jpg	2020/05/20200422_161West23rdSt-3637.jpg	no	1200	800	no		2345	no	
2367	wainscott-east-hampton-residence	2366	residential	2	no	no	2020/05/IMG_1257.png	2020/05/IMG_1257.png	no	1792	828	no		2366	no	
2368	wainscott-east-hampton-residence	2366	residential	15	no	no	2020/05/IMG_1258.png	2020/05/IMG_1258.png	no	828	1792	no		2366	no	
2369	wainscott-east-hampton-residence	2366	residential	14	no	no	2020/05/IMG_1261.png	2020/05/IMG_1261.png	no	1792	828	no		2366	no	
2370	wainscott-east-hampton-residence	2366	residential	13	no	no	2020/05/IMG_1266.png	2020/05/IMG_1266.png	no	1792	828	no		2366	no	
2371	wainscott-east-hampton-residence	2366	residential	1	yes	no	2020/05/IMG_1256.png	2020/05/IMG_1256.png	no	1792	828	no		2366	no	
2372	wainscott-east-hampton-residence	2366	residential	12	no	no	2020/05/IMG_1260.png	2020/05/IMG_1260.png	no	1792	828	no		2366	no	
2373	wainscott-east-hampton-residence	2366	residential	11	no	no	2020/05/IMG_1263.png	2020/05/IMG_1263.png	no	1792	828	no		2366	no	
2374	wainscott-east-hampton-residence	2366	residential	10	no	no	2020/05/IMG_1264.png	2020/05/IMG_1264.png	no	1792	828	no		2366	no	
2375	wainscott-east-hampton-residence	2366	residential	9	no	no	2020/05/IMG_1259.png	2020/05/IMG_1259.png	no	1792	828	no		2366	no	
2376	wainscott-east-hampton-residence	2366	residential	8	no	no	2020/05/IMG_1265.png	2020/05/IMG_1265.png	no	1792	828	no		2366	no	
2377	wainscott-east-hampton-residence	2366	residential	7	no	no	2020/05/IMG_1262.png	2020/05/IMG_1262.png	no	1792	828	no		2366	no	
2378	wainscott-east-hampton-residence	2366	residential	6	no	no	2020/05/IMG_2543.png	2020/05/IMG_2543.png	no	1136	640	no		2366	no	
2379	wainscott-east-hampton-residence	2366	residential	5	no	no	2020/05/IMG_1267.png	2020/05/IMG_1267.png	no	1792	828	no		2366	no	
2380	wainscott-east-hampton-residence	2366	residential	4	no	no	2020/05/IMG_2544.png	2020/05/IMG_2544.png	no	1136	640	no		2366	no	
2381	wainscott-east-hampton-residence	2366	residential	3	no	no	2020/05/IMG_2545.png	2020/05/IMG_2545.png	no	1136	640	no		2366	no	
2385	ground-central-coffee-company	2384	commercial	2	no	no	2020/05/20200422_2ndAveGroundCentral-3773.jpg	2020/05/20200422_2ndAveGroundCentral-3773.jpg	no	1200	800	no		2384	no	
2386	ground-central-coffee-company	2384	commercial	3	no	no	2020/05/20200422_2ndAveGroundCentral-3728.jpg	2020/05/20200422_2ndAveGroundCentral-3728.jpg	no	1200	800	no		2384	no	
2387	ground-central-coffee-company	2384	commercial	1	yes	no	2020/05/Ground-Central-Featured.jpg	2020/05/Ground-Central-Featured.jpg	no	1200	800	no		2384	no	
2388	ground-central-coffee-company	2384	commercial	4	no	no	2020/05/20200422_2ndAveGroundCentral-3763.jpg	2020/05/20200422_2ndAveGroundCentral-3763.jpg	no	1200	800	no		2384	no	
2389	ground-central-coffee-company	2384	commercial	5	no	no	2020/05/20200422_2ndAveGroundCentral-3753.jpg	2020/05/20200422_2ndAveGroundCentral-3753.jpg	no	1200	800	no		2384	no	
2390	ground-central-coffee-company	2384	commercial	6	no	no	2020/05/20200422_2ndAveGroundCentral-3788.jpg	2020/05/20200422_2ndAveGroundCentral-3788.jpg	no	1200	800	no		2384	no	
2391	ground-central-coffee-company	2384	commercial	7	no	no	2020/05/20200422_2ndAveGroundCentral-3708.jpg	2020/05/20200422_2ndAveGroundCentral-3708.jpg	no	1200	800	no		2384	no	
2392	ground-central-coffee-company	2384	commercial	8	no	no	2020/05/20200422_2ndAveGroundCentral-3733.jpg	2020/05/20200422_2ndAveGroundCentral-3733.jpg	no	1200	800	no		2384	no	
2393	ground-central-coffee-company	2384	commercial	9	no	no	2020/05/20200422_2ndAveGroundCentral-3718.jpg	2020/05/20200422_2ndAveGroundCentral-3718.jpg	no	1200	800	no		2384	no	
2397	84th-st-townhouse	2396	residential	3	no	no	2020/05/IMG_0458.png	2020/05/IMG_0458.png	no	1792	828	no		2396	no	
2398	84th-st-townhouse	2396	residential	2	no	no	2020/05/IMG_0457.png	2020/05/IMG_0457.png	no	1792	828	no		2396	no	
2399	84th-st-townhouse	2396	residential	4	no	no	2020/05/IMG_0449.png	2020/05/IMG_0449.png	no	1792	828	no		2396	no	
2400	84th-st-townhouse	2396	residential	1	yes	no	2020/05/Jackson-Heights-Featured.png	2020/05/Jackson-Heights-Featured.png	no	1792	828	no		2396	no	
2401	84th-st-townhouse	2396	residential	5	no	no	2020/05/IMG_0462.png	2020/05/IMG_0462.png	no	1792	828	no		2396	no	
2402	84th-st-townhouse	2396	residential	6	no	no	2020/05/IMG_0448.png	2020/05/IMG_0448.png	no	1792	828	no		2396	no	
2403	84th-st-townhouse	2396	residential	7	no	no	2020/05/IMG_0450.png	2020/05/IMG_0450.png	no	1792	828	no		2396	no	
2404	84th-st-townhouse	2396	residential	8	no	no	2020/05/IMG_0452.png	2020/05/IMG_0452.png	no	1792	828	no		2396	no	
2405	84th-st-townhouse	2396	residential	9	no	no	2020/05/IMG_0455.png	2020/05/IMG_0455.png	no	1792	828	no		2396	no	
2410	upper-west-side-apartment	2409	residential	2	no	no	2020/05/IMG_7306.jpg	2020/05/IMG_7306.jpg	no	1200	900	no		2409	no	
2411	upper-west-side-apartment	2409	residential	3	no	no	2020/05/IMG_7300.jpg	2020/05/IMG_7300.jpg	no	1200	900	no		2409	no	
2412	upper-west-side-apartment	2409	residential	4	no	no	2020/05/IMG_7299.jpg	2020/05/IMG_7299.jpg	no	1200	900	no		2409	no	
2413	upper-west-side-apartment	2409	residential	5	no	no	2020/05/IMG_7302.jpg	2020/05/IMG_7302.jpg	no	900	1200	no		2409	no	
2414	upper-west-side-apartment	2409	residential	7	no	no	2020/05/IMG_7313.jpg	2020/05/IMG_7313.jpg	no	900	1200	no		2409	no	
2415	upper-west-side-apartment	2409	residential	1	yes	no	2020/05/Upper-West-Side-Apt-Featured.jpg	2020/05/Upper-West-Side-Apt-Featured.jpg	no	1200	900	no		2409	no	
2416	upper-west-side-apartment	2409	residential	8	no	no	2020/05/IMG_7318.jpg	2020/05/IMG_7318.jpg	no	1200	900	no		2409	no	
2417	upper-west-side-apartment	2409	residential	6	no	no	2020/05/IMG_7311.jpg	2020/05/IMG_7311.jpg	no	1200	900	no		2409	no	
2426	my-darling-ivy	2425	commercial	1	no	no	2020/05/20200507_444W17MyDarlingIvy-4826_27_28_29_30.jpg	2020/05/20200507_444W17MyDarlingIvy-4826_27_28_29_30.jpg	no	1200	800	no		2425	no	
2427	my-darling-ivy	2425	commercial	2	no	no	2020/05/20200507_444W17MyDarlingIvy-4836_37_38_39_40.jpg	2020/05/20200507_444W17MyDarlingIvy-4836_37_38_39_40.jpg	no	800	1200	no		2425	no	
2428	my-darling-ivy	2425	commercial	3	no	no	2020/05/20200507_444W17MyDarlingIvy-4841_2_3_4_5.jpg	2020/05/20200507_444W17MyDarlingIvy-4841_2_3_4_5.jpg	no	800	1200	no		2425	no	
2429	my-darling-ivy	2425	commercial	4	no	no	2020/05/20200507_444W17MyDarlingIvy-4846_47_48_49_50.jpg	2020/05/20200507_444W17MyDarlingIvy-4846_47_48_49_50.jpg	no	1200	800	no		2425	no	
2430	my-darling-ivy	2425	commercial	5	no	no	2020/05/20200507_444W17MyDarlingIvy-4851_2_3_4_5.jpg	2020/05/20200507_444W17MyDarlingIvy-4851_2_3_4_5.jpg	no	1200	800	no		2425	no	
2431	my-darling-ivy	2425	commercial	6	no	no	2020/05/20200507_444W17MyDarlingIvy-4856_57_58_59_60.jpg	2020/05/20200507_444W17MyDarlingIvy-4856_57_58_59_60.jpg	no	1200	800	no		2425	no	
2432	my-darling-ivy	2425	commercial	7	no	no	2020/05/20200507_444W17MyDarlingIvy-4861_2_3_4_5.jpg	2020/05/20200507_444W17MyDarlingIvy-4861_2_3_4_5.jpg	no	1200	800	no		2425	no	
2433	my-darling-ivy	2425	commercial	8	no	no	2020/05/20200507_444W17MyDarlingIvy-4866_67_68_69_70.jpg	2020/05/20200507_444W17MyDarlingIvy-4866_67_68_69_70.jpg	no	799	1200	no		2425	no	
2434	my-darling-ivy	2425	commercial	9	no	no	2020/05/20200507_444W17MyDarlingIvy-4871_2_3_4_5.jpg	2020/05/20200507_444W17MyDarlingIvy-4871_2_3_4_5.jpg	no	1200	800	no		2425	no	
2435	my-darling-ivy	2425	commercial	10	no	no	2020/05/20200507_444W17MyDarlingIvy-4876_77_78_79_80.jpg	2020/05/20200507_444W17MyDarlingIvy-4876_77_78_79_80.jpg	no	1200	800	no		2425	no	
2436	my-darling-ivy	2425	commercial	11	no	no	2020/05/20200507_444W17MyDarlingIvy-4881_2_3_4_5.jpg	2020/05/20200507_444W17MyDarlingIvy-4881_2_3_4_5.jpg	no	1200	800	no		2425	no	
2437	my-darling-ivy	2425	commercial	12	no	no	2020/05/20200507_444W17MyDarlingIvy-4886_87_88_89_90.jpg	2020/05/20200507_444W17MyDarlingIvy-4886_87_88_89_90.jpg	no	800	1200	no		2425	no	
2438	my-darling-ivy	2425	commercial	13	no	no	2020/05/20200507_444W17MyDarlingIvy-4891_2_3_4_5.jpg	2020/05/20200507_444W17MyDarlingIvy-4891_2_3_4_5.jpg	no	1200	800	no		2425	no	
2439	my-darling-ivy	2425	commercial	14	no	no	2020/05/20200507_444W17MyDarlingIvy-4901_2_3_4_5.jpg	2020/05/20200507_444W17MyDarlingIvy-4901_2_3_4_5.jpg	no	1200	800	no		2425	no	
2440	my-darling-ivy	2425	commercial	15	no	no	2020/05/20200507_444W17MyDarlingIvy-4906_07_08_09_10.jpg	2020/05/20200507_444W17MyDarlingIvy-4906_07_08_09_10.jpg	no	1200	800	no		2425	no	
2441	my-darling-ivy	2425	commercial	16	no	no	2020/05/20200507_444W17MyDarlingIvy-4911_2_3_4_5.jpg	2020/05/20200507_444W17MyDarlingIvy-4911_2_3_4_5.jpg	no	1200	800	no		2425	no	
2442	my-darling-ivy	2425	commercial	17	no	no	2020/05/20200507_444W17MyDarlingIvy-4921_2_3_4_5.jpg	2020/05/20200507_444W17MyDarlingIvy-4921_2_3_4_5.jpg	no	1200	800	no		2425	no	
2443	my-darling-ivy	2425	commercial	18	no	no	2020/05/20200507_444W17MyDarlingIvy-4926_27_28_29_30.jpg	2020/05/20200507_444W17MyDarlingIvy-4926_27_28_29_30.jpg	no	1200	800	no		2425	no	
2444	my-darling-ivy	2425	commercial	19	no	no	2020/05/20200507_444W17MyDarlingIvy-4931_2_3_4_5.jpg	2020/05/20200507_444W17MyDarlingIvy-4931_2_3_4_5.jpg	no	1200	800	no		2425	no	
2445	my-darling-ivy	2425	commercial	20	no	no	2020/05/20200507_444W17MyDarlingIvy-4941_2_3_4_5.jpg	2020/05/20200507_444W17MyDarlingIvy-4941_2_3_4_5.jpg	no	800	1200	no		2425	no	
2446	my-darling-ivy	2425	commercial	21	no	no	2020/05/20200507_444W17MyDarlingIvy-4946_47_48_49_50.jpg	2020/05/20200507_444W17MyDarlingIvy-4946_47_48_49_50.jpg	no	799	1200	no		2425	no	
2447	my-darling-ivy	2425	commercial	22	no	no	2020/05/20200507_444W17MyDarlingIvy-4956_57_58_59_60.jpg	2020/05/20200507_444W17MyDarlingIvy-4956_57_58_59_60.jpg	no	799	1200	no		2425	no	
2448	my-darling-ivy	2425	commercial	23	no	no	2020/05/20200507_444W17MyDarlingIvy-4961_2_3_4_5.jpg	2020/05/20200507_444W17MyDarlingIvy-4961_2_3_4_5.jpg	no	1200	800	no		2425	no	
2449	my-darling-ivy	2425	commercial	24	no	no	2020/05/20200507_444W17MyDarlingIvy-4966_67_68_69_70.jpg	2020/05/20200507_444W17MyDarlingIvy-4966_67_68_69_70.jpg	no	1200	800	no		2425	no	
2450	my-darling-ivy	2425	commercial	25	no	no	2020/05/20200507_444W17MyDarlingIvy-4971_2_3_4_5.jpg	2020/05/20200507_444W17MyDarlingIvy-4971_2_3_4_5.jpg	no	800	1200	no		2425	no	
2451	my-darling-ivy	2425	commercial	26	no	no	2020/05/20200507_444W17MyDarlingIvy-4976_77_78_79_80.jpg	2020/05/20200507_444W17MyDarlingIvy-4976_77_78_79_80.jpg	no	800	1200	no		2425	no	
2452	my-darling-ivy	2425	commercial	27	no	no	2020/05/20200507_444W17MyDarlingIvy-4981_2_3_4_5.jpg	2020/05/20200507_444W17MyDarlingIvy-4981_2_3_4_5.jpg	no	1200	800	no		2425	no	
2453	my-darling-ivy	2425	commercial	28	no	no	2020/05/20200507_444W17MyDarlingIvy-4986_87_88_89_90.jpg	2020/05/20200507_444W17MyDarlingIvy-4986_87_88_89_90.jpg	no	1200	800	no		2425	no	
2454	my-darling-ivy	2425	commercial	29	no	no	2020/05/20200507_444W17MyDarlingIvy-5001_2_3_4_5.jpg	2020/05/20200507_444W17MyDarlingIvy-5001_2_3_4_5.jpg	no	1200	800	no		2425	no	
2455	my-darling-ivy	2425	commercial	30	no	no	2020/05/20200507_444W17MyDarlingIvy-5006_07_08_09_10.jpg	2020/05/20200507_444W17MyDarlingIvy-5006_07_08_09_10.jpg	no	1200	800	no		2425	no	
2456	my-darling-ivy	2425	commercial	31	no	no	2020/05/20200507_444W17MyDarlingIvy-5016_17_18_19_20.jpg	2020/05/20200507_444W17MyDarlingIvy-5016_17_18_19_20.jpg	no	1200	800	no		2425	no	
2457	my-darling-ivy	2425	commercial	32	yes	no	2020/05/My-Darling-Ivy-Featured.jpg	2020/05/My-Darling-Ivy-Featured.jpg	no	1200	800	no		2425	no	
2507	12th-st-townhouse-greenwich-village	2504	residential	8	no	no	2020/07/5th-Ave-9496-copy.jpg	2020/07/5th-Ave-9496-copy.jpg	no	640	295	no		2504	no	
2508	12th-st-townhouse-greenwich-village	2504	residential	1	no	no	2020/07/5th-Ave-9495-copy.jpg	2020/07/5th-Ave-9495-copy.jpg	no	640	295	no		2504	no	
2509	12th-st-townhouse-greenwich-village	2504	residential	9	no	no	2020/07/5th-Ave-9494-copy.jpg	2020/07/5th-Ave-9494-copy.jpg	no	640	295	no		2504	no	
2510	12th-st-townhouse-greenwich-village	2504	residential	2	no	no	2020/07/5th-Ave-9493-copy.jpg	2020/07/5th-Ave-9493-copy.jpg	no	640	295	no		2504	no	
2511	12th-st-townhouse-greenwich-village	2504	residential	7	no	no	2020/07/5th-Ave-9492-copy.jpg	2020/07/5th-Ave-9492-copy.jpg	no	640	295	no		2504	no	
2512	12th-st-townhouse-greenwich-village	2504	residential	3	no	no	2020/07/5th-Ave-9491-copy.jpg	2020/07/5th-Ave-9491-copy.jpg	no	640	295	no		2504	no	
2513	12th-st-townhouse-greenwich-village	2504	residential	4	no	no	2020/07/5th-Ave-9490-copy.jpg	2020/07/5th-Ave-9490-copy.jpg	no	640	295	no		2504	no	
2514	12th-st-townhouse-greenwich-village	2504	residential	5	no	no	2020/07/5th-Ave-9488-copy.jpg	2020/07/5th-Ave-9488-copy.jpg	no	640	295	no		2504	no	
2515	12th-st-townhouse-greenwich-village	2504	residential	6	no	no	2020/07/5th-Ave-9485-copy.jpg	2020/07/5th-Ave-9485-copy.jpg	no	640	295	no		2504	no	
2516	12th-st-townhouse-greenwich-village	2504	residential	10	no	no	2020/07/5th-Ave-9483-copy.jpg	2020/07/5th-Ave-9483-copy.jpg	no	640	295	no		2504	no	
2517	12th-st-townhouse-greenwich-village	2504	residential	11	no	no	2020/07/5th-Ave-9481-copy.jpg	2020/07/5th-Ave-9481-copy.jpg	no	640	295	no		2504	no	
2518	12th-st-townhouse-greenwich-village	2504	residential	12	yes	no	2020/07/5th-Ave-Featured-copy.jpg	2020/07/5th-Ave-Featured-copy.jpg	no	640	295	no		2504	no	
2521	haus-nightclub	2520	commercial	1	no	no	2020/07/IMG_6905.jpg	2020/07/IMG_6905.jpg	no	1124	761	no		2520	no	
2522	haus-nightclub	2520	commercial	2	no	no	2020/07/IMG_6910.jpg	2020/07/IMG_6910.jpg	no	883	1280	no		2520	no	
2523	haus-nightclub	2520	commercial	3	no	no	2020/07/IMG_6906.jpg	2020/07/IMG_6906.jpg	no	1124	769	no		2520	no	
2524	haus-nightclub	2520	commercial	4	yes	no	2020/07/Haus-Featured.jpg	2020/07/Haus-Featured.jpg	no	1124	763	no		2520	no	
2525	haus-nightclub	2520	commercial	5	no	no	2020/07/IMG_6913.jpg	2020/07/IMG_6913.jpg	no	1124	749	no		2520	no	
2526	haus-nightclub	2520	commercial	6	no	no	2020/07/IMG_6917.jpg	2020/07/IMG_6917.jpg	no	1124	766	no		2520	no	
2527	haus-nightclub	2520	commercial	7	no	no	2020/07/IMG_6916.jpg	2020/07/IMG_6916.jpg	no	1124	711	no		2520	no	
2528	haus-nightclub	2520	commercial	8	no	no	2020/07/IMG_6914.jpg	2020/07/IMG_6914.jpg	no	1124	830	no		2520	no	
2529	haus-nightclub	2520	commercial	9	no	no	2020/07/IMG_6915.jpg	2020/07/IMG_6915.jpg	no	880	1280	no		2520	no	
2530	haus-nightclub	2520	commercial	10	no	no	2020/07/IMG_6909.jpg	2020/07/IMG_6909.jpg	no	1124	721	no		2520	no	
2531	haus-nightclub	2520	commercial	11	no	no	2020/07/IMG_6908.jpg	2020/07/IMG_6908.jpg	no	1124	862	no		2520	no	
2597	st-lukes-place-townhouse	531	residential	17	no	no	2020/07/West-Village-Townhouse-Lrg-scaled.jpg	2020/07/West-Village-Townhouse-Lrg.jpg	yes	2048	1366	no		0	yes	
2652	vivvi-daycare-hudson-yards	2853	commercial	33	yes	no	2022/02/20210219_55HudsonYards-5373-scaled.jpg	2022/02/20210219_55HudsonYards-5373.jpg	yes	2048	1366	no		0	yes	
2653	vivvi-daycare-hudson-yards	2853	commercial	32	no	no	2022/02/20210219_55HudsonYards-5368-scaled.jpg	2022/02/20210219_55HudsonYards-5368.jpg	yes	2048	1366	no		0	yes	
2654	vivvi-daycare-hudson-yards	2853	commercial	18	no	no	2022/02/20210219_55HudsonYards-5363-scaled.jpg	2022/02/20210219_55HudsonYards-5363.jpg	yes	2048	1366	no		0	yes	
2656	vivvi-daycare-hudson-yards	2853	commercial	31	no	no	2022/02/20210219_55HudsonYards-5353-scaled.jpg	2022/02/20210219_55HudsonYards-5353.jpg	yes	2048	1366	no		0	yes	
2657	vivvi-daycare-hudson-yards	2853	commercial	30	no	no	2022/02/20210219_55HudsonYards-5348-scaled.jpg	2022/02/20210219_55HudsonYards-5348.jpg	yes	2048	1366	no		0	yes	
2658	vivvi-daycare-hudson-yards	2853	commercial	29	no	no	2022/02/20210219_55HudsonYards-5343-scaled.jpg	2022/02/20210219_55HudsonYards-5343.jpg	yes	2048	1365	no		0	yes	
2659	vivvi-daycare-hudson-yards	2853	commercial	28	no	no	2022/02/20210219_55HudsonYards-5338-scaled.jpg	2022/02/20210219_55HudsonYards-5338.jpg	yes	2048	1365	no		0	yes	
2660	vivvi-daycare-hudson-yards	2853	commercial	27	no	no	2022/02/20210219_55HudsonYards-5333-scaled.jpg	2022/02/20210219_55HudsonYards-5333.jpg	yes	2048	1365	no		0	yes	
2661	vivvi-daycare-hudson-yards	2853	commercial	26	no	no	2022/02/20210219_55HudsonYards-5328-scaled.jpg	2022/02/20210219_55HudsonYards-5328.jpg	yes	2048	1365	no		0	yes	
2662	vivvi-daycare-hudson-yards	2853	commercial	25	no	no	2022/02/20210219_55HudsonYards-5323-scaled.jpg	2022/02/20210219_55HudsonYards-5323.jpg	yes	2048	1366	no		0	yes	
2663	vivvi-daycare-hudson-yards	2853	commercial	24	no	no	2022/02/20210219_55HudsonYards-5313-scaled.jpg	2022/02/20210219_55HudsonYards-5313.jpg	yes	2048	1366	no		0	yes	
2664	vivvi-daycare-hudson-yards	2853	commercial	23	no	no	2022/02/20210219_55HudsonYards-5308-scaled.jpg	2022/02/20210219_55HudsonYards-5308.jpg	yes	2048	1366	no		0	yes	
2665	vivvi-daycare-hudson-yards	2853	commercial	22	no	no	2022/02/20210219_55HudsonYards-5303-scaled.jpg	2022/02/20210219_55HudsonYards-5303.jpg	yes	2048	1366	no		0	yes	
2666	vivvi-daycare-hudson-yards	2853	commercial	21	no	no	2022/02/20210219_55HudsonYards-5298-scaled.jpg	2022/02/20210219_55HudsonYards-5298.jpg	yes	2048	1366	no		0	yes	
2667	vivvi-daycare-hudson-yards	2853	commercial	20	no	no	2022/02/20210219_55HudsonYards-5293-scaled.jpg	2022/02/20210219_55HudsonYards-5293.jpg	yes	2048	1366	no		0	yes	
2668	vivvi-daycare-hudson-yards	2853	commercial	19	no	no	2022/02/20210219_55HudsonYards-5278-scaled.jpg	2022/02/20210219_55HudsonYards-5278.jpg	yes	2048	1366	no		0	yes	
2669	vivvi-daycare-hudson-yards	2853	commercial	17	no	no	2022/02/20210219_55HudsonYards-5268-scaled.jpg	2022/02/20210219_55HudsonYards-5268.jpg	yes	2048	1366	no		0	yes	
2671	vivvi-daycare-hudson-yards	2853	commercial	16	no	no	2022/02/20210219_55HudsonYards-5258-scaled.jpg	2022/02/20210219_55HudsonYards-5258.jpg	yes	2048	1638	no		0	yes	
2672	vivvi-daycare-hudson-yards	2853	commercial	15	no	no	2022/02/20210219_55HudsonYards-5253-scaled.jpg	2022/02/20210219_55HudsonYards-5253.jpg	yes	2048	1366	no		0	yes	
2673	vivvi-daycare-hudson-yards	2853	commercial	14	no	no	2022/02/20210219_55HudsonYards-5248-scaled.jpg	2022/02/20210219_55HudsonYards-5248.jpg	yes	2048	1366	no		0	yes	
2674	vivvi-daycare-hudson-yards	2853	commercial	13	no	no	2022/02/20210219_55HudsonYards-5238-scaled.jpg	2022/02/20210219_55HudsonYards-5238.jpg	yes	2048	1366	no		0	yes	
2677	vivvi-daycare-hudson-yards	2853	commercial	12	no	no	2022/02/20210219_55HudsonYards-5223-scaled.jpg	2022/02/20210219_55HudsonYards-5223.jpg	yes	2048	1366	no		0	yes	
2679	vivvi-daycare-hudson-yards	2853	commercial	11	no	no	2022/02/20210219_55HudsonYards-5203-scaled.jpg	2022/02/20210219_55HudsonYards-5203.jpg	yes	2048	1366	no		0	yes	
2681	vivvi-daycare-hudson-yards	2853	commercial	10	no	no	2022/02/20210219_55HudsonYards-5193-scaled.jpg	2022/02/20210219_55HudsonYards-5193.jpg	yes	2048	1366	no		0	yes	
2682	vivvi-daycare-hudson-yards	2853	commercial	9	no	no	2022/02/20210219_55HudsonYards-5188-scaled.jpg	2022/02/20210219_55HudsonYards-5188.jpg	yes	2048	1366	no		0	yes	
2683	vivvi-daycare-hudson-yards	2853	commercial	8	no	no	2022/02/20210219_55HudsonYards-5183-scaled.jpg	2022/02/20210219_55HudsonYards-5183.jpg	yes	2048	1366	no		0	yes	
2684	vivvi-daycare-hudson-yards	2853	commercial	7	no	no	2022/02/20210219_55HudsonYards-5178-scaled.jpg	2022/02/20210219_55HudsonYards-5178.jpg	yes	2048	1366	no		0	yes	
2688	vivvi-daycare-hudson-yards	2853	commercial	6	no	no	2022/02/20210219_55HudsonYards-5158-scaled.jpg	2022/02/20210219_55HudsonYards-5158.jpg	yes	2048	1366	no		0	yes	
2689	vivvi-daycare-hudson-yards	2853	commercial	5	no	no	2022/02/20210219_55HudsonYards-5148-scaled.jpg	2022/02/20210219_55HudsonYards-5148.jpg	yes	2048	1364	no		0	yes	
2690	vivvi-daycare-hudson-yards	2853	commercial	4	no	no	2022/02/20210219_55HudsonYards-5143-scaled.jpg	2022/02/20210219_55HudsonYards-5143.jpg	yes	2048	1366	no		0	yes	
2691	vivvi-daycare-hudson-yards	2853	commercial	3	no	no	2022/02/20210219_55HudsonYards-5138-scaled.jpg	2022/02/20210219_55HudsonYards-5138.jpg	yes	2048	1366	no		0	yes	
2692	vivvi-daycare-hudson-yards	2853	commercial	2	no	no	2022/02/20210219_55HudsonYards-5133-scaled.jpg	2022/02/20210219_55HudsonYards-5133.jpg	yes	2048	1366	no		0	yes	
2693	vivvi-daycare-hudson-yards	2853	commercial	1	no	no	2022/02/20210219_55HudsonYards-5128-scaled.jpg	2022/02/20210219_55HudsonYards-5128.jpg	yes	2048	1366	no		0	yes	
2694	hudson-yards-mall	2850	commercial	11	no	no	2022/02/20210222_HudsonYardsMall-0127-scaled.jpg	2022/02/20210222_HudsonYardsMall-0127.jpg	yes	2048	1366	no		0	yes	
2696	hudson-yards-mall	2850	commercial	18	no	no	2022/02/20210222_HudsonYardsMall-0117-scaled.jpg	2022/02/20210222_HudsonYardsMall-0117.jpg	yes	2048	1366	no		0	yes	
2697	hudson-yards-mall	2850	commercial	17	no	no	2022/02/20210222_HudsonYardsMall-0112-scaled.jpg	2022/02/20210222_HudsonYardsMall-0112.jpg	yes	2048	1366	no		0	yes	
2699	hudson-yards-mall	2850	commercial	16	no	no	2022/02/20210222_HudsonYardsMall-0102-scaled.jpg	2022/02/20210222_HudsonYardsMall-0102.jpg	yes	2048	1366	no		0	yes	
2700	hudson-yards-mall	2850	commercial	15	no	no	2022/02/20210222_HudsonYardsMall-0097-scaled.jpg	2022/02/20210222_HudsonYardsMall-0097.jpg	yes	2048	1366	no		0	yes	
2702	hudson-yards-mall	2850	commercial	14	yes	no	2022/02/20210222_HudsonYardsMall-0087-scaled.jpg	2022/02/20210222_HudsonYardsMall-0087.jpg	yes	2048	1366	no		0	yes	
2704	hudson-yards-mall	2850	commercial	13	no	no	2022/02/20210222_HudsonYardsMall-0077-scaled.jpg	2022/02/20210222_HudsonYardsMall-0077.jpg	yes	2048	1366	no		0	yes	
2705	hudson-yards-mall	2850	commercial	12	no	no	2022/02/20210222_HudsonYardsMall-0072-scaled.jpg	2022/02/20210222_HudsonYardsMall-0072.jpg	yes	2048	1366	no		0	yes	
2706	hudson-yards-mall	2850	commercial	10	no	no	2022/02/20210222_HudsonYardsMall-0067-scaled.jpg	2022/02/20210222_HudsonYardsMall-0067.jpg	yes	2048	1366	no		0	yes	
2709	hudson-yards-mall	2850	commercial	9	no	no	2022/02/20210222_HudsonYardsMall-0047-scaled.jpg	2022/02/20210222_HudsonYardsMall-0047.jpg	yes	2048	1366	no		0	yes	
2710	hudson-yards-mall	2850	commercial	8	no	no	2022/02/20210222_HudsonYardsMall-0042-scaled.jpg	2022/02/20210222_HudsonYardsMall-0042.jpg	yes	2048	1366	no		0	yes	
2711	hudson-yards-mall	2850	commercial	7	no	no	2022/02/20210222_HudsonYardsMall-0037-scaled.jpg	2022/02/20210222_HudsonYardsMall-0037.jpg	yes	2048	1366	no		0	yes	
2713	hudson-yards-mall	2850	commercial	6	no	no	2022/02/20210222_HudsonYardsMall-0027-scaled.jpg	2022/02/20210222_HudsonYardsMall-0027.jpg	yes	2048	1366	no		0	yes	
2714	hudson-yards-mall	2850	commercial	5	no	no	2022/02/20210222_HudsonYardsMall-0022-scaled.jpg	2022/02/20210222_HudsonYardsMall-0022.jpg	yes	2048	1366	no		0	yes	
2715	hudson-yards-mall	2850	commercial	4	no	no	2022/02/20210222_HudsonYardsMall-0017-scaled.jpg	2022/02/20210222_HudsonYardsMall-0017.jpg	yes	2048	1366	no		0	yes	
2716	hudson-yards-mall	2850	commercial	3	no	no	2022/02/20210222_HudsonYardsMall-0012-scaled.jpg	2022/02/20210222_HudsonYardsMall-0012.jpg	yes	2048	1366	no		0	yes	
2717	hudson-yards-mall	2850	commercial	2	no	no	2022/02/20210222_HudsonYardsMall-0007-scaled.jpg	2022/02/20210222_HudsonYardsMall-0007.jpg	yes	2048	1366	no		0	yes	
2718	hudson-yards-mall	2850	commercial	1	no	no	2022/02/20210222_HudsonYardsMall-0002-scaled.jpg	2022/02/20210222_HudsonYardsMall-0002.jpg	yes	2048	1366	no		0	yes	
2726	53rd-st-studio	2838	residential	15	no	no	2022/02/20210310_425West53rdSt-3752.jpg	2022/02/20210310_425West53rdSt-3752.jpg	no	1600	1067	no		0	yes	
2727	53rd-st-studio	2838	residential	13	no	no	2022/02/20210310_425West53rdSt-3739.jpg	2022/02/20210310_425West53rdSt-3739.jpg	no	1600	1067	no		0	yes	
2729	53rd-st-studio	2838	residential	14	no	no	2022/02/20210310_425West53rdSt-3719.jpg	2022/02/20210310_425West53rdSt-3719.jpg	no	1600	1067	no		0	yes	
2730	53rd-st-studio	2838	residential	12	no	no	2022/02/20210310_425West53rdSt-3709.jpg	2022/02/20210310_425West53rdSt-3709.jpg	no	1600	1067	no		0	yes	
2732	53rd-st-studio	2838	residential	11	no	no	2022/02/20210310_425West53rdSt-3699.jpg	2022/02/20210310_425West53rdSt-3699.jpg	no	1600	1066	no		0	yes	
2733	53rd-st-studio	2838	residential	9	no	no	2022/02/20210310_425West53rdSt-3684.jpg	2022/02/20210310_425West53rdSt-3684.jpg	no	1600	1067	no		0	yes	
2734	53rd-st-studio	2838	residential	10	no	no	2022/02/20210310_425West53rdSt-3679.jpg	2022/02/20210310_425West53rdSt-3679.jpg	no	1600	1067	no		0	yes	
2735	53rd-st-studio	2838	residential	8	no	no	2022/02/20210310_425West53rdSt-3674.jpg	2022/02/20210310_425West53rdSt-3674.jpg	no	1600	1066	no		0	yes	
2736	53rd-st-studio	2838	residential	7	yes	no	2022/02/20210310_425West53rdSt-3669.jpg	2022/02/20210310_425West53rdSt-3669.jpg	no	1600	1067	no		0	yes	
2737	53rd-st-studio	2838	residential	5	no	no	2022/02/20210310_425West53rdSt-3664.jpg	2022/02/20210310_425West53rdSt-3664.jpg	no	1600	1067	no		0	yes	
2738	53rd-st-studio	2838	residential	4	no	no	2022/02/20210310_425West53rdSt-3659.jpg	2022/02/20210310_425West53rdSt-3659.jpg	no	1600	1067	no		0	yes	
2742	53rd-st-studio	2838	residential	2	no	no	2022/02/20210310_425West53rdSt-3639.jpg	2022/02/20210310_425West53rdSt-3639.jpg	no	1600	1067	no		0	yes	
2743	53rd-st-studio	2838	residential	6	no	no	2022/02/20210310_425West53rdSt-3634.jpg	2022/02/20210310_425West53rdSt-3634.jpg	no	1600	1067	no		0	yes	
2744	53rd-st-studio	2838	residential	3	no	no	2022/02/20210310_425West53rdSt-3629.jpg	2022/02/20210310_425West53rdSt-3629.jpg	no	1600	1067	no		0	yes	
2746	53rd-st-studio	2838	residential	1	no	no	2022/02/20210310_425West53rdSt-3619.jpg	2022/02/20210310_425West53rdSt-3619.jpg	no	1600	1067	no		0	yes	
2748	warren-st-apt	2847	residential	12	no	no	2022/02/20210222_30WarrenSt-0273.jpg	2022/02/20210222_30WarrenSt-0273.jpg	no	1200	960	no		0	yes	
2751	warren-st-apt	2847	residential	18	no	no	2022/02/20210222_30WarrenSt-0258.jpg	2022/02/20210222_30WarrenSt-0258.jpg	no	1200	800	no		0	yes	
2752	warren-st-apt	2847	residential	17	no	no	2022/02/20210222_30WarrenSt-0253.jpg	2022/02/20210222_30WarrenSt-0253.jpg	no	1200	800	no		0	yes	
2753	warren-st-apt	2847	residential	16	no	no	2022/02/20210222_30WarrenSt-0248.jpg	2022/02/20210222_30WarrenSt-0248.jpg	no	1200	800	no		0	yes	
2755	warren-st-apt	2847	residential	15	no	no	2022/02/20210222_30WarrenSt-0238-2.jpg	2022/02/20210222_30WarrenSt-0238-2.jpg	no	1600	1067	no		0	yes	
2759	warren-st-apt	2847	residential	14	no	no	2022/02/20210222_30WarrenSt-0228-2.jpg	2022/02/20210222_30WarrenSt-0228-2.jpg	no	1600	1067	no		0	yes	
2761	warren-st-apt	2847	residential	13	no	no	2022/02/20210222_30WarrenSt-0218.jpg	2022/02/20210222_30WarrenSt-0218.jpg	no	1200	800	no		0	yes	
2762	warren-st-apt	2847	residential	11	no	no	2022/02/20210222_30WarrenSt-0213.jpg	2022/02/20210222_30WarrenSt-0213.jpg	no	1200	800	no		0	yes	
2763	warren-st-apt	2847	residential	1	no	no	2022/02/20210222_30WarrenSt-0208.jpg	2022/02/20210222_30WarrenSt-0208.jpg	no	1200	799	no		0	yes	
2764	warren-st-apt	2847	residential	10	no	no	2022/02/20210222_30WarrenSt-0208-2.jpg	2022/02/20210222_30WarrenSt-0208-2.jpg	no	1600	1067	no		0	yes	
2767	warren-st-apt	2847	residential	9	no	no	2022/02/20210222_30WarrenSt-0183.jpg	2022/02/20210222_30WarrenSt-0183.jpg	no	1200	800	no		0	yes	
2768	warren-st-apt	2847	residential	8	no	no	2022/02/20210222_30WarrenSt-0183-2.jpg	2022/02/20210222_30WarrenSt-0183-2.jpg	no	1600	1067	no		0	yes	
2769	warren-st-apt	2847	residential	7	yes	no	2022/02/20210222_30WarrenSt-0178.jpg	2022/02/20210222_30WarrenSt-0178.jpg	no	1200	800	no		0	yes	
2771	warren-st-apt	2847	residential	6	no	no	2022/02/20210222_30WarrenSt-0173.jpg	2022/02/20210222_30WarrenSt-0173.jpg	no	1200	799	no		0	yes	
2773	warren-st-apt	2847	residential	5	no	no	2022/02/20210222_30WarrenSt-0168.jpg	2022/02/20210222_30WarrenSt-0168.jpg	no	1200	800	no		0	yes	
2775	warren-st-apt	2847	residential	4	no	no	2022/02/20210222_30WarrenSt-0163.jpg	2022/02/20210222_30WarrenSt-0163.jpg	no	1200	800	no		0	yes	
2776	warren-st-apt	2847	residential	3	no	no	2022/02/20210222_30WarrenSt-0163-2.jpg	2022/02/20210222_30WarrenSt-0163-2.jpg	no	1600	1067	no		0	yes	
2781	warren-st-apt	2847	residential	2	no	no	2022/02/20210222_30WarrenSt-0133.jpg	2022/02/20210222_30WarrenSt-0133.jpg	no	1200	800	no		0	yes	
2799	wyckoff-townhouse	2860	residential	12	no	no	2022/02/20211202_118WyckoffSt-1184-scaled.jpg	2022/02/20211202_118WyckoffSt-1184.jpg	yes	2048	1365	no		0	yes	
2800	wyckoff-townhouse	2860	residential	11	no	no	2022/02/20211202_118WyckoffSt-1179-scaled.jpg	2022/02/20211202_118WyckoffSt-1179.jpg	yes	2048	1366	no		0	yes	
2801	wyckoff-townhouse	2860	residential	10	no	no	2022/02/20211202_118WyckoffSt-1174-scaled.jpg	2022/02/20211202_118WyckoffSt-1174.jpg	yes	2048	1366	no		0	yes	
2802	wyckoff-townhouse	2860	residential	9	no	no	2022/02/20211202_118WyckoffSt-1159-scaled.jpg	2022/02/20211202_118WyckoffSt-1159.jpg	yes	2048	1366	no		0	yes	
2803	wyckoff-townhouse	2860	residential	8	no	no	2022/02/20211202_118WyckoffSt-1104-scaled.jpg	2022/02/20211202_118WyckoffSt-1104.jpg	yes	2048	1365	no		0	yes	
2804	wyckoff-townhouse	2860	residential	7	no	no	2022/02/20211202_118WyckoffSt-1099-scaled.jpg	2022/02/20211202_118WyckoffSt-1099.jpg	yes	2048	1366	no		0	yes	
2805	wyckoff-townhouse	2860	residential	6	no	no	2022/02/20211202_118WyckoffSt-1074-scaled.jpg	2022/02/20211202_118WyckoffSt-1074.jpg	yes	2048	1366	no		0	yes	
2807	wyckoff-townhouse	2860	residential	5	no	no	2022/02/20211202_118WyckoffSt-1039-scaled.jpg	2022/02/20211202_118WyckoffSt-1039.jpg	yes	2048	1366	no		0	yes	
2808	wyckoff-townhouse	2860	residential	4	no	no	2022/02/20211202_118WyckoffSt-1009-scaled.jpg	2022/02/20211202_118WyckoffSt-1009.jpg	yes	2048	1366	no		0	yes	
2809	wyckoff-townhouse	2860	residential	3	no	no	2022/02/20211202_118WyckoffSt-0994-scaled.jpg	2022/02/20211202_118WyckoffSt-0994.jpg	yes	2048	1366	no		0	yes	
2810	wyckoff-townhouse	2860	residential	2	no	no	2022/02/20211202_118WyckoffSt-0974-scaled.jpg	2022/02/20211202_118WyckoffSt-0974.jpg	yes	2048	1366	no		0	yes	
2811	wyckoff-townhouse	2860	residential	1	yes	no	2022/02/20211202_118WyckoffSt-0964-scaled.jpg	2022/02/20211202_118WyckoffSt-0964.jpg	yes	2048	1365	no		0	yes	
2812	riverside-drive-apartment	2842	residential	5	no	no	2022/02/420-riverside-158.jpg	2022/02/420-riverside-158.jpg	no	2048	1366	no		0	yes	
2813	riverside-drive-apartment	2842	residential	12	no	no	2022/02/420-riverside-75.jpg	2022/02/420-riverside-75.jpg	no	2048	1366	no		0	yes	
2814	riverside-drive-apartment	2842	residential	11	no	no	2022/02/420-riverside-50.jpg	2022/02/420-riverside-50.jpg	no	2048	1366	no		0	yes	
2815	riverside-drive-apartment	2842	residential	10	no	no	2022/02/420-riverside-36.jpg	2022/02/420-riverside-36.jpg	no	2048	1366	no		0	yes	
2818	riverside-drive-apartment	2842	residential	9	no	no	2022/02/420-riverside-265.jpg	2022/02/420-riverside-265.jpg	no	2048	1366	no		0	yes	
2819	riverside-drive-apartment	2842	residential	8	no	no	2022/02/420-riverside-254.jpg	2022/02/420-riverside-254.jpg	no	2048	1366	no		0	yes	
2820	riverside-drive-apartment	2842	residential	7	no	no	2022/02/420-riverside-249.jpg	2022/02/420-riverside-249.jpg	no	2048	1366	no		0	yes	
2821	riverside-drive-apartment	2842	residential	6	no	no	2022/02/420-riverside-194.jpg	2022/02/420-riverside-194.jpg	no	2048	1366	no		0	yes	
2822	riverside-drive-apartment	2842	residential	4	no	no	2022/02/420-riverside-150.jpg	2022/02/420-riverside-150.jpg	no	2048	1366	no		0	yes	
2823	riverside-drive-apartment	2842	residential	3	yes	no	2022/02/420-riverside-134.jpg	2022/02/420-riverside-134.jpg	no	2048	1366	no		0	yes	
2825	riverside-drive-apartment	2842	residential	2	no	no	2022/02/420-riverside-121.jpg	2022/02/420-riverside-121.jpg	no	2048	1366	no		0	yes	
2826	riverside-drive-apartment	2842	residential	1	no	no	2022/02/420-riverside-102.jpg	2022/02/420-riverside-102.jpg	no	2048	1366	no		0	yes	
3227	duane-street-penthouse	552	residential	42	no	no	2019/12/20210310_129DuaneSt-3795.jpg	2019/12/20210310_129DuaneSt-3795.jpg	no	1067	1600	no		552	no	
3228	duane-street-penthouse	552	residential	41	no	no	2019/12/20210310_129DuaneSt-3800.jpg	2019/12/20210310_129DuaneSt-3800.jpg	no	1600	1067	no		552	no	
3234	duane-street-penthouse	552	residential	40	no	no	2019/12/20210310_129DuaneSt-3835.jpg	2019/12/20210310_129DuaneSt-3835.jpg	no	1600	1066	no		552	no	
3235	duane-street-penthouse	552	residential	39	no	no	2019/12/20210310_129DuaneSt-3840.jpg	2019/12/20210310_129DuaneSt-3840.jpg	no	1600	1066	no		552	no	
3237	duane-street-penthouse	552	residential	38	no	no	2019/12/20210310_129DuaneSt-3855.jpg	2019/12/20210310_129DuaneSt-3855.jpg	no	1600	1066	no		552	no	
3238	duane-street-penthouse	552	residential	37	no	no	2019/12/20210310_129DuaneSt-3860.jpg	2019/12/20210310_129DuaneSt-3860.jpg	no	1600	1067	no		552	no	
3240	duane-street-penthouse	552	residential	36	no	no	2019/12/20210310_129DuaneSt-3870.jpg	2019/12/20210310_129DuaneSt-3870.jpg	no	1600	1066	no		552	no	
3242	duane-street-penthouse	552	residential	35	no	no	2019/12/20210310_129DuaneSt-3885.jpg	2019/12/20210310_129DuaneSt-3885.jpg	no	1600	1066	no		552	no	
3243	duane-street-penthouse	552	residential	34	no	no	2019/12/20210310_129DuaneSt-3890.jpg	2019/12/20210310_129DuaneSt-3890.jpg	no	1600	1067	no		552	no	
3246	duane-street-penthouse	552	residential	33	no	no	2019/12/20210310_129DuaneSt-3905.jpg	2019/12/20210310_129DuaneSt-3905.jpg	no	1600	1066	no		552	no	
3248	duane-street-penthouse	552	residential	32	no	no	2019/12/20210310_129DuaneSt-3915.jpg	2019/12/20210310_129DuaneSt-3915.jpg	no	1600	1066	no		552	no	
3249	duane-street-penthouse	552	residential	31	no	no	2019/12/20210310_129DuaneSt-3920.jpg	2019/12/20210310_129DuaneSt-3920.jpg	no	1600	1067	no		552	no	
3251	duane-street-penthouse	552	residential	30	no	no	2019/12/20210310_129DuaneSt-3935.jpg	2019/12/20210310_129DuaneSt-3935.jpg	no	1600	1067	no		552	no	
3255	duane-street-penthouse	552	residential	29	no	no	2019/12/20210310_129DuaneSt-3960.jpg	2019/12/20210310_129DuaneSt-3960.jpg	no	1600	1067	no		552	no	
3256	duane-street-penthouse	552	residential	28	no	no	2019/12/20210310_129DuaneSt-3965.jpg	2019/12/20210310_129DuaneSt-3965.jpg	no	1600	1067	no		552	no	
3258	duane-street-penthouse	552	residential	27	no	no	2019/12/20210310_129DuaneSt-3980.jpg	2019/12/20210310_129DuaneSt-3980.jpg	no	1600	1067	no		552	no	
3259	duane-street-penthouse	552	residential	26	no	no	2019/12/20210310_129DuaneSt-3990-1.jpg	2019/12/20210310_129DuaneSt-3990-1.jpg	no	1600	1066	no		552	no	
3260	duane-street-penthouse	552	residential	25	no	no	2019/12/20210310_129DuaneSt-3995-1.jpg	2019/12/20210310_129DuaneSt-3995-1.jpg	no	1600	1067	no		552	no	
3261	duane-street-penthouse	552	residential	24	no	no	2019/12/20210310_129DuaneSt-4000.jpg	2019/12/20210310_129DuaneSt-4000.jpg	no	1600	1067	no		552	no	
3262	duane-street-penthouse	552	residential	23	no	no	2019/12/20210310_129DuaneSt-4012.jpg	2019/12/20210310_129DuaneSt-4012.jpg	no	1600	1067	no		552	no	
3264	duane-street-penthouse	552	residential	22	no	no	2019/12/20210310_129DuaneSt-4025.jpg	2019/12/20210310_129DuaneSt-4025.jpg	no	1600	1067	no		552	no	
3265	duane-street-penthouse	552	residential	21	no	no	2019/12/20210310_129DuaneSt-4036.jpg	2019/12/20210310_129DuaneSt-4036.jpg	no	1600	1067	no		552	no	
3268	duane-street-penthouse	552	residential	20	no	no	2019/12/20210310_129DuaneSt-4050.jpg	2019/12/20210310_129DuaneSt-4050.jpg	no	1066	1600	no		552	no	
3271	duane-street-penthouse	552	residential	19	no	no	2019/12/20210310_129DuaneSt-4075.jpg	2019/12/20210310_129DuaneSt-4075.jpg	no	1600	1067	no		552	no	
3273	duane-street-penthouse	552	residential	18	no	no	2019/12/20210310_129DuaneSt-4090.jpg	2019/12/20210310_129DuaneSt-4090.jpg	no	1600	1066	no		552	no	
3275	duane-street-penthouse	552	residential	17	no	no	2019/12/20210310_129DuaneSt-4105.jpg	2019/12/20210310_129DuaneSt-4105.jpg	no	1600	1067	no		552	no	
3276	duane-street-penthouse	552	residential	16	no	no	2019/12/20210310_129DuaneSt-4115.jpg	2019/12/20210310_129DuaneSt-4115.jpg	no	1600	1066	no		552	no	
3278	duane-street-penthouse	552	residential	15	no	no	2019/12/20210310_129DuaneSt-4130.jpg	2019/12/20210310_129DuaneSt-4130.jpg	no	1600	1067	no		552	no	
3279	duane-street-penthouse	552	residential	14	no	no	2019/12/20210310_129DuaneSt-4135.jpg	2019/12/20210310_129DuaneSt-4135.jpg	no	1600	1067	no		552	no	
3280	duane-street-penthouse	552	residential	11	no	no	2019/12/20210310_129DuaneSt-4140.jpg	2019/12/20210310_129DuaneSt-4140.jpg	no	1066	1600	no		552	no	
3282	duane-street-penthouse	552	residential	10	no	no	2019/12/20210310_129DuaneSt-4150.jpg	2019/12/20210310_129DuaneSt-4150.jpg	no	1600	1067	no		552	no	
3283	duane-street-penthouse	552	residential	9	no	no	2019/12/20210310_129DuaneSt-3830-2-scaled.jpg	2019/12/20210310_129DuaneSt-3830-2.jpg	yes	2048	1366	no		552	no	
3284	duane-street-penthouse	552	residential	8	yes	no	2019/12/20210310_129DuaneSt-3975-2-scaled.jpg	2019/12/20210310_129DuaneSt-3975-2.jpg	yes	2048	1366	no		552	no	
3285	duane-street-penthouse	552	residential	7	no	no	2019/12/20210310_129DuaneSt-3990-2-scaled.jpg	2019/12/20210310_129DuaneSt-3990-2.jpg	yes	2048	1365	no		552	no	
3286	duane-street-penthouse	552	residential	6	no	no	2019/12/20210310_129DuaneSt-3995-2-scaled.jpg	2019/12/20210310_129DuaneSt-3995-2.jpg	yes	2048	1366	no		552	no	
3287	duane-street-penthouse	552	residential	4	no	no	2019/12/20210310_129DuaneSt-4145-2-scaled.jpg	2019/12/20210310_129DuaneSt-4145-2.jpg	yes	1706	2560	no		552	no	
3290	duane-street-penthouse	552	residential	3	no	no	2019/12/20211021_129DuaneSt-8040-1-scaled.jpg	2019/12/20211021_129DuaneSt-8040-1.jpg	yes	2048	1366	no		552	no	
3292	duane-street-penthouse	552	residential	2	no	no	2019/12/20211021_129DuaneSt-8110-1-scaled.jpg	2019/12/20211021_129DuaneSt-8110-1.jpg	yes	2048	1366	no		552	no	
3293	duane-street-penthouse	552	residential	1	no	no	2019/12/20211021_129DuaneSt-8120-1-scaled.jpg	2019/12/20211021_129DuaneSt-8120-1.jpg	yes	2048	1366	no		552	no	
3295	duane-street-penthouse	552	residential	13	no	no	2019/12/20211021_129DuaneSt-8159-1-scaled.jpg	2019/12/20211021_129DuaneSt-8159-1.jpg	yes	2048	1366	no		552	no	
3296	duane-street-penthouse	552	residential	12	no	no	2019/12/20211021_129DuaneSt-8169-1-scaled.jpg	2019/12/20211021_129DuaneSt-8169-1.jpg	yes	1707	2560	no		552	no	
3297	duane-street-penthouse	552	residential	5	no	no	2019/12/20211021_129DuaneSt-8194-1-scaled.jpg	2019/12/20211021_129DuaneSt-8194-1.jpg	yes	1707	2560	no		552	no	
3368	w23rd-st-duplex	3364	residential	2	no	no	2022/04/ee6d879929ab0d084e90815fbbff4813-uncropped_scaled_within_1536_1152.jpg	2022/04/ee6d879929ab0d084e90815fbbff4813-uncropped_scaled_within_1536_1152.jpg	no	1536	1024	no		0	yes	
3369	w23rd-st-duplex	3364	residential	10	no	no	2022/04/848062e8ee51ff06a726cb7358ad3ea2-uncropped_scaled_within_1536_1152.jpg	2022/04/848062e8ee51ff06a726cb7358ad3ea2-uncropped_scaled_within_1536_1152.jpg	no	768	1152	no		0	yes	
3370	w23rd-st-duplex	3364	residential	4	no	no	2022/04/767502abfdbb486cd3ae0ee39baa9a0c-uncropped_scaled_within_1536_1152.jpg	2022/04/767502abfdbb486cd3ae0ee39baa9a0c-uncropped_scaled_within_1536_1152.jpg	no	1536	1024	no		0	yes	
3371	w23rd-st-duplex	3364	residential	9	no	no	2022/04/814e93958eb585920f50930a1fb5306b-uncropped_scaled_within_1536_1152.jpg	2022/04/814e93958eb585920f50930a1fb5306b-uncropped_scaled_within_1536_1152.jpg	no	1536	1024	no		0	yes	
3372	w23rd-st-duplex	3364	residential	8	no	no	2022/04/750d5420b506f7fe2f94b8630b137980-uncropped_scaled_within_1536_1152.jpg	2022/04/750d5420b506f7fe2f94b8630b137980-uncropped_scaled_within_1536_1152.jpg	no	1536	1024	no		0	yes	
3373	w23rd-st-duplex	3364	residential	5	no	no	2022/04/504b0c1f305405c0ff49ecbbe8eaea8d-uncropped_scaled_within_1536_1152.jpg	2022/04/504b0c1f305405c0ff49ecbbe8eaea8d-uncropped_scaled_within_1536_1152.jpg	no	768	1152	no		0	yes	
3374	w23rd-st-duplex	3364	residential	7	no	no	2022/04/81ea9a2ef6bd668b1cc5fc8dc8aa5b48-uncropped_scaled_within_1536_1152.jpg	2022/04/81ea9a2ef6bd668b1cc5fc8dc8aa5b48-uncropped_scaled_within_1536_1152.jpg	no	768	1152	no		0	yes	
3375	w23rd-st-duplex	3364	residential	3	no	no	2022/04/75feff340a22624f9bd43cf1c42decc9-uncropped_scaled_within_1536_1152.jpg	2022/04/75feff340a22624f9bd43cf1c42decc9-uncropped_scaled_within_1536_1152.jpg	no	1536	1024	no		0	yes	
3376	w23rd-st-duplex	3364	residential	6	no	no	2022/04/18cec58e4ea6d745bf37a047da1d07d9-uncropped_scaled_within_1536_1152.jpg	2022/04/18cec58e4ea6d745bf37a047da1d07d9-uncropped_scaled_within_1536_1152.jpg	no	1536	1024	no		0	yes	
3377	w23rd-st-duplex	3364	residential	1	yes	no	2022/04/1.jpg	2022/04/1.jpg	no	1536	1024	no		0	yes	
3393	11th-ave-apt	3392	residential	16	no	no	2022/04/2022.01_NYC_Wald-kitchen-Jeann-Nouvel-bldg_2023-Edit_By-Petrini-studio-scaled.jpg	2022/04/2022.01_NYC_Wald-kitchen-Jeann-Nouvel-bldg_2023-Edit_By-Petrini-studio.jpg	yes	2048	1315	no		0	yes	
3394	11th-ave-apt	3392	residential	15	no	no	2022/04/2022.01_NYC_Wald-kitchen-Jeann-Nouvel-bldg_2038-Edit_By-Petrini-studio-scaled.jpg	2022/04/2022.01_NYC_Wald-kitchen-Jeann-Nouvel-bldg_2038-Edit_By-Petrini-studio.jpg	yes	2048	1366	no		0	yes	
3395	11th-ave-apt	3392	residential	12	no	no	2022/04/2022.01_NYC_Wald-kitchen-Jeann-Nouvel-bldg_2053b-Edit_By-Petrini-studio-scaled.jpg	2022/04/2022.01_NYC_Wald-kitchen-Jeann-Nouvel-bldg_2053b-Edit_By-Petrini-studio.jpg	yes	2048	1366	no		0	yes	
3396	11th-ave-apt	3392	residential	11	no	no	2022/04/2022.01_NYC_Wald-kitchen-Jeann-Nouvel-bldg_2053-Edit_By-Petrini-studio-scaled.jpg	2022/04/2022.01_NYC_Wald-kitchen-Jeann-Nouvel-bldg_2053-Edit_By-Petrini-studio.jpg	yes	2048	1366	no		0	yes	
3397	11th-ave-apt	3392	residential	10	yes	no	2022/04/2022.01_NYC_Wald-kitchen-Jeann-Nouvel-bldg_2058-Edit_By-Petrini-studio-scaled.jpg	2022/04/2022.01_NYC_Wald-kitchen-Jeann-Nouvel-bldg_2058-Edit_By-Petrini-studio.jpg	yes	2048	1366	no		0	yes	
3398	11th-ave-apt	3392	residential	8	no	no	2022/04/2022.01_NYC_Wald-kitchen-Jeann-Nouvel-bldg_2074-Edit_By-Petrini-studio-scaled.jpg	2022/04/2022.01_NYC_Wald-kitchen-Jeann-Nouvel-bldg_2074-Edit_By-Petrini-studio.jpg	yes	2048	1064	no		0	yes	
3399	11th-ave-apt	3392	residential	14	no	no	2022/04/2022.01_NYC_Wald-kitchen-Jeann-Nouvel-bldg_2107_By-Petrini-studio-scaled.jpg	2022/04/2022.01_NYC_Wald-kitchen-Jeann-Nouvel-bldg_2107_By-Petrini-studio.jpg	yes	1707	2560	no		0	yes	
3400	11th-ave-apt	3392	residential	17	no	no	2022/04/2022.01_NYC_Wald-kitchen-Jeann-Nouvel-bldg_2113-Edit_By-Petrini-studio-scaled.jpg	2022/04/2022.01_NYC_Wald-kitchen-Jeann-Nouvel-bldg_2113-Edit_By-Petrini-studio.jpg	yes	1707	2560	no		0	yes	
3401	11th-ave-apt	3392	residential	7	no	no	2022/04/DSC02034ab-scaled.jpg	2022/04/DSC02034ab.jpg	yes	2048	1638	no		0	yes	
3403	11th-ave-apt	3392	residential	6	no	no	2022/04/DSC02059-scaled.jpg	2022/04/DSC02059.jpg	yes	1707	2560	no		0	yes	
3404	11th-ave-apt	3392	residential	4	no	no	2022/04/DSC02067-scaled.jpg	2022/04/DSC02067.jpg	yes	1707	2560	no		0	yes	
3405	11th-ave-apt	3392	residential	18	no	no	2022/04/DSC02092-scaled.jpg	2022/04/DSC02092.jpg	yes	2048	1638	no		0	yes	
3406	11th-ave-apt	3392	residential	13	no	no	2022/04/DSC02094-scaled.jpg	2022/04/DSC02094.jpg	yes	2048	1638	no		0	yes	
3407	11th-ave-apt	3392	residential	2	no	no	2022/04/DSC02097-scaled.jpg	2022/04/DSC02097.jpg	yes	2048	1366	no		0	yes	
3408	11th-ave-apt	3392	residential	3	no	no	2022/04/DSC02103a-scaled.jpg	2022/04/DSC02103a.jpg	yes	2048	1366	no		0	yes	
3409	11th-ave-apt	3392	residential	1	no	no	2022/04/DSC02106-scaled.jpg	2022/04/DSC02106.jpg	yes	2048	1366	no		0	yes	
3417	11th-ave-apt	3392	residential	5	no	no	2022/04/IMG_0141-scaled.jpg	2022/04/IMG_0141.jpg	yes	2048	1366	no		0	yes	
3418	11th-ave-apt	3392	residential	9	no	no	2022/04/IMG_0142-scaled.jpg	2022/04/IMG_0142.jpg	yes	1707	2560	no		0	yes	
3556	92-laight-st	3454	residential	2	no	no	2023/05/20230306_92LaightSt-3109-scaled.jpg	2023/05/20230306_92LaightSt-3109.jpg	yes	1920	1280	no		3454	no	
3557	92-laight-st	3454	residential	3	no	no	2023/05/20230306_92LaightSt-3114-scaled.jpg	2023/05/20230306_92LaightSt-3114.jpg	yes	1920	1280	no		3454	no	
3558	92-laight-st	3454	residential	4	no	no	2023/05/20230306_92LaightSt-3119-scaled.jpg	2023/05/20230306_92LaightSt-3119.jpg	yes	1920	1280	no		3454	no	
3559	92-laight-st	3454	residential	5	no	no	2023/05/20230306_92LaightSt-3124-scaled.jpg	2023/05/20230306_92LaightSt-3124.jpg	yes	1280	1920	no		3454	no	
3563	92-laight-st	3454	residential	6	no	no	2023/05/20230306_92LaightSt-3149-scaled.jpg	2023/05/20230306_92LaightSt-3149.jpg	yes	1920	1280	no		3454	no	
3566	92-laight-st	3454	residential	7	no	no	2023/05/20230306_92LaightSt-3164-scaled.jpg	2023/05/20230306_92LaightSt-3164.jpg	yes	1920	1280	no		3454	no	
3569	92-laight-st	3454	residential	8	no	no	2023/05/20230306_92LaightSt-3034-scaled.jpg	2023/05/20230306_92LaightSt-3034.jpg	yes	1920	1280	no		3454	no	
3571	92-laight-st	3454	residential	9	no	no	2023/05/20230306_92LaightSt-3044-scaled.jpg	2023/05/20230306_92LaightSt-3044.jpg	yes	1920	1280	no		3454	no	
3572	92-laight-st	3454	residential	11	no	no	2023/05/20230306_92LaightSt-3049-scaled.jpg	2023/05/20230306_92LaightSt-3049.jpg	yes	1920	1280	no		3454	no	
3574	92-laight-st	3454	residential	1	no	no	2023/05/20230306_92LaightSt-3059-scaled.jpg	2023/05/20230306_92LaightSt-3059.jpg	yes	1920	1280	no		3454	no	
3575	92-laight-st	3454	residential	12	no	no	2023/05/20230306_92LaightSt-3074-scaled.jpg	2023/05/20230306_92LaightSt-3074.jpg	yes	1920	1280	no		3454	no	
3576	92-laight-st	3454	residential	13	no	no	2023/05/20230306_92LaightSt-3079-scaled.jpg	2023/05/20230306_92LaightSt-3079.jpg	yes	1920	1280	no		3454	no	
3579	92-laight-st	3454	residential	10	no	no	2023/05/20230306_92LaightSt-3094-scaled.jpg	2023/05/20230306_92LaightSt-3094.jpg	yes	1280	1920	no		3454	no	
3581	92-laight-st	3454	residential	14	no	no	2023/05/20230306_92LaightSt-3104-scaled.jpg	2023/05/20230306_92LaightSt-3104.jpg	yes	1920	1280	no		3454	no	
3583	92-laight-st	3454	residential	17	no	no	2023/05/20230306_92LaightSt-2964-scaled.jpg	2023/05/20230306_92LaightSt-2964.jpg	yes	1920	1280	no		3454	no	
3587	92-laight-st	3454	residential	15	no	no	2023/05/20230306_92LaightSt-2989-scaled.jpg	2023/05/20230306_92LaightSt-2989.jpg	yes	1920	1280	no		3454	no	
3589	92-laight-st	3454	residential	16	no	no	2023/05/20230306_92LaightSt-2999-scaled.jpg	2023/05/20230306_92LaightSt-2999.jpg	yes	1920	1280	no		3454	no	
3597	92-laight-st	3454	residential	18	no	no	2023/05/20230306_92LaightSt-2954-scaled.jpg	2023/05/20230306_92LaightSt-2954.jpg	yes	1920	1280	no		3454	no	
3598	92-laight-st	3454	residential	19	yes	no	2023/05/20230306_92LaightSt-3184-scaled.jpg	2023/05/20230306_92LaightSt-3184.jpg	yes	1920	1280	no		3454	no	
3611	bad-roman-columbus-circle-mall	3451	commercial	12	no	no	2023/05/20230310_10ColumbusBadRoman-1369-scaled.jpg	2023/05/20230310_10ColumbusBadRoman-1369.jpg	yes	1920	1280	no		3451	no	
3612	bad-roman-columbus-circle-mall	3451	commercial	5	no	no	2023/05/20230310_10ColumbusBadRoman-1374-scaled.jpg	2023/05/20230310_10ColumbusBadRoman-1374.jpg	yes	1920	1280	no		3451	no	
3613	bad-roman-columbus-circle-mall	3451	commercial	6	no	no	2023/05/20230310_10ColumbusBadRoman-1379-scaled.jpg	2023/05/20230310_10ColumbusBadRoman-1379.jpg	yes	1920	1280	no		3451	no	
3617	bad-roman-columbus-circle-mall	3451	commercial	7	no	no	2023/05/20230310_10ColumbusBadRoman-1349-scaled.jpg	2023/05/20230310_10ColumbusBadRoman-1349.jpg	yes	1920	1280	no		3451	no	
3618	bad-roman-columbus-circle-mall	3451	commercial	2	no	no	2023/05/20230310_10ColumbusBadRoman-1354-scaled.jpg	2023/05/20230310_10ColumbusBadRoman-1354.jpg	yes	1920	1280	no		3451	no	
3619	bad-roman-columbus-circle-mall	3451	commercial	8	no	no	2023/05/20230310_10ColumbusBadRoman-1359-scaled.jpg	2023/05/20230310_10ColumbusBadRoman-1359.jpg	yes	1920	1280	no		3451	no	
3621	bad-roman-columbus-circle-mall	3451	commercial	9	no	no	2023/05/20230310_10ColumbusBadRoman-1314-scaled.jpg	2023/05/20230310_10ColumbusBadRoman-1314.jpg	yes	1920	1280	no		3451	no	
3622	bad-roman-columbus-circle-mall	3451	commercial	1	no	no	2023/05/20230310_10ColumbusBadRoman-1319-scaled.jpg	2023/05/20230310_10ColumbusBadRoman-1319.jpg	yes	1920	1280	no		3451	no	
3623	bad-roman-columbus-circle-mall	3451	commercial	11	no	no	2023/05/20230310_10ColumbusBadRoman-1329-scaled.jpg	2023/05/20230310_10ColumbusBadRoman-1329.jpg	yes	1920	1280	no		3451	no	
3624	bad-roman-columbus-circle-mall	3451	commercial	3	no	no	2023/05/20230310_10ColumbusBadRoman-1289-scaled.jpg	2023/05/20230310_10ColumbusBadRoman-1289.jpg	yes	1920	1280	no		3451	no	
3625	bad-roman-columbus-circle-mall	3451	commercial	13	no	no	2023/05/20230310_10ColumbusBadRoman-1294-scaled.jpg	2023/05/20230310_10ColumbusBadRoman-1294.jpg	yes	1920	1285	no		3451	no	
3627	bad-roman-columbus-circle-mall	3451	commercial	17	no	no	2023/05/20230310_10ColumbusBadRoman-1304-scaled.jpg	2023/05/20230310_10ColumbusBadRoman-1304.jpg	yes	1920	1280	no		3451	no	
3628	bad-roman-columbus-circle-mall	3451	commercial	18	no	no	2023/05/20230310_10ColumbusBadRoman-1269-scaled.jpg	2023/05/20230310_10ColumbusBadRoman-1269.jpg	yes	1920	1280	no		3451	no	
3629	bad-roman-columbus-circle-mall	3451	commercial	4	no	no	2023/05/20230310_10ColumbusBadRoman-1274-scaled.jpg	2023/05/20230310_10ColumbusBadRoman-1274.jpg	yes	1920	1280	no		3451	no	
3630	bad-roman-columbus-circle-mall	3451	commercial	19	no	no	2023/05/20230310_10ColumbusBadRoman-1279-scaled.jpg	2023/05/20230310_10ColumbusBadRoman-1279.jpg	yes	1920	1280	no		3451	no	
3631	bad-roman-columbus-circle-mall	3451	commercial	20	no	no	2023/05/20230310_10ColumbusBadRoman-1284-scaled.jpg	2023/05/20230310_10ColumbusBadRoman-1284.jpg	yes	1920	1280	no		3451	no	
3632	bad-roman-columbus-circle-mall	3451	commercial	14	no	no	2023/05/20230310_10ColumbusBadRoman-1244-scaled.jpg	2023/05/20230310_10ColumbusBadRoman-1244.jpg	yes	1920	1280	no		3451	no	
3633	bad-roman-columbus-circle-mall	3451	commercial	15	no	no	2023/05/20230310_10ColumbusBadRoman-1249-scaled.jpg	2023/05/20230310_10ColumbusBadRoman-1249.jpg	yes	1920	1280	no		3451	no	
3634	bad-roman-columbus-circle-mall	3451	commercial	21	no	no	2023/05/20230310_10ColumbusBadRoman-1254-scaled.jpg	2023/05/20230310_10ColumbusBadRoman-1254.jpg	yes	1920	1280	no		3451	no	
3635	bad-roman-columbus-circle-mall	3451	commercial	10	no	no	2023/05/20230310_10ColumbusBadRoman-1259-scaled.jpg	2023/05/20230310_10ColumbusBadRoman-1259.jpg	yes	1920	1280	no		3451	no	
3637	bad-roman-columbus-circle-mall	3451	commercial	16	no	no	2023/05/20230310_10ColumbusBadRoman-1219-scaled.jpg	2023/05/20230310_10ColumbusBadRoman-1219.jpg	yes	1920	1280	no		3451	no	
3638	bad-roman-columbus-circle-mall	3451	commercial	23	no	no	2023/05/20230310_10ColumbusBadRoman-1224-scaled.jpg	2023/05/20230310_10ColumbusBadRoman-1224.jpg	yes	1920	1280	no		3451	no	
3640	bad-roman-columbus-circle-mall	3451	commercial	24	no	no	2023/05/20230310_10ColumbusBadRoman-1234-scaled.jpg	2023/05/20230310_10ColumbusBadRoman-1234.jpg	yes	1920	1280	no		3451	no	
3641	bad-roman-columbus-circle-mall	3451	commercial	25	no	no	2023/05/20230310_10ColumbusBadRoman-1239-scaled.jpg	2023/05/20230310_10ColumbusBadRoman-1239.jpg	yes	1920	1280	no		3451	no	
3642	bad-roman-columbus-circle-mall	3451	commercial	22	no	no	2023/05/20230310_10ColumbusBadRoman-1194-scaled.jpg	2023/05/20230310_10ColumbusBadRoman-1194.jpg	yes	1920	1280	no		3451	no	
3645	bad-roman-columbus-circle-mall	3451	commercial	26	no	no	2023/05/20230310_10ColumbusBadRoman-1209-scaled.jpg	2023/05/20230310_10ColumbusBadRoman-1209.jpg	yes	1920	1280	no		3451	no	
3646	bad-roman-columbus-circle-mall	3451	commercial	27	no	no	2023/05/20230310_10ColumbusBadRoman-1214-scaled.jpg	2023/05/20230310_10ColumbusBadRoman-1214.jpg	yes	1920	1280	no		3451	no	
3647	bad-roman-columbus-circle-mall	3451	commercial	28	no	no	2023/05/20230310_10ColumbusBadRoman-1174-scaled.jpg	2023/05/20230310_10ColumbusBadRoman-1174.jpg	yes	1920	1280	no		3451	no	
3648	bad-roman-columbus-circle-mall	3451	commercial	29	no	no	2023/05/20230310_10ColumbusBadRoman-1179-scaled.jpg	2023/05/20230310_10ColumbusBadRoman-1179.jpg	yes	1920	1280	no		3451	no	
3649	bad-roman-columbus-circle-mall	3451	commercial	30	no	no	2023/05/20230310_10ColumbusBadRoman-1184-scaled.jpg	2023/05/20230310_10ColumbusBadRoman-1184.jpg	yes	1920	1280	no		3451	no	
3650	bad-roman-columbus-circle-mall	3451	commercial	31	no	no	2023/05/20230310_10ColumbusBadRoman-1189-scaled.jpg	2023/05/20230310_10ColumbusBadRoman-1189.jpg	yes	1920	1280	no		3451	no	
3651	bad-roman-columbus-circle-mall	3451	commercial	32	no	no	2023/05/20230310_10ColumbusBadRoman-1324-scaled.jpg	2023/05/20230310_10ColumbusBadRoman-1324.jpg	yes	1920	1280	no		3451	no	
3653	bad-roman-columbus-circle-mall	3451	commercial	33	no	no	2023/05/20230310_10ColumbusBadRoman-1149-scaled.jpg	2023/05/20230310_10ColumbusBadRoman-1149.jpg	yes	1920	1280	no		3451	no	
3654	bad-roman-columbus-circle-mall	3451	commercial	34	no	no	2023/05/20230310_10ColumbusBadRoman-1154-scaled.jpg	2023/05/20230310_10ColumbusBadRoman-1154.jpg	yes	1920	1280	no		3451	no	
3655	bad-roman-columbus-circle-mall	3451	commercial	35	no	no	2023/05/20230310_10ColumbusBadRoman-1159-scaled.jpg	2023/05/20230310_10ColumbusBadRoman-1159.jpg	yes	1920	1280	no		3451	no	
3656	bad-roman-columbus-circle-mall	3451	commercial	36	no	no	2023/05/20230310_10ColumbusBadRoman-1164-scaled.jpg	2023/05/20230310_10ColumbusBadRoman-1164.jpg	yes	1920	1280	no		3451	no	
3657	bad-roman-columbus-circle-mall	3451	commercial	38	no	no	2023/05/20230310_10ColumbusBadRoman-1169-scaled.jpg	2023/05/20230310_10ColumbusBadRoman-1169.jpg	yes	1920	1280	no		3451	no	
3658	bad-roman-columbus-circle-mall	3451	commercial	40	no	no	2023/05/20230310_10ColumbusBadRoman-1119-scaled.jpg	2023/05/20230310_10ColumbusBadRoman-1119.jpg	yes	1920	1280	no		3451	no	
3659	bad-roman-columbus-circle-mall	3451	commercial	41	no	no	2023/05/20230310_10ColumbusBadRoman-1124-scaled.jpg	2023/05/20230310_10ColumbusBadRoman-1124.jpg	yes	1920	1280	no		3451	no	
3660	bad-roman-columbus-circle-mall	3451	commercial	43	yes	no	2023/05/20230310_10ColumbusBadRoman-1129-scaled.jpg	2023/05/20230310_10ColumbusBadRoman-1129.jpg	yes	1920	1280	no		3451	no	
3661	bad-roman-columbus-circle-mall	3451	commercial	44	no	no	2023/05/20230310_10ColumbusBadRoman-1134-scaled.jpg	2023/05/20230310_10ColumbusBadRoman-1134.jpg	yes	1920	1280	no		3451	no	
3662	bad-roman-columbus-circle-mall	3451	commercial	37	no	no	2023/05/20230310_10ColumbusBadRoman-1139-scaled.jpg	2023/05/20230310_10ColumbusBadRoman-1139.jpg	yes	1920	1280	no		3451	no	
3663	bad-roman-columbus-circle-mall	3451	commercial	42	no	no	2023/05/20230310_10ColumbusBadRoman-1084-scaled.jpg	2023/05/20230310_10ColumbusBadRoman-1084.jpg	yes	1920	1280	no		3451	no	
3665	bad-roman-columbus-circle-mall	3451	commercial	39	no	no	2023/05/20230310_10ColumbusBadRoman-1104-scaled.jpg	2023/05/20230310_10ColumbusBadRoman-1104.jpg	yes	1920	1280	no		3451	no	
3666	bad-roman-columbus-circle-mall	3451	commercial	45	no	no	2023/05/20230310_10ColumbusBadRoman-1109-scaled.jpg	2023/05/20230310_10ColumbusBadRoman-1109.jpg	yes	1920	1280	no		3451	no	
3667	bad-roman-columbus-circle-mall	3451	commercial	46	no	no	2023/05/20230310_10ColumbusBadRoman-1114-scaled.jpg	2023/05/20230310_10ColumbusBadRoman-1114.jpg	yes	1920	1280	no		3451	no	
3668	bad-roman-columbus-circle-mall	3451	commercial	47	no	no	2023/05/20230310_10ColumbusBadRoman-1089-scaled.jpg	2023/05/20230310_10ColumbusBadRoman-1089.jpg	yes	1920	1280	no		3451	no	
3683	ketchy-shubby	3467	commercial	2	no	no	2023/05/20230320_406BroomeKetchyShuby-0752-scaled.jpg	2023/05/20230320_406BroomeKetchyShuby-0752.jpg	yes	1920	1280	no		3467	no	
3685	ketchy-shubby	3467	commercial	3	no	no	2023/05/20230320_406BroomeKetchyShuby-0762-scaled.jpg	2023/05/20230320_406BroomeKetchyShuby-0762.jpg	yes	1920	1280	no		3467	no	
3686	ketchy-shubby	3467	commercial	4	no	no	2023/05/20230320_406BroomeKetchyShuby-0767-scaled.jpg	2023/05/20230320_406BroomeKetchyShuby-0767.jpg	yes	1920	1280	no		3467	no	
3687	ketchy-shubby	3467	commercial	5	no	no	2023/05/20230320_406BroomeKetchyShuby-0772-scaled.jpg	2023/05/20230320_406BroomeKetchyShuby-0772.jpg	yes	1920	1280	no		3467	no	
3688	ketchy-shubby	3467	commercial	6	no	no	2023/05/20230320_406BroomeKetchyShuby-0777-scaled.jpg	2023/05/20230320_406BroomeKetchyShuby-0777.jpg	yes	1282	1920	no		3467	no	
3691	ketchy-shubby	3467	commercial	7	no	no	2023/05/20230320_406BroomeKetchyShuby-0702-scaled.jpg	2023/05/20230320_406BroomeKetchyShuby-0702.jpg	yes	1920	1280	no		3467	no	
3693	ketchy-shubby	3467	commercial	8	no	no	2023/05/20230320_406BroomeKetchyShuby-0712-scaled.jpg	2023/05/20230320_406BroomeKetchyShuby-0712.jpg	yes	1920	1280	no		3467	no	
3694	ketchy-shubby	3467	commercial	9	no	no	2023/05/20230320_406BroomeKetchyShuby-0717-scaled.jpg	2023/05/20230320_406BroomeKetchyShuby-0717.jpg	yes	1920	1280	no		3467	no	
3695	ketchy-shubby	3467	commercial	10	no	no	2023/05/20230320_406BroomeKetchyShuby-0722-scaled.jpg	2023/05/20230320_406BroomeKetchyShuby-0722.jpg	yes	1920	1280	no		3467	no	
3697	ketchy-shubby	3467	commercial	11	no	no	2023/05/20230320_406BroomeKetchyShuby-0732-scaled.jpg	2023/05/20230320_406BroomeKetchyShuby-0732.jpg	yes	1920	1280	no		3467	no	
3698	ketchy-shubby	3467	commercial	1	no	no	2023/05/20230320_406BroomeKetchyShuby-0737-scaled.jpg	2023/05/20230320_406BroomeKetchyShuby-0737.jpg	yes	1920	1278	no		3467	no	
3700	ketchy-shubby	3467	commercial	12	no	no	2023/05/20230320_406BroomeKetchyShuby-0667-scaled.jpg	2023/05/20230320_406BroomeKetchyShuby-0667.jpg	yes	1920	1280	no		3467	no	
3701	ketchy-shubby	3467	commercial	13	no	no	2023/05/20230320_406BroomeKetchyShuby-0672-scaled.jpg	2023/05/20230320_406BroomeKetchyShuby-0672.jpg	yes	1920	1280	no		3467	no	
3702	ketchy-shubby	3467	commercial	14	no	no	2023/05/20230320_406BroomeKetchyShuby-0677-scaled.jpg	2023/05/20230320_406BroomeKetchyShuby-0677.jpg	yes	1920	1280	no		3467	no	
3703	ketchy-shubby	3467	commercial	15	no	no	2023/05/20230320_406BroomeKetchyShuby-0682-scaled.jpg	2023/05/20230320_406BroomeKetchyShuby-0682.jpg	yes	1920	1280	no		3467	no	
3705	ketchy-shubby	3467	commercial	16	no	no	2023/05/20230320_406BroomeKetchyShuby-0692-scaled.jpg	2023/05/20230320_406BroomeKetchyShuby-0692.jpg	yes	1920	1280	no		3467	no	
3706	ketchy-shubby	3467	commercial	17	no	no	2023/05/20230320_406BroomeKetchyShuby-0697-scaled.jpg	2023/05/20230320_406BroomeKetchyShuby-0697.jpg	yes	1920	1280	no		3467	no	
3707	ketchy-shubby	3467	commercial	18	yes	no	2023/05/20230320_406BroomeKetchyShuby-0627-scaled.jpg	2023/05/20230320_406BroomeKetchyShuby-0627.jpg	yes	1920	1280	no		3467	no	
3708	ketchy-shubby	3467	commercial	19	no	no	2023/05/20230320_406BroomeKetchyShuby-0632-scaled.jpg	2023/05/20230320_406BroomeKetchyShuby-0632.jpg	yes	1920	1280	no		3467	no	
3709	ketchy-shubby	3467	commercial	20	no	no	2023/05/20230320_406BroomeKetchyShuby-0637-scaled.jpg	2023/05/20230320_406BroomeKetchyShuby-0637.jpg	yes	1920	1280	no		3467	no	
3710	ketchy-shubby	3467	commercial	21	no	no	2023/05/20230320_406BroomeKetchyShuby-0642-scaled.jpg	2023/05/20230320_406BroomeKetchyShuby-0642.jpg	yes	1920	1280	no		3467	no	
3711	ketchy-shubby	3467	commercial	22	no	no	2023/05/20230320_406BroomeKetchyShuby-0647-scaled.jpg	2023/05/20230320_406BroomeKetchyShuby-0647.jpg	yes	1920	1280	no		3467	no	
3713	ketchy-shubby	3467	commercial	23	no	no	2023/05/20230320_406BroomeKetchyShuby-0657-scaled.jpg	2023/05/20230320_406BroomeKetchyShuby-0657.jpg	yes	1920	1280	no		3467	no	
3724	700-park-ave	3432	residential	10	no	no	2023/05/20230306_700ParkAve-3404-scaled.jpg	2023/05/20230306_700ParkAve-3404.jpg	yes	1280	1920	no		3432	no	
3727	700-park-ave	3432	residential	3	no	no	2023/05/20230306_700ParkAve-3419-scaled.jpg	2023/05/20230306_700ParkAve-3419.jpg	yes	1920	1280	no		3432	no	
3731	700-park-ave	3432	residential	5	no	no	2023/05/20230306_700ParkAve-3324-scaled.jpg	2023/05/20230306_700ParkAve-3324.jpg	yes	1920	1280	no		3432	no	
3732	700-park-ave	3432	residential	6	no	no	2023/05/20230306_700ParkAve-3329-scaled.jpg	2023/05/20230306_700ParkAve-3329.jpg	yes	1920	1280	no		3432	no	
3734	700-park-ave	3432	residential	7	no	no	2023/05/20230306_700ParkAve-3339-scaled.jpg	2023/05/20230306_700ParkAve-3339.jpg	yes	1920	1280	no		3432	no	
3737	700-park-ave	3432	residential	8	no	no	2023/05/20230306_700ParkAve-3359-scaled.jpg	2023/05/20230306_700ParkAve-3359.jpg	yes	1920	1280	no		3432	no	
3740	700-park-ave	3432	residential	9	no	no	2023/05/20230306_700ParkAve-3374-scaled.jpg	2023/05/20230306_700ParkAve-3374.jpg	yes	1920	1280	no		3432	no	
3741	700-park-ave	3432	residential	11	no	no	2023/05/20230306_700ParkAve-3379-scaled.jpg	2023/05/20230306_700ParkAve-3379.jpg	yes	1280	1920	no		3432	no	
3743	700-park-ave	3432	residential	1	no	no	2023/05/20230306_700ParkAve-3259-scaled.jpg	2023/05/20230306_700ParkAve-3259.jpg	yes	1920	1280	no		3432	no	
3744	700-park-ave	3432	residential	2	no	no	2023/05/20230306_700ParkAve-3269-scaled.jpg	2023/05/20230306_700ParkAve-3269.jpg	yes	1920	1280	no		3432	no	
3745	700-park-ave	3432	residential	13	no	no	2023/05/20230306_700ParkAve-3274-scaled.jpg	2023/05/20230306_700ParkAve-3274.jpg	yes	1920	1280	no		3432	no	
3749	700-park-ave	3432	residential		yes	yes	2023/05/20230306_700ParkAve-3294-scaled.jpg	2023/05/20230306_700ParkAve-3294.jpg	yes	1920	1280	no		3432	no	
3750	700-park-ave	3432	residential	14	no	no	2023/05/20230306_700ParkAve-3299-scaled.jpg	2023/05/20230306_700ParkAve-3299.jpg	yes	1920	1280	no		3432	no	
3751	700-park-ave	3432	residential	15	no	no	2023/05/20230306_700ParkAve-3304-scaled.jpg	2023/05/20230306_700ParkAve-3304.jpg	yes	1920	1280	no		3432	no	
3753	700-park-ave	3432	residential	4	no	no	2023/05/20230306_700ParkAve-3204-scaled.jpg	2023/05/20230306_700ParkAve-3204.jpg	yes	1920	1280	no		3432	no	
3756	700-park-ave	3432	residential	16	no	no	2023/05/20230306_700ParkAve-3219-scaled.jpg	2023/05/20230306_700ParkAve-3219.jpg	yes	1920	1280	no		3432	no	
3757	700-park-ave	3432	residential	17	no	no	2023/05/20230306_700ParkAve-3224-scaled.jpg	2023/05/20230306_700ParkAve-3224.jpg	yes	1920	1280	no		3432	no	
3759	700-park-ave	3432	residential	12	no	no	2023/05/20230306_700ParkAve-3234-scaled.jpg	2023/05/20230306_700ParkAve-3234.jpg	yes	1920	1280	no		3432	no	
3763	700-park-ave	3432	residential	18	no	no	2023/05/20230306_700ParkAve-3394-scaled.jpg	2023/05/20230306_700ParkAve-3394.jpg	yes	1920	1280	no		3432	no	
3766	262-mott-st	3496	residential	1	no	no	2023/05/20230306_262MottSt-2919-scaled.jpg	2023/05/20230306_262MottSt-2919.jpg	yes	1920	1280	no		3496	no	
3769	262-mott-st	3496	residential	5	no	no	2023/05/20230306_262MottSt-2939-scaled.jpg	2023/05/20230306_262MottSt-2939.jpg	yes	1920	1280	no		3496	no	
3770	262-mott-st	3496	residential	2	no	no	2023/05/20230306_262MottSt-2854-scaled.jpg	2023/05/20230306_262MottSt-2854.jpg	yes	1920	1280	no		3496	no	
3771	262-mott-st	3496	residential	4	no	no	2023/05/20230306_262MottSt-2859-scaled.jpg	2023/05/20230306_262MottSt-2859.jpg	yes	1920	1280	no		3496	no	
3772	262-mott-st	3496	residential	6	no	no	2023/05/20230306_262MottSt-2864-scaled.jpg	2023/05/20230306_262MottSt-2864.jpg	yes	1920	1280	no		3496	no	
3773	262-mott-st	3496	residential	7	no	no	2023/05/20230306_262MottSt-2869-scaled.jpg	2023/05/20230306_262MottSt-2869.jpg	yes	1920	1280	no		3496	no	
3775	262-mott-st	3496	residential	8	no	no	2023/05/20230306_262MottSt-2879-scaled.jpg	2023/05/20230306_262MottSt-2879.jpg	yes	1920	1280	no		3496	no	
3776	262-mott-st	3496	residential	3	no	no	2023/05/20230306_262MottSt-2884-scaled.jpg	2023/05/20230306_262MottSt-2884.jpg	yes	1920	1280	no		3496	no	
3778	262-mott-st	3496	residential	9	no	no	2023/05/20230306_262MottSt-2809-scaled.jpg	2023/05/20230306_262MottSt-2809.jpg	yes	1920	1280	no		3496	no	
3779	262-mott-st	3496	residential	10	no	no	2023/05/20230306_262MottSt-2814-scaled.jpg	2023/05/20230306_262MottSt-2814.jpg	yes	1920	1280	no		3496	no	
3781	262-mott-st	3496	residential	11	no	no	2023/05/20230306_262MottSt-2824-scaled.jpg	2023/05/20230306_262MottSt-2824.jpg	yes	1920	1280	no		3496	no	
3782	262-mott-st	3496	residential	12	no	no	2023/05/20230306_262MottSt-2829-scaled.jpg	2023/05/20230306_262MottSt-2829.jpg	yes	1920	1280	no		3496	no	
3784	262-mott-st	3496	residential	13	no	no	2023/05/20230306_262MottSt-2839-scaled.jpg	2023/05/20230306_262MottSt-2839.jpg	yes	1920	1280	no		3496	no	
3785	262-mott-st	3496	residential	14	no	no	2023/05/20230306_262MottSt-2849-scaled.jpg	2023/05/20230306_262MottSt-2849.jpg	yes	1920	1280	no		3496	no	
3786	262-mott-st	3496	residential	15	no	no	2023/05/20230306_262MottSt-2784-scaled.jpg	2023/05/20230306_262MottSt-2784.jpg	yes	1920	1280	no		3496	no	
3787	262-mott-st	3496	residential	17	no	no	2023/05/20230306_262MottSt-2789-scaled.jpg	2023/05/20230306_262MottSt-2789.jpg	yes	1920	1280	no		3496	no	
3788	262-mott-st	3496	residential	18	no	no	2023/05/20230306_262MottSt-2794-scaled.jpg	2023/05/20230306_262MottSt-2794.jpg	yes	1920	1280	no		3496	no	
3789	262-mott-st	3496	residential	19	yes	no	2023/05/20230306_262MottSt-2799-scaled.jpg	2023/05/20230306_262MottSt-2799.jpg	yes	1920	1280	no		3496	no	
3790	262-mott-st	3496	residential	20	no	no	2023/05/20230306_262MottSt-2804-scaled.jpg	2023/05/20230306_262MottSt-2804.jpg	yes	1920	1280	no		3496	no	
3791	262-mott-st	3496	residential	16	no	no	2023/05/20230306_262MottSt-2894-scaled.jpg	2023/05/20230306_262MottSt-2894.jpg	yes	1920	1280	no		3496	no	
3793	262-mott-st	3496	residential	21	no	no	2023/05/20230306_262MottSt-2909-scaled.jpg	2023/05/20230306_262MottSt-2909.jpg	yes	1920	1280	no		3496	no	
3794	262-mott-st	3496	residential	22	no	no	2023/05/20230306_262MottSt-2914-scaled.jpg	2023/05/20230306_262MottSt-2914.jpg	yes	1920	1280	no		3496	no	
3799	momofuku-noodle-bar-171-1st-ave	3493	commercial	1	no	no	2023/05/20230310_171FirstMomofuku-1469-scaled.jpg	2023/05/20230310_171FirstMomofuku-1469.jpg	yes	1920	1280	no		3493	no	
3801	momofuku-noodle-bar-171-1st-ave	3493	commercial	2	no	no	2023/05/20230310_171FirstMomofuku-1479-scaled.jpg	2023/05/20230310_171FirstMomofuku-1479.jpg	yes	1920	1280	no		3493	no	
3802	momofuku-noodle-bar-171-1st-ave	3493	commercial	3	no	no	2023/05/20230310_171FirstMomofuku-1489-scaled.jpg	2023/05/20230310_171FirstMomofuku-1489.jpg	yes	1920	1280	no		3493	no	
3803	momofuku-noodle-bar-171-1st-ave	3493	commercial	4	no	no	2023/05/20230310_171FirstMomofuku-1494-scaled.jpg	2023/05/20230310_171FirstMomofuku-1494.jpg	yes	1920	1280	no		3493	no	
3804	momofuku-noodle-bar-171-1st-ave	3493	commercial	5	no	no	2023/05/20230310_171FirstMomofuku-1499-scaled.jpg	2023/05/20230310_171FirstMomofuku-1499.jpg	yes	1920	1280	no		3493	no	
3807	momofuku-noodle-bar-171-1st-ave	3493	commercial	6	no	no	2023/05/20230310_171FirstMomofuku-1529-scaled.jpg	2023/05/20230310_171FirstMomofuku-1529.jpg	yes	1920	1280	no		3493	no	
3808	momofuku-noodle-bar-171-1st-ave	3493	commercial	7	no	no	2023/05/20230310_171FirstMomofuku-1534-scaled.jpg	2023/05/20230310_171FirstMomofuku-1534.jpg	yes	1920	1280	no		3493	no	
3809	momofuku-noodle-bar-171-1st-ave	3493	commercial	8	no	no	2023/05/20230310_171FirstMomofuku-1539-scaled.jpg	2023/05/20230310_171FirstMomofuku-1539.jpg	yes	1920	1280	no		3493	no	
3811	momofuku-noodle-bar-171-1st-ave	3493	commercial	9	no	no	2023/05/20230310_171FirstMomofuku-1424-scaled.jpg	2023/05/20230310_171FirstMomofuku-1424.jpg	yes	1920	1280	no		3493	no	
3812	momofuku-noodle-bar-171-1st-ave	3493	commercial	10	no	no	2023/05/20230310_171FirstMomofuku-1429-scaled.jpg	2023/05/20230310_171FirstMomofuku-1429.jpg	yes	1920	1280	no		3493	no	
3815	momofuku-noodle-bar-171-1st-ave	3493	commercial	11	no	no	2023/05/20230310_171FirstMomofuku-1444-scaled.jpg	2023/05/20230310_171FirstMomofuku-1444.jpg	yes	1920	1280	no		3493	no	
3817	momofuku-noodle-bar-171-1st-ave	3493	commercial	12	no	no	2023/05/20230310_171FirstMomofuku-1459-scaled.jpg	2023/05/20230310_171FirstMomofuku-1459.jpg	yes	1920	1280	no		3493	no	
3818	momofuku-noodle-bar-171-1st-ave	3493	commercial	13	no	no	2023/05/20230310_171FirstMomofuku-1464-scaled.jpg	2023/05/20230310_171FirstMomofuku-1464.jpg	yes	1920	1280	no		3493	no	
3819	momofuku-noodle-bar-171-1st-ave	3493	commercial	14	yes	no	2023/05/20230310_171FirstMomofuku-1549-scaled.jpg	2023/05/20230310_171FirstMomofuku-1549.jpg	yes	1920	1280	no		3493	no	
3820	momofuku-noodle-bar-171-1st-ave	3493	commercial	15	no	no	2023/05/20230310_171FirstMomofuku-1554-scaled.jpg	2023/05/20230310_171FirstMomofuku-1554.jpg	yes	1920	1280	no		3493	no	
3821	momofuku-noodle-bar-171-1st-ave	3493	commercial	16	no	no	2023/05/20230310_171FirstMomofuku-1559-scaled.jpg	2023/05/20230310_171FirstMomofuku-1559.jpg	yes	1920	1282	no		3493	no	
3898	652-hudson-st	3490	residential	1	no	no	2023/05/pV6WCuFm.png	2023/05/pV6WCuFm.png	no	2048	2048	yes		3490	no	
3899	652-hudson-st	3490	residential	2	no	no	2023/05/yGdWGXjE.png	2023/05/yGdWGXjE.png	no	2048	2048	yes		3490	no	
3900	652-hudson-st	3490	residential	3	no	no	2023/05/WHRG7_L8.png	2023/05/WHRG7_L8.png	no	2048	2048	yes		3490	no	
3901	652-hudson-st	3490	residential	4	no	no	2023/05/tS1BrvuU.png	2023/05/tS1BrvuU.png	no	2048	2048	yes		3490	no	
3902	652-hudson-st	3490	residential	5	no	no	2023/05/nM8EAOYL.png	2023/05/nM8EAOYL.png	no	2048	2048	yes		3490	no	
3903	652-hudson-st	3490	residential	6	no	no	2023/05/QaCmYq6o.png	2023/05/QaCmYq6o.png	no	2048	2048	yes		3490	no	
3904	652-hudson-st	3490	residential	7	no	no	2023/05/MN3ggzaE.png	2023/05/MN3ggzaE.png	no	2048	2048	yes		3490	no	
3905	652-hudson-st	3490	residential	8	no	no	2023/05/MPQK_fKt.png	2023/05/MPQK_fKt.png	no	2048	2048	yes		3490	no	
3906	652-hudson-st	3490	residential	9	no	no	2023/05/KYFGpmK-.png	2023/05/KYFGpmK-.png	no	2048	2048	yes		3490	no	
3907	652-hudson-st	3490	residential	10	no	no	2023/05/jqXbTe4c.png	2023/05/jqXbTe4c.png	no	2048	2048	yes		3490	no	
3908	652-hudson-st	3490	residential	11	no	no	2023/05/k50AaJrR.png	2023/05/k50AaJrR.png	no	2048	2048	yes		3490	no	
3909	652-hudson-st	3490	residential	12	no	no	2023/05/JbaudPAU.png	2023/05/JbaudPAU.png	no	2048	2048	yes		3490	no	
3910	652-hudson-st	3490	residential	13	no	no	2023/05/HQLr22IJ.png	2023/05/HQLr22IJ.png	no	2048	2048	yes		3490	no	
3911	652-hudson-st	3490	residential	14	no	no	2023/05/HTitThJb.png	2023/05/HTitThJb.png	no	2048	2048	yes		3490	no	
3912	652-hudson-st	3490	residential	15	no	no	2023/05/er1u9Vib.png	2023/05/er1u9Vib.png	no	2048	2048	yes		3490	no	
3913	652-hudson-st	3490	residential	16	no	no	2023/05/ax_PJ9Hg.png	2023/05/ax_PJ9Hg.png	no	2048	2048	yes		3490	no	
3914	652-hudson-st	3490	residential	17	no	no	2023/05/0_tPyqHa.png	2023/05/0_tPyqHa.png	no	2048	2048	yes		3490	no	
3915	652-hudson-st	3490	residential	18	no	no	2023/05/28MOItsz.png	2023/05/28MOItsz.png	no	2048	2048	yes		3490	no	
3916	652-hudson-st	3490	residential	19	yes	no	2023/05/3jZi0pAh.png	2023/05/3jZi0pAh.png	no	2048	2048	yes		3490	no	
3917	652-hudson-st	3490	residential	20	no	no	2023/05/5URfRJ9e.png	2023/05/5URfRJ9e.png	no	2048	2048	yes		3490	no	
3918	652-hudson-st	3490	residential	21	no	no	2023/05/a5Dmw-7R.png	2023/05/a5Dmw-7R.png	no	2048	2048	yes		3490	no	
3924	40-e66th-st	3487	residential	2	no	no	2023/05/up-NVbb.png	2023/05/up-NVbb.png	no	2048	2048	yes		3487	no	
3925	40-e66th-st	3487	residential	3	no	no	2023/05/0IoIH6b4.png	2023/05/0IoIH6b4.png	no	2048	2048	yes		3487	no	
3926	40-e66th-st	3487	residential	1	yes	no	2023/05/5xCs3wN5.png	2023/05/5xCs3wN5.png	no	2048	2048	yes		3487	no	
3927	40-e66th-st	3487	residential	4	no	no	2023/05/8jwKxYSO.png	2023/05/8jwKxYSO.png	no	2048	2048	yes		3487	no	
3928	40-e66th-st	3487	residential	5	no	no	2023/05/aE07q2Oz.png	2023/05/aE07q2Oz.png	no	2048	2048	yes		3487	no	
3929	40-e66th-st	3487	residential	6	no	no	2023/05/BUGe4tAy.png	2023/05/BUGe4tAy.png	no	2048	2048	yes		3487	no	
3930	40-e66th-st	3487	residential	18	no	no	2023/05/exO_TEfq.png	2023/05/exO_TEfq.png	no	2048	2048	yes		3487	no	
3931	40-e66th-st	3487	residential	19	no	no	2023/05/FTYyaK0I.png	2023/05/FTYyaK0I.png	no	2048	2048	yes		3487	no	
3932	40-e66th-st	3487	residential	7	no	no	2023/05/kYGMIkIJ.png	2023/05/kYGMIkIJ.png	no	2048	2048	yes		3487	no	
3933	40-e66th-st	3487	residential	8	no	no	2023/05/nRraX3Xr.png	2023/05/nRraX3Xr.png	no	2048	2048	yes		3487	no	
3934	40-e66th-st	3487	residential	10	no	no	2023/05/QVmRDF9j.png	2023/05/QVmRDF9j.png	no	2048	2048	yes		3487	no	
3935	40-e66th-st	3487	residential	12	no	no	2023/05/rXEhi671.png	2023/05/rXEhi671.png	no	2048	2048	yes		3487	no	
3936	40-e66th-st	3487	residential	13	no	no	2023/05/t-2-bhzc.png	2023/05/t-2-bhzc.png	no	2048	2048	yes		3487	no	
3938	40-e66th-st	3487	residential	14	no	no	2023/05/UYzIKSZQ.png	2023/05/UYzIKSZQ.png	no	2048	2048	yes		3487	no	
3939	40-e66th-st	3487	residential	15	no	no	2023/05/VspGumor.png	2023/05/VspGumor.png	no	2048	2048	yes		3487	no	
3940	40-e66th-st	3487	residential	16	no	no	2023/05/w13IACwl.png	2023/05/w13IACwl.png	no	2048	2048	yes		3487	no	
3941	40-e66th-st	3487	residential	17	no	no	2023/05/xL-Dh7eY.png	2023/05/xL-Dh7eY.png	no	2048	2048	yes		3487	no	
3942	40-e66th-st	3487	residential	9	no	no	2023/05/ZGAatUwy.png	2023/05/ZGAatUwy.png	no	2048	2048	yes		3487	no	
3943	40-e66th-st	3487	residential	11	no	no	2023/05/ZPqUWFvo.png	2023/05/ZPqUWFvo.png	no	2048	2048	yes		3487	no	
3947	lantern-house	3966	residential	16	no	no	2023/10/gPGeBN2.png	2023/10/gPGeBN2.png	no	2048	2048	yes		3946	no	
3948	lantern-house	3966	residential	15	no	no	2023/10/0Nv-gP_C.png	2023/10/0Nv-gP_C.png	no	2048	2048	yes		3946	no	
3949	lantern-house	3966	residential	14	no	no	2023/10/42aV-lsp.png	2023/10/42aV-lsp.png	no	2048	2048	yes		3946	no	
3950	lantern-house	3966	residential	13	no	no	2023/10/50oCW_b3.png	2023/10/50oCW_b3.png	no	2048	2048	yes		3946	no	
3951	lantern-house	3966	residential	12	no	no	2023/10/B3WVFByK.png	2023/10/B3WVFByK.png	no	2048	2048	yes		3946	no	
3952	lantern-house	3966	residential	11	no	no	2023/10/Bhg72j4I.png	2023/10/Bhg72j4I.png	no	2048	2048	yes		3946	no	
3953	lantern-house	3966	residential	10	no	no	2023/10/bjdGcsBQ.png	2023/10/bjdGcsBQ.png	no	2048	2048	yes		3946	no	
3954	lantern-house	3966	residential	9	no	no	2023/10/cPH1Np1J.png	2023/10/cPH1Np1J.png	no	2048	2048	yes		3946	no	
3955	lantern-house	3966	residential	8	no	no	2023/10/inxgtHse.png	2023/10/inxgtHse.png	no	2048	2048	yes		3946	no	
3956	lantern-house	3966	residential	7	yes	no	2023/10/iUL4bg6I.png	2023/10/iUL4bg6I.png	no	2048	2048	yes		3946	no	
3957	lantern-house	3966	residential	6	no	no	2023/10/jujlwux2.png	2023/10/jujlwux2.png	no	2048	2048	yes		3946	no	
3958	lantern-house	3966	residential	5	no	no	2023/10/kqPJIYO5.png	2023/10/kqPJIYO5.png	no	2048	2048	yes		3946	no	
3959	lantern-house	3966	residential	4	no	no	2023/10/p_hdLg16.png	2023/10/p_hdLg16.png	no	2048	2048	yes		3946	no	
3960	lantern-house	3966	residential	3	no	no	2023/10/pJ8ScVZ1.png	2023/10/pJ8ScVZ1.png	no	2048	2048	yes		3946	no	
3961	lantern-house	3966	residential	2	no	no	2023/10/POirSLT_.png	2023/10/POirSLT_.png	no	2048	2048	yes		3946	no	
3962	lantern-house	3966	residential	1	no	no	2023/10/VO0lnQyd.png	2023/10/VO0lnQyd.png	no	2048	2048	yes		3946	no	
3969	795-5th-ave-the-pierre	3946	residential	1	no	no	2023/10/cy3ewAA.png	2023/10/cy3ewAA.png	no	2048	2048	yes		3946	no	
3970	795-5th-ave-the-pierre	3946	residential	2	no	no	2023/10/tn_eMKH.png	2023/10/tn_eMKH.png	no	2048	2048	yes		3946	no	
3971	795-5th-ave-the-pierre	3946	residential	3	no	no	2023/10/bFgPyUc.png	2023/10/bFgPyUc.png	no	2048	2048	yes		3946	no	
3972	795-5th-ave-the-pierre	3946	residential	4	no	no	2023/10/5bYk0H-W.png	2023/10/5bYk0H-W.png	no	2048	2048	yes		3946	no	
3973	795-5th-ave-the-pierre	3946	residential	5	no	no	2023/10/5JVsSAfX.png	2023/10/5JVsSAfX.png	no	2048	2048	yes		3946	no	
3974	795-5th-ave-the-pierre	3946	residential	6	no	no	2023/10/8XzGWRIe.png	2023/10/8XzGWRIe.png	no	2048	2048	yes		3946	no	
3975	795-5th-ave-the-pierre	3946	residential	7	no	no	2023/10/a8qS-y5g.png	2023/10/a8qS-y5g.png	no	2048	2048	yes		3946	no	
3976	795-5th-ave-the-pierre	3946	residential	8	no	no	2023/10/DdpDaK1U.png	2023/10/DdpDaK1U.png	no	2048	2048	yes		3946	no	
3977	795-5th-ave-the-pierre	3946	residential	9	no	no	2023/10/fFTRw7QE.png	2023/10/fFTRw7QE.png	no	2048	2048	yes		3946	no	
3978	795-5th-ave-the-pierre	3946	residential	10	no	no	2023/10/hAixnmTg.png	2023/10/hAixnmTg.png	no	2048	2048	yes		3946	no	
3979	795-5th-ave-the-pierre	3946	residential	11	no	no	2023/10/i_Nug0I7.png	2023/10/i_Nug0I7.png	no	2048	2048	yes		3946	no	
3980	795-5th-ave-the-pierre	3946	residential	12	no	no	2023/10/i19SRx_V.png	2023/10/i19SRx_V.png	no	2048	2048	yes		3946	no	
3981	795-5th-ave-the-pierre	3946	residential	13	no	no	2023/10/Mc30PuxF.png	2023/10/Mc30PuxF.png	no	2048	2048	yes		3946	no	
3982	795-5th-ave-the-pierre	3946	residential	14	no	no	2023/10/mO7hW0q1.png	2023/10/mO7hW0q1.png	no	2048	2048	yes		3946	no	
3983	795-5th-ave-the-pierre	3946	residential	15	no	no	2023/10/r2zePbz6.png	2023/10/r2zePbz6.png	no	2048	2048	yes		3946	no	
3984	795-5th-ave-the-pierre	3946	residential	16	yes	no	2023/10/UTt2aYWB.png	2023/10/UTt2aYWB.png	no	2048	2048	yes		3946	no	
