ID,Title,Date,Permalink,"Image Featured",Categories,Order,"Project Gallery",Location,Description,"Size (Sq. Ft)",Role,"Designed By","Architecture by"
433,"Grand Ole Opry City Stage","2019-12-09 02:43:58",https://www.staging8.streamlineusa.com/commercial/grand-ole-opry-city-stage/,https://www.staging8.streamlineusa.com/wp-content/uploads/2019/12/OPRY1.jpg,Commercial,0,https://www.staging8.streamlineusa.com/wp-content/uploads/2019/12/OPRY1.jpg|https://www.staging8.streamlineusa.com/wp-content/uploads/2019/12/OPRY5.jpg|https://www.staging8.streamlineusa.com/wp-content/uploads/2019/12/OPRY10.jpg|https://www.staging8.streamlineusa.com/wp-content/uploads/2019/12/OPRY11.jpg|https://www.staging8.streamlineusa.com/wp-content/uploads/2019/12/OPRY2.jpg|https://www.staging8.streamlineusa.com/wp-content/uploads/2019/12/OPRY3.jpg|https://www.staging8.streamlineusa.com/wp-content/uploads/2019/12/OPRY4.jpg|https://www.staging8.streamlineusa.com/wp-content/uploads/2019/12/OPRY6.jpg|https://www.staging8.streamlineusa.com/wp-content/uploads/2019/12/OPRY7.jpg|https://www.staging8.streamlineusa.com/wp-content/uploads/2019/12/OPRY8.jpg|https://www.staging8.streamlineusa.com/wp-content/uploads/2019/12/OPRY9.jpg,"Times Square","Our mission was to create a city stage sister venue to the biggest named country music stage in the world located in Nashville. Challenges: Bringing to life the same excitement in a new state of the art technical venue. To work on Broadway in Times Square with logistical issues that are physically unmatched. Manning the job with hundreds of men to run at a fast paced schedule. Working in conjunction with teams of specialists in another state, while coordinating activity on the site daily. Streamline's role for this project was Construction Manager.",22000,"Construction Manager","SWA Architecture, Morris Nathanson Interior Design",
436,"Sugarcane Raw Bar And Grill","2019-12-09 02:45:35",https://www.staging8.streamlineusa.com/commercial/sugar-cane-raw-bar-and-grill/,https://www.staging8.streamlineusa.com/wp-content/uploads/2019/12/Sugarcane-Featured.jpg,Commercial,0,https://www.staging8.streamlineusa.com/wp-content/uploads/2019/12/Sugarcane-Featured.jpg|https://www.staging8.streamlineusa.com/wp-content/uploads/2019/12/SUGARCANE1.jpg|https://www.staging8.streamlineusa.com/wp-content/uploads/2019/12/SUGARCANE2.jpg|https://www.staging8.streamlineusa.com/wp-content/uploads/2019/12/SUGARCANE3.jpg|https://www.staging8.streamlineusa.com/wp-content/uploads/2019/12/SUGARCANE4.jpg|https://www.staging8.streamlineusa.com/wp-content/uploads/2019/12/SUGARCANE8.jpg|https://www.staging8.streamlineusa.com/wp-content/uploads/2019/12/SUGARCANE9.jpg|https://www.staging8.streamlineusa.com/wp-content/uploads/2019/12/SUGARCANE7.jpg|https://www.staging8.streamlineusa.com/wp-content/uploads/2019/12/SUGARCANE6.jpg,Brooklyn,"We transformed a historic rustic empty space in one of the oldest buildings standing in America, to a five star restaurant directly under the Brooklyn Bridge. Challenges: Create four full service bar locations featuring an over-sized open kitchen. Rustic metal and reclaimed wood finishes set the tone to capture the original concept of the building. Used the original iron gates to preserve the integrity of the space. Flawlessly executing the project’s scope and tight timelines; challenged by a host of logistical hurdles due to working in one of New York City’s busiest commercial districts. Streamline's role was GC, and we self performed the millwork.",12500,"General Contractor + Millwork","CetraRuddy Design","Lawrence Jones Architecture"
439,"Boqueria Restaurant","2019-12-09 02:48:36",https://www.staging8.streamlineusa.com/commercial/boqueria-restaurant/,https://www.staging8.streamlineusa.com/wp-content/uploads/2019/12/Featured-1-scaled.jpg,Commercial,0,https://www.staging8.streamlineusa.com/wp-content/uploads/2019/12/Featured-1-scaled.jpg|https://www.staging8.streamlineusa.com/wp-content/uploads/2019/12/Boqueria_West40_0518_LizClayman_212-scaled.jpg|https://www.staging8.streamlineusa.com/wp-content/uploads/2019/12/Boqueria_West40_0518_LizClayman_210-scaled.jpg|https://www.staging8.streamlineusa.com/wp-content/uploads/2019/12/Boqueria_West40_0518_LizClayman_211-scaled.jpg|https://www.staging8.streamlineusa.com/wp-content/uploads/2019/12/Boqueria_West40_0518_LizClayman_197-scaled.jpg|https://www.staging8.streamlineusa.com/wp-content/uploads/2019/12/Boqueria_West40_0518_LizClayman_203-scaled.jpg|https://www.staging8.streamlineusa.com/wp-content/uploads/2019/12/Boqueria_West40_0518_LizClayman_206-scaled.jpg|https://www.staging8.streamlineusa.com/wp-content/uploads/2019/12/Boqueria_West40_0518_LizClayman_209-scaled.jpg|https://www.staging8.streamlineusa.com/wp-content/uploads/2019/12/Boqueria_West40_0518_LizClayman_128-1-scaled.jpg,Midtown,"A flagship restaurant in a brand new out of the ground AC Marriott hotel in Times Square. This 5-star restaurant was built in a new hotel that was being developed in tandem. We coordinated with the building's GC during construction and installation of the glass curtain wall storefront. Streamline was the General Contractor for this project.",10500,"General Contractor","Studio Razavi",
443,"Mint Kitchen Restaurant","2019-12-09 02:54:58",https://www.staging8.streamlineusa.com/commercial/mint-kitchen-restaurant-2/,https://www.staging8.streamlineusa.com/wp-content/uploads/2019/12/Creme_Mint-Kitchen_HR-11-scaled.jpg,Commercial,0,https://www.staging8.streamlineusa.com/wp-content/uploads/2019/12/Creme_Mint-Kitchen_HR-11-1-scaled.jpg|https://www.staging8.streamlineusa.com/wp-content/uploads/2019/12/Mint-Featured-2-scaled.jpg|https://www.staging8.streamlineusa.com/wp-content/uploads/2019/12/Creme_Mint-Kitchen_HR-3-1-scaled.jpg|https://www.staging8.streamlineusa.com/wp-content/uploads/2019/12/Creme_Mint-Kitchen_HR-8-scaled.jpg|https://www.staging8.streamlineusa.com/wp-content/uploads/2019/12/Creme_Mint-Kitchen_HR-6-scaled.jpg|https://www.staging8.streamlineusa.com/wp-content/uploads/2019/12/Creme_Mint-Kitchen_HR-12-1-scaled.jpg|https://www.staging8.streamlineusa.com/wp-content/uploads/2019/12/Creme_Mint-Kitchen_HR-7-scaled.jpg|https://www.staging8.streamlineusa.com/wp-content/uploads/2019/12/Creme_Mint-Kitchen_HR-13-scaled.jpg|https://www.staging8.streamlineusa.com/wp-content/uploads/2019/12/Creme_Mint-Kitchen_HR-2-scaled.jpg|https://www.staging8.streamlineusa.com/wp-content/uploads/2019/12/Creme_Mint-Kitchen_HR-9-scaled.jpg|https://www.staging8.streamlineusa.com/wp-content/uploads/2019/12/Creme_Mint-Kitchen_HR-16-scaled.jpg|https://www.staging8.streamlineusa.com/wp-content/uploads/2019/12/Creme_Mint-Kitchen_HR-11-scaled.jpg|https://www.staging8.streamlineusa.com/wp-content/uploads/2019/12/Creme_Mint-Kitchen_HR-18-1-scaled.jpg|https://www.staging8.streamlineusa.com/wp-content/uploads/2019/12/Creme_Mint-Kitchen_HR-8-1-scaled.jpg|https://www.staging8.streamlineusa.com/wp-content/uploads/2019/12/Creme_Mint-Kitchen_HR-9-2-scaled.jpg|https://www.staging8.streamlineusa.com/wp-content/uploads/2019/12/Creme_Mint-Kitchen_HR-17-1-scaled.jpg|https://www.staging8.streamlineusa.com/wp-content/uploads/2019/12/Creme_Mint-Kitchen_HR-5-1-scaled.jpg|https://www.staging8.streamlineusa.com/wp-content/uploads/2019/12/Creme_Mint-Kitchen_HR-16-1-scaled.jpg|https://www.staging8.streamlineusa.com/wp-content/uploads/2019/12/Creme_Mint-Kitchen_HR-7-1-scaled.jpg|https://www.staging8.streamlineusa.com/wp-content/uploads/2019/12/Creme_Mint-Kitchen_HR-14-1-scaled.jpg|https://www.staging8.streamlineusa.com/wp-content/uploads/2019/12/Creme_Mint-Kitchen_HR-4-1-scaled.jpg|https://www.staging8.streamlineusa.com/wp-content/uploads/2019/12/Creme_Mint-Kitchen_HR-19-scaled.jpg|https://www.staging8.streamlineusa.com/wp-content/uploads/2019/12/Creme_Mint-Kitchen_HR-13-1-scaled.jpg|https://www.staging8.streamlineusa.com/wp-content/uploads/2019/12/Creme_Mint-Kitchen_HR-20-1-scaled.jpg|https://www.staging8.streamlineusa.com/wp-content/uploads/2019/12/Creme_Mint-Kitchen_HR-6-1-scaled.jpg|https://www.staging8.streamlineusa.com/wp-content/uploads/2019/12/Mint-Featured-3-scaled.jpg|https://www.staging8.streamlineusa.com/wp-content/uploads/2019/12/Creme_Mint-Kitchen_HR-15-1-scaled.jpg,"West Village","A 4,000 sq ft gut renovation of an existing restaurant on University Place. New storefront, taboo oven and stadium seating along with lots of custom millwork. We worked in a building with time constraints and neighbors in close proximity. Building under a very tight timeline requires many look aheads to not miss the deadline. Streamline was the General Contractor for this project.",4000,,Creme,"MZA Architecture"
491,"Kat & Theo","2019-12-09 02:56:22",https://www.staging8.streamlineusa.com/commercial/kat-theo/,https://www.staging8.streamlineusa.com/wp-content/uploads/2019/12/Screen-Shot-2016-03-02-at-1.48.15-PM.jpg,Commercial,0,https://www.staging8.streamlineusa.com/wp-content/uploads/2019/12/Screen-Shot-2016-03-02-at-1.48.15-PM.jpg|https://www.staging8.streamlineusa.com/wp-content/uploads/2019/12/Kat-Theo-Featured.jpg|https://www.staging8.streamlineusa.com/wp-content/uploads/2019/12/SL-_-Hospitality-_-2-W21-_-KatTheo-3.125x3-2.jpg|https://www.staging8.streamlineusa.com/wp-content/uploads/2019/12/SL-_-Hospitality-_-2-W21-_-KatTheo-3.125x3-1.jpg|https://www.staging8.streamlineusa.com/wp-content/uploads/2019/12/SL-_-Hospitality-_-2-W21-_-KatTheo-8.175x3.65.jpg|https://www.staging8.streamlineusa.com/wp-content/uploads/2019/12/Screen-Shot-2016-03-02-at-1.48.10-PM.jpg|https://www.staging8.streamlineusa.com/wp-content/uploads/2019/12/Screen-Shot-2016-03-02-at-1.48.02-PM.jpg|https://www.staging8.streamlineusa.com/wp-content/uploads/2019/12/Screen-Shot-2016-03-02-at-1.48.46-PM-1.jpg|https://www.staging8.streamlineusa.com/wp-content/uploads/2019/12/Screen-Shot-2016-03-02-at-1.48.52-PM.jpg|https://www.staging8.streamlineusa.com/wp-content/uploads/2019/12/Screen-Shot-2016-03-02-at-1.48.29-PM.jpg,"Flatiron District","Executive Chef Paras Shah’s fine-dining restaurant debut in the Flatiron District, where the ambiance needed to be cozy and social. Challenges: Preserve delicate existing brick work, highly-detailed coffered ceilings made with reclaimed lumber and extensive custom decorative metal work, integrating the kitchen and it’s mechanical requirements within the space to enhance the atmosphere without being distracting. Gained expertise through the restoration of delicate, century-old brick wall as well as sourcing, fabricating, and installing custom millwork using reclaimed lumber. Streamline's role was GC, and we self performed the millwork.",2300,"General Contractor + Millwork","Aviva Collective",
494,"ViVVI Daycare","2019-12-09 03:01:46",https://www.staging8.streamlineusa.com/commercial/vivvi-daycare-tribeca/,https://www.staging8.streamlineusa.com/wp-content/uploads/2019/12/11OF11-VIVVI-F.OUDEMAN11-scaled.jpg,Commercial,0,https://www.staging8.streamlineusa.com/wp-content/uploads/2019/12/11OF11-VIVVI-F.OUDEMAN11-scaled.jpg|https://www.staging8.streamlineusa.com/wp-content/uploads/2019/12/11OF11-VIVVI-F.OUDEMAN┬⌐-03-scaled.jpg|https://www.staging8.streamlineusa.com/wp-content/uploads/2019/12/Vivvi-Featured-5-scaled.jpg|https://www.staging8.streamlineusa.com/wp-content/uploads/2019/12/Vivvi-2-1-scaled.jpg|https://www.staging8.streamlineusa.com/wp-content/uploads/2019/12/Vivvi-6-scaled.jpg|https://www.staging8.streamlineusa.com/wp-content/uploads/2019/12/11OF11-VIVVI-F.OUDEMAN09-1-scaled.jpg|https://www.staging8.streamlineusa.com/wp-content/uploads/2019/12/Vivvi-7-scaled.jpg|https://www.staging8.streamlineusa.com/wp-content/uploads/2019/12/Vivvi-8-scaled.jpg|https://www.staging8.streamlineusa.com/wp-content/uploads/2019/12/11OF11-VIVVI-F.OUDEMAN10-3-scaled.jpg|https://www.staging8.streamlineusa.com/wp-content/uploads/2019/12/Vivvi-5-scaled.jpg|https://www.staging8.streamlineusa.com/wp-content/uploads/2019/12/Vivvi-2-2-scaled.jpg|https://www.staging8.streamlineusa.com/wp-content/uploads/2019/12/11OF11-VIVVI-F.OUDEMAN12-2-scaled.jpg|https://www.staging8.streamlineusa.com/wp-content/uploads/2019/12/11OF11-VIVVI-F.OUDEMAN┬⌐-13-2-scaled.jpg,Tribeca,"10k sq ft state of the art Day Care center for the Tribeca neighborhood at Hudson Square. Challenges: Working within the building systems, rules and regulations throughout the course of the project. We had a fast paced schedule that proved to be doable, meeting the spring season opening date. Streamline was the General Contractor for this project.",10000,"General Contractor","eleven of eleven architecture",
503,"Free People Retail Store","2019-12-09 03:03:03",https://www.staging8.streamlineusa.com/commercial/free-people-retail-store/,https://www.staging8.streamlineusa.com/wp-content/uploads/2019/12/Free-People-Updated-Featured.jpg,Commercial,0,https://www.staging8.streamlineusa.com/wp-content/uploads/2019/12/Free-People-by-Streamline-USA-3.69x4.36.jpg|https://www.staging8.streamlineusa.com/wp-content/uploads/2019/12/Free-People-by-Streamline-USA-1.71x2.19-1.jpg|https://www.staging8.streamlineusa.com/wp-content/uploads/2019/12/Free-People-by-Streamline-USA-2.1x3.71-1.jpg|https://www.staging8.streamlineusa.com/wp-content/uploads/2019/12/Free-People-by-Streamline-USA-1.71x2.0.jpg|https://www.staging8.streamlineusa.com/wp-content/uploads/2019/12/Free-People-by-Streamline-USA-5.65x4.11-1.jpg|https://www.staging8.streamlineusa.com/wp-content/uploads/2019/12/IMG_3444-scaled.jpg,"Meatpacking District","A 7,000 sq ft gut renovation of a part of the old homestead steakhouse on 9th ave in meatpacking district. New staircase and elevator. We had to convert an old Homestead Steakhouse landmark building into a custom retail operation. Working on one of the busiest streets in the city was one of our challenges. Streamline performed the carpentry and finishes for this project.",7000,,"David Levy Architecture",
506,"Spring Studios, Spring Place","2019-12-09 03:04:15",https://www.staging8.streamlineusa.com/commercial/spring-studios-spring-place/,https://www.staging8.streamlineusa.com/wp-content/uploads/2019/12/SP2020_3.png,Commercial,0,https://www.staging8.streamlineusa.com/wp-content/uploads/2019/12/Spring-Studio-Featured-1.jpg|https://www.staging8.streamlineusa.com/wp-content/uploads/2019/12/16041_pr_springplace_5-5-1621862-3x3-1.jpg|https://www.staging8.streamlineusa.com/wp-content/uploads/2019/12/Spring-Studio.jpg|https://www.staging8.streamlineusa.com/wp-content/uploads/2019/12/8.75x2.25-spring-1-scaled.jpg|https://www.staging8.streamlineusa.com/wp-content/uploads/2019/12/16041_pr_springplace_5-5-1621784-3x2-1.jpg|https://www.staging8.streamlineusa.com/wp-content/uploads/2019/12/16041_pr_springplace_5-5-1621884-3x2-1.jpg|https://www.staging8.streamlineusa.com/wp-content/uploads/2019/12/16041_pr_springplace_5-5-1621823-3x3-1.jpg|https://www.staging8.streamlineusa.com/wp-content/uploads/2019/12/Streamline-USA-Spring-Studios-29-3x2-2.jpg|https://www.staging8.streamlineusa.com/wp-content/uploads/2019/12/SP2020_3-1.png|https://www.staging8.streamlineusa.com/wp-content/uploads/2019/12/SP2020_2.png|https://www.staging8.streamlineusa.com/wp-content/uploads/2019/12/SP2020_3.png|https://www.staging8.streamlineusa.com/wp-content/uploads/2019/12/SP2020_1.jpeg,Tribeca,"Our mission was to create an open, multifunctional, modern, and exclusive catering and event space for high profile events such as Fashion Week. Extensive hand-worked concrete finishes and precision installation of custom cut over-sized metal and glass doors were some challenges we faced. Complex imported metal ceilings required precision coordination and high levels of relentless quality control management under a tight, commercially driven time frame. Working under intense timelines can complicate the schedule. We had to work 3 shifts a day to execute the project correctly. Streamline was the General Contractor for this project.",15000,"General Contractor","Bluarch Architecture and Design",
509,"Burger & Lobster","2019-12-09 03:05:40",https://www.staging8.streamlineusa.com/commercial/burger-lobster/,https://www.staging8.streamlineusa.com/wp-content/uploads/2019/12/BURGERLOBSTER3.jpg,Commercial,0,https://www.staging8.streamlineusa.com/wp-content/uploads/2019/12/Burger-Lobster-Featured.jpg|https://www.staging8.streamlineusa.com/wp-content/uploads/2019/12/BURGERLOBSTER6.jpg|https://www.staging8.streamlineusa.com/wp-content/uploads/2019/12/BURGERLOBSTER2.jpg|https://www.staging8.streamlineusa.com/wp-content/uploads/2019/12/BURGERLOBSTER7.jpg|https://www.staging8.streamlineusa.com/wp-content/uploads/2019/12/BURGERLOBSTER3.jpg|https://www.staging8.streamlineusa.com/wp-content/uploads/2019/12/BURGERLOBSTER5.jpg|https://www.staging8.streamlineusa.com/wp-content/uploads/2019/12/BURGERLOBSTER4.jpg,"Bryant Park","The client wanted us to bring an existing unusable space to life, and create a flagship establishment for this UK brand in NYC. Challenges: Concrete floors, ceilings, and non-existing utilities made the project a challenging build-out. Inserting an opening into the roof to add natural light by installing an over-sized skylight as well as incorporating reclaimed wood flooring material. Flawlessly executing the project’s scope and tight timelines; challenged by a host of logistical hurdles due to working in one of New York City’s busiest districts. Streamline's role was GC, and we self performed the millwork.",8500,"General Contractor + Millwork","MZA Architecture",
512,"Momofuku KO","2019-12-09 03:07:03",https://www.staging8.streamlineusa.com/commercial/momofuku-ko/,https://www.staging8.streamlineusa.com/wp-content/uploads/2019/12/Momofuku-Featured.jpg,Commercial,0,https://www.staging8.streamlineusa.com/wp-content/uploads/2019/12/Momofuku-Featured.jpg|https://www.staging8.streamlineusa.com/wp-content/uploads/2019/12/20180215_Momofuku_Ko_0173b_WEB.jpg|https://www.staging8.streamlineusa.com/wp-content/uploads/2019/12/20180215_Momofuku_Ko_0206_WEB.jpg|https://www.staging8.streamlineusa.com/wp-content/uploads/2019/12/20180215_Momofuku_Ko_0173_WEB.jpg|https://www.staging8.streamlineusa.com/wp-content/uploads/2019/12/20180215_Momofuku_Ko_0279_WEB.jpg|https://www.staging8.streamlineusa.com/wp-content/uploads/2019/12/20180215_Momofuku_Ko_0280_WEB.jpg|https://www.staging8.streamlineusa.com/wp-content/uploads/2019/12/20180215_Momofuku_Ko_0459_WEB.jpg|https://www.staging8.streamlineusa.com/wp-content/uploads/2019/12/20180215_Momofuku_Ko_0368_WEB.jpg,Bowery,"We added an additional floor and kitchen space while increasing the seating and table areas in a very busy location. Challenges: Working around the clock, supplying new HVAC to an existing space without disrupting business in a very limited time frame. We learned to create a new look in an extension of an existing restaurant with a good flow all while making sure the neighbors are on board with adjoining spaces. We always insured schedules can be maintained, so as not to disrupt the flow of reservations. Streamline was the General Contractor for this project.",4500,"General Contractor","Richard Lewis Architecture",
517,"Hudson Street Penthouse","2019-12-02 03:09:00",https://www.staging8.streamlineusa.com/residential/hudson-street-penthouse-2/,https://www.staging8.streamlineusa.com/wp-content/uploads/2019/12/Hudson-Featured-1.jpg,Residential,0,https://www.staging8.streamlineusa.com/wp-content/uploads/2019/12/Hudson-Featured.jpg|https://www.staging8.streamlineusa.com/wp-content/uploads/2019/12/i-Dpjk2Rc-X2.jpg|https://www.staging8.streamlineusa.com/wp-content/uploads/2019/12/i-CS9WgLM-X2.jpg|https://www.staging8.streamlineusa.com/wp-content/uploads/2019/12/i-7HqhMqw-X2.jpg|https://www.staging8.streamlineusa.com/wp-content/uploads/2019/12/i-Khm4Tpw-X2.jpg|https://www.staging8.streamlineusa.com/wp-content/uploads/2019/12/i-pSZ2SP3-X3.jpg|https://www.staging8.streamlineusa.com/wp-content/uploads/2019/12/i-tVwN3fB-X2.jpg|https://www.staging8.streamlineusa.com/wp-content/uploads/2019/12/i-Nssb2GP-X2.jpg|https://www.staging8.streamlineusa.com/wp-content/uploads/2019/12/i-xTCMsVL-X2.jpg|https://www.staging8.streamlineusa.com/wp-content/uploads/2019/12/i-WcQdmRm-X2.jpg,Tribeca,"Streamline refurbished an existing penthouse location with millwork and intricate wall coverings. We upgraded the apartment with new doors, matching floor and trim finishes. Combining the existing structural components with modern details created a chic and refined look. Fabrications of custom millwork furniture matching decorative ceiling details and intricate wall coverings. Streamline performed the millwork and finishes.",3500,"Millwork + Finishes",,
520,"Tribeca Loft","2019-12-12 03:13:00",https://www.staging8.streamlineusa.com/residential/tribeca-loft/,https://www.staging8.streamlineusa.com/wp-content/uploads/2019/12/Tribeca-Loft-Featured-scaled.jpg,Residential,0,https://www.staging8.streamlineusa.com/wp-content/uploads/2019/12/Tribeca-Loft-Featured-scaled.jpg|https://www.staging8.streamlineusa.com/wp-content/uploads/2019/12/IMG_1243-scaled.jpg|https://www.staging8.streamlineusa.com/wp-content/uploads/2019/12/IMG_1244-scaled.jpg|https://www.staging8.streamlineusa.com/wp-content/uploads/2019/12/IMG_1245-scaled.jpg|https://www.staging8.streamlineusa.com/wp-content/uploads/2019/12/IMG_1246-scaled.jpg|https://www.staging8.streamlineusa.com/wp-content/uploads/2019/12/IMG_1247-scaled.jpg,Tribeca,"Our mission was to remodel and beautify an old loft space in Tribeca. Dealing with a very small elevator and having to carry most of the interior finishes up the stairs was a challenge. We worked with boom lifts to hoist millwork through the window to insure quality. We handled fabrications of custom millwork furniture matching decorative ceiling details and intricate wall coverings. Streamline self performed the millwork and finishes.",2500,"Millwork + Finishes",,
523,"Madison Ave Duplex Penthouse","2019-12-09 03:15:36",https://www.staging8.streamlineusa.com/residential/madison-ave-duplex-penthouse/,https://www.staging8.streamlineusa.com/wp-content/uploads/2019/12/SL-_-Residential-_-215-Madision-_-Residence-3.425x3.jpg,Residential,0,https://www.staging8.streamlineusa.com/wp-content/uploads/2019/12/SL-_-Residential-_-215-Madision-_-Residence-3.425x3-1.jpg|https://www.staging8.streamlineusa.com/wp-content/uploads/2019/12/SL-_-Residential-_-215-Madision-_-Residence-8.75x3.65-scaled.jpg|https://www.staging8.streamlineusa.com/wp-content/uploads/2019/12/SL-_-Residential-_-215-Madision-_-Residence-3.125x3-3-1.jpg|https://www.staging8.streamlineusa.com/wp-content/uploads/2019/12/SL-_-Residential-_-215-Madision-_-Residence-3.125x3-1-1.jpg|https://www.staging8.streamlineusa.com/wp-content/uploads/2019/12/SL-_-Residential-_-215-Madision-_-Residence-3.125X3-2-1.jpg|https://www.staging8.streamlineusa.com/wp-content/uploads/2019/12/SL-_-Residential-_-215-Madision-_-Residence-5.475x3-1.jpg,"Upper East Side","We created a comfortable and functional open-concept home for a young family by combining three penthouse apartments enhanced by a 5,500 sq ft roof deck. Challenges: Build new kitchen over terrace space to bring light into apartment, rebuild existing brick bulkhead with extensive structural work to support new water tower, install custom steel staircase with tight tolerances in finished stairwell. Creating an open floor plan with structural and mechanical constraints required carefully balancing the owner’s budget and the design team’s vision. Streamline's role was GC, and we self performed the millwork.",3400,"General Contractor + Millwork","Lynch Eisinger Design",
527,"53rd st studio","2019-12-29 03:16:00",https://www.staging8.streamlineusa.com/residential/hells-kitchen-apt-2/,https://www.staging8.streamlineusa.com/wp-content/uploads/2019/12/Murray-Hill-Featured.jpg,Residential,0,https://www.staging8.streamlineusa.com/wp-content/uploads/2019/12/Murray-Hill-Featured.jpg|https://www.staging8.streamlineusa.com/wp-content/uploads/2019/12/MURRAYHILL1.jpg|https://www.staging8.streamlineusa.com/wp-content/uploads/2019/12/MURRAYHILL2.jpg|https://www.staging8.streamlineusa.com/wp-content/uploads/2019/12/MURRAYHILL4.jpg|https://www.staging8.streamlineusa.com/wp-content/uploads/2019/12/MURRAYHILL3.jpg|https://www.staging8.streamlineusa.com/wp-content/uploads/2019/12/MURRAYHILL5.jpg|https://www.staging8.streamlineusa.com/wp-content/uploads/2019/12/MURRAYHILL7.jpg,"Murray Hill","Our goal was to gut renovate a poorly laid out apartment and modernize it. This project was on the 31st floor- 2 bedroom 2.5 bathroom apartment. Challenges: Working in a high rise building with multiple construction projects going on. Elevator use and logistics for operations is always a challenge. Bringing to life the vision of the design team within the budget of the client. Lessons: Having all the design intent worked out prior to start of the project. Utilizing the budget as a base line in design. Using the amazing views of the city as a back drop always creates a nice working environment. Streamline's role was GC, and we self performed the millwork.",2000,"General Contractor + Millwork","SWA Architecture",
531,"West Village Townhouse","2019-12-03 03:18:00",https://www.staging8.streamlineusa.com/residential/west-village-townhouse-2/,https://www.staging8.streamlineusa.com/wp-content/uploads/2019/12/1-1.jpg,Residential,0,https://www.staging8.streamlineusa.com/wp-content/uploads/2019/12/West-Village-Featured.jpg|https://www.staging8.streamlineusa.com/wp-content/uploads/2019/12/12.jpg|https://www.staging8.streamlineusa.com/wp-content/uploads/2019/12/14.jpg|https://www.staging8.streamlineusa.com/wp-content/uploads/2019/12/17.jpg|https://www.staging8.streamlineusa.com/wp-content/uploads/2019/12/1.jpg|https://www.staging8.streamlineusa.com/wp-content/uploads/2019/12/3.jpg|https://www.staging8.streamlineusa.com/wp-content/uploads/2019/12/8.jpg|https://www.staging8.streamlineusa.com/wp-content/uploads/2019/12/9.jpg|https://www.staging8.streamlineusa.com/wp-content/uploads/2019/12/10.jpg|https://www.staging8.streamlineusa.com/wp-content/uploads/2019/12/11.jpg|https://www.staging8.streamlineusa.com/wp-content/uploads/2019/12/13.jpg|https://www.staging8.streamlineusa.com/wp-content/uploads/2019/12/15.jpg|https://www.staging8.streamlineusa.com/wp-content/uploads/2019/12/16.jpg|https://www.staging8.streamlineusa.com/wp-content/uploads/2019/12/2.jpg|https://www.staging8.streamlineusa.com/wp-content/uploads/2019/12/4.jpg|https://www.staging8.streamlineusa.com/wp-content/uploads/2019/12/7.jpg|https://www.staging8.streamlineusa.com/wp-content/uploads/2020/07/West-Village-Townhouse-Lrg-scaled.jpg,"West Village","A 5,500 sq ft full gut renovation of an existing 4 story townhouse. We added a penthouse extension to the house, elevator and a passive thermo rating, creating a truly elegant traditional townhouse. Working side by side with very old neighboring properties and requiring seismic monitoring during the process. We worked together with the architects and designers during the rollout of the full design package while taking into account all the details required. Streamline was the General Contractor for this project.",5500,"General Contractor","Barlis Wedlick","Barlis Wedlick"
534,"Thompson St. Studio","2019-12-28 03:21:00",https://www.staging8.streamlineusa.com/residential/thompson-st-studio-2/,https://www.staging8.streamlineusa.com/wp-content/uploads/2019/12/THOMPSON_STUDIO-Featured-scaled.jpg,Residential,0,https://www.staging8.streamlineusa.com/wp-content/uploads/2019/12/THOMPSON_STUDIO-Featured-scaled.jpg|https://www.staging8.streamlineusa.com/wp-content/uploads/2019/12/THOMPSON_STUDIO3-scaled.jpg|https://www.staging8.streamlineusa.com/wp-content/uploads/2019/12/THOMPSON_STUDIO1-scaled.jpg|https://www.staging8.streamlineusa.com/wp-content/uploads/2019/12/THOMPSON_STUDIO4-scaled.jpg|https://www.staging8.streamlineusa.com/wp-content/uploads/2019/12/THOMPSON_STUDIO5-scaled.jpg,SOHO,"The project involved gut renovating a studio apartment on the 5th floor. We modernized the entire space, while dealing with a crooked ceiling and floor joists. We utilized existing landmarked windows and made them perfect again. Challenge: The building didn't have a freight elevator or mechanical, and piping was from the turn of the century. Streamline's role was GC, and we self performed the millwork.",600,"General Contractor + Millwork","SWA Architecture",
537,"St. Lukes Place townhouse","2019-12-09 03:38:09",https://www.staging8.streamlineusa.com/residential/west-village-townhouse/,https://www.staging8.streamlineusa.com/wp-content/uploads/2019/12/W23-Featured.jpg.png,Residential,0,https://www.staging8.streamlineusa.com/wp-content/uploads/2019/12/tersigni-palachek-residential-manhattan-townhouse-04.png|https://www.staging8.streamlineusa.com/wp-content/uploads/2019/12/tersigni-palachek-residential-manhattan-townhouse-05.png|https://www.staging8.streamlineusa.com/wp-content/uploads/2019/12/tersigni-palachek-residential-manhattan-townhouse-03.png|https://www.staging8.streamlineusa.com/wp-content/uploads/2019/12/tersigni-palachek-residential-manhattan-townhouse-02.png|https://www.staging8.streamlineusa.com/wp-content/uploads/2019/12/tersigni-palachek-residential-manhattan-townhouse-01.png|https://www.staging8.streamlineusa.com/wp-content/uploads/2019/12/tersigni-palachek-residential-manhattan-townhouse-01a.png|https://www.staging8.streamlineusa.com/wp-content/uploads/2019/12/tersigni-palachek-residential-manhattan-townhouse-06.png|https://www.staging8.streamlineusa.com/wp-content/uploads/2019/12/tersigni-palachek-residential-manhattan-townhouse-07.png|https://www.staging8.streamlineusa.com/wp-content/uploads/2019/12/tersigni-palachek-residential-manhattan-townhouse-08.png,Chelsea,"A 2,200 sq ft gut renovation and modernization of a very old townhouse with backyard and mezzanine level. We digged down to make more head space in the basement level, along with modernizing the interior. Challenges: Digging out the back yard and dealing with structural cracks in the buildings facade after demolition. Post hurricane Sandy plumbing and basement work was critical to the new beautiful renovation. Streamline's role was GC, and we self performed the millwork.",2200,"General Contractor + Millwork","Tersigni Palachek Design","Tersigni Palachek Design"
540,"Upper East Side Penthouse","2019-12-01 03:39:00",https://www.staging8.streamlineusa.com/residential/west-23rd-townhouse/,https://www.staging8.streamlineusa.com/wp-content/uploads/2019/12/Upper-East-Side-Penthouse-Featured.jpg,Residential,0,https://www.staging8.streamlineusa.com/wp-content/uploads/2019/12/Upper-East-Side-Penthouse-Featured.jpg|https://www.staging8.streamlineusa.com/wp-content/uploads/2019/12/Upper-East-Side-Penthouse-1.jpg|https://www.staging8.streamlineusa.com/wp-content/uploads/2019/12/Upper-East-Side-Penthouse-2.jpg|https://www.staging8.streamlineusa.com/wp-content/uploads/2019/12/Upper-East-Side-Penthouse-5.jpg|https://www.staging8.streamlineusa.com/wp-content/uploads/2019/12/Upper-East-Side-Penthouse-4.jpg,"Upper East Side","A 1,700 sq ft gut renovation of an Upper East Side penthouse, 2 bedroom apartment with all custom millwork. We produced a fully customized outdoor experience, adding curves to the kitchen to allow the space to flow. One notable challenge was dealing with neighbors below during electrical upgrades and the work on the roof deck. We always worked closely with the building's super to preserve the roof membrane and warranties as we rebuilt the roof deck. Streamline's role was GC, and we self performed the millwork.",1700,"General Contractor + Millwork",,"SWA Architecture"
546,"Versa at the Marriott Renaissance","2019-12-29 22:34:21",https://www.staging8.streamlineusa.com/commercial/versa-marriott/,https://www.staging8.streamlineusa.com/wp-content/uploads/2019/12/Versa-3.jpg,Commercial,0,https://www.staging8.streamlineusa.com/wp-content/uploads/2019/12/Versa-3.jpg|https://www.staging8.streamlineusa.com/wp-content/uploads/2019/12/SL-_-Hospitality-_-218-W35-_-RocknReillys-3.125x3-1.jpg|https://www.staging8.streamlineusa.com/wp-content/uploads/2019/12/SL-_-Hospitality-_-218-W35-_-RocknReillys-5.475x3-2.jpg|https://www.staging8.streamlineusa.com/wp-content/uploads/2019/12/SL-_-Hospitality-_-218-W35-_-RocknReillys-3.125x3-2-scaled.jpg|https://www.staging8.streamlineusa.com/wp-content/uploads/2019/12/Versa-1.jpg|https://www.staging8.streamlineusa.com/wp-content/uploads/2019/12/Versa-2.jpg|https://www.staging8.streamlineusa.com/wp-content/uploads/2019/12/Featured-Rock-and-Rileys-scaled.jpg|https://www.staging8.streamlineusa.com/wp-content/uploads/2019/12/Versa-4.jpg|https://www.staging8.streamlineusa.com/wp-content/uploads/2019/12/versa-canopy2.jpg,"Herald Square","Our mission was to build a mega restaurant with retractable roof Versa, in the brand new Marriott Renaissance Hotel. This included coordination of three participating design teams. A custom fabricated retractable roof was lifted in sections with a crane to the rooftop of an adjacent property for assembly before being slid into place. Large critical path items, like the retractable roof, needed to be carefully planned to coordinate with a new high rise building still under construction. Streamline's role for this project was Construction Manager.",18000,"Construction Manager","Celano Design",
549,Gunter-Seeger,"2019-12-29 22:38:07",https://www.staging8.streamlineusa.com/commercial/gunter-seeger-2/,https://www.staging8.streamlineusa.com/wp-content/uploads/2019/12/Gunter-3.jpg,Commercial,0,https://www.staging8.streamlineusa.com/wp-content/uploads/2019/12/Gunter-3.jpg|https://www.staging8.streamlineusa.com/wp-content/uploads/2019/12/BLURRY.jpg|https://www.staging8.streamlineusa.com/wp-content/uploads/2019/12/Gunter-4.jpg|https://www.staging8.streamlineusa.com/wp-content/uploads/2019/12/Gunter-Updated-Featured-scaled.jpg|https://www.staging8.streamlineusa.com/wp-content/uploads/2019/12/Gunter-2.jpg|https://www.staging8.streamlineusa.com/wp-content/uploads/2019/12/Gunter-Seeger-Featured.jpg|https://www.staging8.streamlineusa.com/wp-content/uploads/2019/12/Gunter-1.jpg,"West Village","Streamline worked with internationally acclaimed Chef Gunter Seeger’s design team to create his first New York restaurant, designed to evoke the feeling of dining at home. We had an extremely tight time frame compounded by coordinating with the UK based design team and long lead time, custom kitchen appliances and fixtures. Identifying the client ’s vision of the desired atmosphere of the space was critical to determine framing and mechanical decisions required at the outset of the job. Streamline's role was GC, and we self performed the millwork.",3300,"General Contractor + Millwork","AWI Interiors",
552,"Duane Street Penthouse","2019-12-29 22:39:58",https://www.staging8.streamlineusa.com/residential/duane-street-penthouse/,https://www.staging8.streamlineusa.com/wp-content/uploads/2019/12/MEX1.jpg,Residential,0,https://www.staging8.streamlineusa.com/wp-content/uploads/2019/12/20211021_129DuaneSt-8194-1-scaled.jpg|https://www.staging8.streamlineusa.com/wp-content/uploads/2019/12/20211021_129DuaneSt-8169-1-scaled.jpg|https://www.staging8.streamlineusa.com/wp-content/uploads/2019/12/20211021_129DuaneSt-8159-1-scaled.jpg|https://www.staging8.streamlineusa.com/wp-content/uploads/2019/12/20211021_129DuaneSt-8154-1-scaled.jpg|https://www.staging8.streamlineusa.com/wp-content/uploads/2019/12/20211021_129DuaneSt-8120-1-scaled.jpg|https://www.staging8.streamlineusa.com/wp-content/uploads/2019/12/20211021_129DuaneSt-8110-1-scaled.jpg|https://www.staging8.streamlineusa.com/wp-content/uploads/2019/12/20211021_129DuaneSt-8080-1-scaled.jpg|https://www.staging8.streamlineusa.com/wp-content/uploads/2019/12/20211021_129DuaneSt-8040-1-scaled.jpg|https://www.staging8.streamlineusa.com/wp-content/uploads/2019/12/20211021_129DuaneSt-8035-1-scaled.jpg|https://www.staging8.streamlineusa.com/wp-content/uploads/2019/12/20211021_129DuaneSt-8020-1-scaled.jpg|https://www.staging8.streamlineusa.com/wp-content/uploads/2019/12/20210310_129DuaneSt-4145-2-scaled.jpg|https://www.staging8.streamlineusa.com/wp-content/uploads/2019/12/20210310_129DuaneSt-3995-2-scaled.jpg|https://www.staging8.streamlineusa.com/wp-content/uploads/2019/12/20210310_129DuaneSt-3990-2-scaled.jpg|https://www.staging8.streamlineusa.com/wp-content/uploads/2019/12/20210310_129DuaneSt-3975-2-scaled.jpg|https://www.staging8.streamlineusa.com/wp-content/uploads/2019/12/20210310_129DuaneSt-3830-2-scaled.jpg|https://www.staging8.streamlineusa.com/wp-content/uploads/2019/12/20210310_129DuaneSt-4150.jpg|https://www.staging8.streamlineusa.com/wp-content/uploads/2019/12/20210310_129DuaneSt-4145-1.jpg|https://www.staging8.streamlineusa.com/wp-content/uploads/2019/12/20210310_129DuaneSt-4140.jpg|https://www.staging8.streamlineusa.com/wp-content/uploads/2019/12/20210310_129DuaneSt-4135.jpg|https://www.staging8.streamlineusa.com/wp-content/uploads/2019/12/20210310_129DuaneSt-4130.jpg|https://www.staging8.streamlineusa.com/wp-content/uploads/2019/12/20210310_129DuaneSt-4125.jpg|https://www.staging8.streamlineusa.com/wp-content/uploads/2019/12/20210310_129DuaneSt-4115.jpg|https://www.staging8.streamlineusa.com/wp-content/uploads/2019/12/20210310_129DuaneSt-4105.jpg|https://www.staging8.streamlineusa.com/wp-content/uploads/2019/12/20210310_129DuaneSt-4095.jpg|https://www.staging8.streamlineusa.com/wp-content/uploads/2019/12/20210310_129DuaneSt-4090.jpg|https://www.staging8.streamlineusa.com/wp-content/uploads/2019/12/20210310_129DuaneSt-4085.jpg|https://www.staging8.streamlineusa.com/wp-content/uploads/2019/12/20210310_129DuaneSt-4075.jpg|https://www.staging8.streamlineusa.com/wp-content/uploads/2019/12/20210310_129DuaneSt-4065.jpg|https://www.staging8.streamlineusa.com/wp-content/uploads/2019/12/20210310_129DuaneSt-4060.jpg|https://www.staging8.streamlineusa.com/wp-content/uploads/2019/12/20210310_129DuaneSt-4050.jpg|https://www.staging8.streamlineusa.com/wp-content/uploads/2019/12/20210310_129DuaneSt-4045.jpg|https://www.staging8.streamlineusa.com/wp-content/uploads/2019/12/20210310_129DuaneSt-4041.jpg|https://www.staging8.streamlineusa.com/wp-content/uploads/2019/12/20210310_129DuaneSt-4036.jpg|https://www.staging8.streamlineusa.com/wp-content/uploads/2019/12/20210310_129DuaneSt-4025.jpg|https://www.staging8.streamlineusa.com/wp-content/uploads/2019/12/20210310_129DuaneSt-4016.jpg|https://www.staging8.streamlineusa.com/wp-content/uploads/2019/12/20210310_129DuaneSt-4012.jpg|https://www.staging8.streamlineusa.com/wp-content/uploads/2019/12/20210310_129DuaneSt-4000.jpg|https://www.staging8.streamlineusa.com/wp-content/uploads/2019/12/20210310_129DuaneSt-3995-1.jpg|https://www.staging8.streamlineusa.com/wp-content/uploads/2019/12/20210310_129DuaneSt-3990-1.jpg|https://www.staging8.streamlineusa.com/wp-content/uploads/2019/12/20210310_129DuaneSt-3980.jpg|https://www.staging8.streamlineusa.com/wp-content/uploads/2019/12/20210310_129DuaneSt-3975-1.jpg|https://www.staging8.streamlineusa.com/wp-content/uploads/2019/12/20210310_129DuaneSt-3965.jpg|https://www.staging8.streamlineusa.com/wp-content/uploads/2019/12/20210310_129DuaneSt-3960.jpg|https://www.staging8.streamlineusa.com/wp-content/uploads/2019/12/20210310_129DuaneSt-3955.jpg|https://www.staging8.streamlineusa.com/wp-content/uploads/2019/12/20210310_129DuaneSt-3945.jpg|https://www.staging8.streamlineusa.com/wp-content/uploads/2019/12/20210310_129DuaneSt-3940.jpg|https://www.staging8.streamlineusa.com/wp-content/uploads/2019/12/20210310_129DuaneSt-3935.jpg|https://www.staging8.streamlineusa.com/wp-content/uploads/2019/12/20210310_129DuaneSt-3930.jpg|https://www.staging8.streamlineusa.com/wp-content/uploads/2019/12/20210310_129DuaneSt-3920.jpg|https://www.staging8.streamlineusa.com/wp-content/uploads/2019/12/20210310_129DuaneSt-3915.jpg|https://www.staging8.streamlineusa.com/wp-content/uploads/2019/12/20210310_129DuaneSt-3910.jpg|https://www.staging8.streamlineusa.com/wp-content/uploads/2019/12/20210310_129DuaneSt-3905.jpg|https://www.staging8.streamlineusa.com/wp-content/uploads/2019/12/20210310_129DuaneSt-3900.jpg|https://www.staging8.streamlineusa.com/wp-content/uploads/2019/12/20210310_129DuaneSt-3895.jpg|https://www.staging8.streamlineusa.com/wp-content/uploads/2019/12/20210310_129DuaneSt-3890.jpg|https://www.staging8.streamlineusa.com/wp-content/uploads/2019/12/20210310_129DuaneSt-3885.jpg|https://www.staging8.streamlineusa.com/wp-content/uploads/2019/12/20210310_129DuaneSt-3875.jpg|https://www.staging8.streamlineusa.com/wp-content/uploads/2019/12/20210310_129DuaneSt-3870.jpg|https://www.staging8.streamlineusa.com/wp-content/uploads/2019/12/20210310_129DuaneSt-3865.jpg|https://www.staging8.streamlineusa.com/wp-content/uploads/2019/12/20210310_129DuaneSt-3860.jpg|https://www.staging8.streamlineusa.com/wp-content/uploads/2019/12/20210310_129DuaneSt-3855.jpg|https://www.staging8.streamlineusa.com/wp-content/uploads/2019/12/20210310_129DuaneSt-3850.jpg|https://www.staging8.streamlineusa.com/wp-content/uploads/2019/12/20210310_129DuaneSt-3840.jpg|https://www.staging8.streamlineusa.com/wp-content/uploads/2019/12/20210310_129DuaneSt-3835.jpg|https://www.staging8.streamlineusa.com/wp-content/uploads/2019/12/20210310_129DuaneSt-3830-1.jpg|https://www.staging8.streamlineusa.com/wp-content/uploads/2019/12/20210310_129DuaneSt-3820.jpg|https://www.staging8.streamlineusa.com/wp-content/uploads/2019/12/20210310_129DuaneSt-3815.jpg|https://www.staging8.streamlineusa.com/wp-content/uploads/2019/12/20210310_129DuaneSt-3810.jpg|https://www.staging8.streamlineusa.com/wp-content/uploads/2019/12/20210310_129DuaneSt-3805.jpg|https://www.staging8.streamlineusa.com/wp-content/uploads/2019/12/20210310_129DuaneSt-3800.jpg|https://www.staging8.streamlineusa.com/wp-content/uploads/2019/12/20210310_129DuaneSt-3795.jpg|https://www.staging8.streamlineusa.com/wp-content/uploads/2019/12/20210310_129DuaneSt-3975-scaled.jpg|https://www.staging8.streamlineusa.com/wp-content/uploads/2019/12/20210310_129DuaneSt-3830-scaled.jpg|https://www.staging8.streamlineusa.com/wp-content/uploads/2019/12/20211021_129DuaneSt-8194-scaled.jpg|https://www.staging8.streamlineusa.com/wp-content/uploads/2019/12/20211021_129DuaneSt-8169-scaled.jpg|https://www.staging8.streamlineusa.com/wp-content/uploads/2019/12/20211021_129DuaneSt-8159-scaled.jpg|https://www.staging8.streamlineusa.com/wp-content/uploads/2019/12/20211021_129DuaneSt-8154-scaled.jpg|https://www.staging8.streamlineusa.com/wp-content/uploads/2019/12/20211021_129DuaneSt-8120-scaled.jpg|https://www.staging8.streamlineusa.com/wp-content/uploads/2019/12/20211021_129DuaneSt-8110-scaled.jpg|https://www.staging8.streamlineusa.com/wp-content/uploads/2019/12/20211021_129DuaneSt-8080-scaled.jpg|https://www.staging8.streamlineusa.com/wp-content/uploads/2019/12/20211021_129DuaneSt-8040-scaled.jpg|https://www.staging8.streamlineusa.com/wp-content/uploads/2019/12/20211021_129DuaneSt-8035-scaled.jpg|https://www.staging8.streamlineusa.com/wp-content/uploads/2019/12/20211021_129DuaneSt-8020-scaled.jpg|https://www.staging8.streamlineusa.com/wp-content/uploads/2019/12/20210310_129DuaneSt-4145-scaled.jpg|https://www.staging8.streamlineusa.com/wp-content/uploads/2019/12/20210310_129DuaneSt-3995-scaled.jpg|https://www.staging8.streamlineusa.com/wp-content/uploads/2019/12/20210310_129DuaneSt-3990-scaled.jpg,Tribeca,"Refurbishing an existing penthouse loft and converting the space and roof-deck into the ultimate bachelor pad. Designed by owner Dean Winters and assisted by Diana Gomes interiors, every detail was carefully thought out to capture the vision. Rubber isolated sub floors and sound insulation throughout make the main floor in this mega loft ready to handle the noise of a proper NYC gathering. The Roof deck boasts a gas fire pit and outdoor shower with IPE wood surrounds on both the facade and shower enclosure as well as Nana Doors that open from end to end at the playroom and wet bar. The custom millwork is by Arte Brotto making the interiors warm and cozy. Specialty venetian plaster finishes throughout.",4000,"General Contractor","Dean Winters and Diana Gomez","SWA Architecture"
555,"Indeed Corporate Office Suite","2019-12-29 22:41:26",https://www.staging8.streamlineusa.com/commercial/indeed-corporate-office-suite/,https://www.staging8.streamlineusa.com/wp-content/uploads/2019/12/Indeed-Updated-Featured.jpg,Commercial,0,https://www.staging8.streamlineusa.com/wp-content/uploads/2019/12/SL-_-Commercial-Indeed-02-2.155x2.jpg|https://www.staging8.streamlineusa.com/wp-content/uploads/2019/12/SL-_-Commercial-Indeed-01-4x5.65.jpg|https://www.staging8.streamlineusa.com/wp-content/uploads/2019/12/SL-_-Commercial-Indeed-06-3x2.jpg|https://www.staging8.streamlineusa.com/wp-content/uploads/2019/12/SL-_-Commercial-Indeed-03-2.155x3.445.jpg|https://www.staging8.streamlineusa.com/wp-content/uploads/2019/12/Indeed-Pic.jpg|https://www.staging8.streamlineusa.com/wp-content/uploads/2019/12/SL-_-Commercial-Indeed-07-1.4x2.jpg|https://www.staging8.streamlineusa.com/wp-content/uploads/2019/12/IMG_1216-scaled.jpg|https://www.staging8.streamlineusa.com/wp-content/uploads/2019/12/IMG_1211-scaled.jpg|https://www.staging8.streamlineusa.com/wp-content/uploads/2019/12/IMG_1212-scaled.jpg|https://www.staging8.streamlineusa.com/wp-content/uploads/2019/12/IMG_1217-scaled.jpg|https://www.staging8.streamlineusa.com/wp-content/uploads/2019/12/SL-_-Commercial-Indeed-04-2x4.7875-1.jpg|https://www.staging8.streamlineusa.com/wp-content/uploads/2019/12/IMG_1215-scaled.jpg|https://www.staging8.streamlineusa.com/wp-content/uploads/2019/12/SL-_-Commercial-Indeed-05-2x2.155-1.jpg,Midtown,"Streamline gut renovated 36,000 sq ft on 3 floors in the Hippodrome building for a massive state of the art office space. Challenge: Working in an active corporate office building with quiet floors above and below, on a 12 week timeline. We created a strict project schedule starting at 5am, with quiet time from 9am-2pm, then working until midnight. Streamline performed the carpentry and millwork.",36000,"Carpentry + Millwork",,
558,"Atrium Corporate Office","2019-12-29 22:43:52",https://www.staging8.streamlineusa.com/commercial/autrium-corporate-office/,https://www.staging8.streamlineusa.com/wp-content/uploads/2019/12/Streamline-USA-Atrium-5.65x4.11.jpg,Commercial,0,https://www.staging8.streamlineusa.com/wp-content/uploads/2019/12/Streamline-USA-Atrium-5.65x4.11-1.jpg|https://www.staging8.streamlineusa.com/wp-content/uploads/2019/12/Streamline-USA-Atrium-3.69x1.91-1.jpg|https://www.staging8.streamlineusa.com/wp-content/uploads/2019/12/Streamline-USA-Atrium-1.71x1.90-1.jpg|https://www.staging8.streamlineusa.com/wp-content/uploads/2019/12/Streamline-USA-Atrium-8.0x2.25.jpg|https://www.staging8.streamlineusa.com/wp-content/uploads/2019/12/Streamline-USA-Atrium-1.71x1.91-1.jpg,NoHo,"Streamline created a custom blackened steel look for a fashion company’s corporate office space. The owner realized his vision of creating a space that combined both new and old elements and styles. In the beginning, we decided to perform all welding onsite which allowed smooth installation of the featured custom steel windows. Keeping deliveries to a minimum enabled us to adhere to the rigorous schedule and finish the job on time and budget. Challenge: Complete work in a building with numerous restrictions and a tight schedule to the move-in date. Streamline's role was GC, and we self performed the millwork.",5000,"General Contractor + Millwork",,"Bang 3 Design"
561,KITH,"2019-12-29 22:47:01",https://www.staging8.streamlineusa.com/commercial/kith/,https://www.staging8.streamlineusa.com/wp-content/uploads/2019/12/StreamlineUSA-RET-Kith-03-4.37x3.4.jpg,Commercial,0,https://www.staging8.streamlineusa.com/wp-content/uploads/2019/12/StreamlineUSA-RET-Kith-02-4x5.65.jpg|https://www.staging8.streamlineusa.com/wp-content/uploads/2019/12/StreamlineUSA-RET-Kith-12-3x2.jpg|https://www.staging8.streamlineusa.com/wp-content/uploads/2019/12/SL-_-Retail-Kith-17-2.155x2-1-scaled.jpg|https://www.staging8.streamlineusa.com/wp-content/uploads/2019/12/StreamlineUSA-RET-Kith-03-2x4.205.jpg|https://www.staging8.streamlineusa.com/wp-content/uploads/2019/12/StreamlineUSA-RET-Kith-13-4.3708x3.4.jpg|https://www.staging8.streamlineusa.com/wp-content/uploads/2019/12/SL-_-Retail-Kith-08-2.155x2.jpg|https://www.staging8.streamlineusa.com/wp-content/uploads/2019/12/StreamlineUSA-RET-Kith-03-4.37x3.4.jpg|https://www.staging8.streamlineusa.com/wp-content/uploads/2019/12/SL-_-Retail-Kith-02-2x3.jpg|https://www.staging8.streamlineusa.com/wp-content/uploads/2019/12/StreamlineUSA-RET-Kith-04-1.46x2.jpg|https://www.staging8.streamlineusa.com/wp-content/uploads/2019/12/IMG_1071-scaled.jpg|https://www.staging8.streamlineusa.com/wp-content/uploads/2019/12/IMG_1070-scaled.jpg|https://www.staging8.streamlineusa.com/wp-content/uploads/2019/12/IMG_1073-scaled.jpg|https://www.staging8.streamlineusa.com/wp-content/uploads/2019/12/IMG_7210-scaled.jpg|https://www.staging8.streamlineusa.com/wp-content/uploads/2019/12/IMG_1077-scaled.jpg|https://www.staging8.streamlineusa.com/wp-content/uploads/2019/12/IMG_1076-scaled.jpg|https://www.staging8.streamlineusa.com/wp-content/uploads/2019/12/IMG_1074-scaled.jpg|https://www.staging8.streamlineusa.com/wp-content/uploads/2019/12/IMG_1075-scaled.jpg|https://www.staging8.streamlineusa.com/wp-content/uploads/2019/12/IMG_0126-scaled.jpg|https://www.staging8.streamlineusa.com/wp-content/uploads/2019/12/IMG_0127-scaled.jpg|https://www.staging8.streamlineusa.com/wp-content/uploads/2019/12/IMG_0125-scaled.jpg|https://www.staging8.streamlineusa.com/wp-content/uploads/2019/12/IMG_0124-scaled.jpg|https://www.staging8.streamlineusa.com/wp-content/uploads/2019/12/IMG_0108-scaled.jpg|https://www.staging8.streamlineusa.com/wp-content/uploads/2019/12/IMG_0109-scaled.jpg|https://www.staging8.streamlineusa.com/wp-content/uploads/2019/12/IMG_0121-scaled.jpg|https://www.staging8.streamlineusa.com/wp-content/uploads/2019/12/IMG_0123-scaled.jpg|https://www.staging8.streamlineusa.com/wp-content/uploads/2019/12/IMG_0107-scaled.jpg|https://www.staging8.streamlineusa.com/wp-content/uploads/2019/12/IMG_0112-scaled.jpg|https://www.staging8.streamlineusa.com/wp-content/uploads/2019/12/IMG_0110-scaled.jpg|https://www.staging8.streamlineusa.com/wp-content/uploads/2019/12/IMG_0111-scaled.jpg|https://www.staging8.streamlineusa.com/wp-content/uploads/2019/12/IMG_0115-scaled.jpg|https://www.staging8.streamlineusa.com/wp-content/uploads/2019/12/IMG_0116-scaled.jpg|https://www.staging8.streamlineusa.com/wp-content/uploads/2019/12/IMG_0117-scaled.jpg|https://www.staging8.streamlineusa.com/wp-content/uploads/2019/12/IMG_1084-scaled.jpg|https://www.staging8.streamlineusa.com/wp-content/uploads/2019/12/IMG_1085-scaled.jpg|https://www.staging8.streamlineusa.com/wp-content/uploads/2019/12/IMG_1082-scaled.jpg,NoHo,"A 7,500 sq ft gut renovation of an old store on Broadway made super modern, full of customized millwork. Streamline worked with a renowned sports-fashion designer to build the New York City flagship store for state of the art footwear. We worked with an extremely creative designer and architect to bring in a top showroom.  Challenge: Extremely high ceilings and no access below. Streamline was the General Contractor for this project.",7500,,Snarkitecture,
564,"Washington Sq. Dermatology","2019-12-29 22:48:21",https://www.staging8.streamlineusa.com/commercial/upper-east-side-townhouse-2/,https://www.staging8.streamlineusa.com/wp-content/uploads/2019/12/wash.jpg,Commercial,0,https://www.staging8.streamlineusa.com/wp-content/uploads/2019/12/wash.jpg|https://www.staging8.streamlineusa.com/wp-content/uploads/2019/12/Washington-Sq-Derm-Featured.jpg|https://www.staging8.streamlineusa.com/wp-content/uploads/2019/12/Streamline-USA-Washington-Square-Dermatology-2.08x2.63.jpg|https://www.staging8.streamlineusa.com/wp-content/uploads/2019/12/Streamline-USA-Washington-Square-Dermatology-3.69x4.36.jpg|https://www.staging8.streamlineusa.com/wp-content/uploads/2019/12/Streamline-USA-Washington-Square-Dermatology-1.71x4.37.jpg,"West Village","We converted an old living space into a fully functional modernized doctor's office. We incorporated existing building risers in this building which had been in place for over 100 years. Evolving design changes and modern finishes created a cutting edge doctors office.  Some Challenges: The location had strict noise level limits and restricted working hours to accommodate the building’s residential tenants. The project also included the installation of all new mechanicals for seven exam rooms. Streamline was the General Contractor for this project.",2500,"General Contractor","Dr. Samer Jaber",
567,"Horatio St. Townhouse","2019-12-11 22:50:00",https://www.staging8.streamlineusa.com/residential/horatio-st-townhouse/,https://www.staging8.streamlineusa.com/wp-content/uploads/2019/12/tersigni-palachek-residential-west-village-02.png,Residential,0,https://www.staging8.streamlineusa.com/wp-content/uploads/2019/12/tersigni-palachek-residential-west-village-01-1.png|https://www.staging8.streamlineusa.com/wp-content/uploads/2019/12/tersigni-palachek-residential-west-village-05.png|https://www.staging8.streamlineusa.com/wp-content/uploads/2019/12/tersigni-palachek-residential-west-village-02.png|https://www.staging8.streamlineusa.com/wp-content/uploads/2019/12/tersigni-palachek-residential-west-village-04.png|https://www.staging8.streamlineusa.com/wp-content/uploads/2019/12/tersigni-palachek-residential-west-village-08.png|https://www.staging8.streamlineusa.com/wp-content/uploads/2019/12/tersigni-palachek-residential-west-village-06.png|https://www.staging8.streamlineusa.com/wp-content/uploads/2019/12/tersigni-palachek-residential-west-village-07.png|https://www.staging8.streamlineusa.com/wp-content/uploads/2019/12/tersigni-palachek-residential-west-village-03.png|https://www.staging8.streamlineusa.com/wp-content/uploads/2019/12/tersigni-palachek-residential-west-village-09.png|https://www.staging8.streamlineusa.com/wp-content/uploads/2019/12/Horatio-St-3.68x6.74.jpg|https://www.staging8.streamlineusa.com/wp-content/uploads/2019/12/Horatio-St-3.9x3.jpg|https://www.staging8.streamlineusa.com/wp-content/uploads/2019/12/Horatio-St-2.35x3.12.jpg|https://www.staging8.streamlineusa.com/wp-content/uploads/2019/12/Horatio-St-4.50x2.86.jpg|https://www.staging8.streamlineusa.com/wp-content/uploads/2019/12/Horatio-St-2.17x3.12.jpg|https://www.staging8.streamlineusa.com/wp-content/uploads/2019/12/Streamline-Residential-Horatio-12-4.11x5.65.jpg|https://www.staging8.streamlineusa.com/wp-content/uploads/2019/12/Streamline-Residential-Horatio-17-1.71x2.08-1.jpg,Chelsea,"Streamline converted a crumbling 1850’s townhouse into a modern, energy efficient home with an inviting outdoor garden patio. Extensive structural and shoring work was required to rescue a structurally unstable building. We also did extensive re-framing on every floor to raise the ceiling height and installed a new wooden staircase. We worked closely with the client, and handled the evolving design after the demolition phase revealed unexpected work was required to successfully execute the finished space, especially within budgetary and time constraints. Streamline's role was GC, and we self performed the millwork.",3200,"General Contractor + Millwork","Tersigni Palachek Design","David Bae Architect"
570,"Upper West Side Townhouse","2019-12-11 22:53:00",https://www.staging8.streamlineusa.com/residential/upper-west-side-townhouse-2/,https://www.staging8.streamlineusa.com/wp-content/uploads/2019/12/BlackHenselNYC_021-scaled.jpg,Residential,0,https://www.staging8.streamlineusa.com/wp-content/uploads/2019/12/BlackHenselNYC_10retouched1-scaled.jpg|https://www.staging8.streamlineusa.com/wp-content/uploads/2019/12/BlackHenselNYC_051-scaled.jpg|https://www.staging8.streamlineusa.com/wp-content/uploads/2019/12/BlackHenselNYC_041-scaled.jpg|https://www.staging8.streamlineusa.com/wp-content/uploads/2019/12/BlackHenselNYC_071-scaled.jpg|https://www.staging8.streamlineusa.com/wp-content/uploads/2019/12/BlackHenselNYC_021-scaled.jpg|https://www.staging8.streamlineusa.com/wp-content/uploads/2019/12/BlackHenselNYC_031-scaled.jpg|https://www.staging8.streamlineusa.com/wp-content/uploads/2019/12/BlackHenselNYC_081-scaled.jpg|https://www.staging8.streamlineusa.com/wp-content/uploads/2019/12/BlackHenselNYC_061-scaled.jpg|https://www.staging8.streamlineusa.com/wp-content/uploads/2019/12/UWS_TOWNHOUSE4.jpg|https://www.staging8.streamlineusa.com/wp-content/uploads/2019/12/UWS_TOWNHOUSE6.jpg|https://www.staging8.streamlineusa.com/wp-content/uploads/2019/12/UWS_TOWNHOUSE7-1.jpg|https://www.staging8.streamlineusa.com/wp-content/uploads/2019/12/BlackHenselNYC_011-scaled.jpg|https://www.staging8.streamlineusa.com/wp-content/uploads/2019/12/BlackHenselNYC_091-scaled.jpg|https://www.staging8.streamlineusa.com/wp-content/uploads/2019/12/BlackHenselNYC_11retouched1-scaled.jpg,"Upper West Side","A 6000 sq ft gut renovation of an existing 5 story townhouse. Challenges: Adding an elevator and a higher ceiling for basement level to accommodate wine cellar and tasting room. Installation of a new elevator and underpinning the foundation in cellar, only to hit water beneath the rock. We were also tasked with adding a new staircase while the project was underway, and recreating some of the existing coffered ceiling and wainscoting in the main living room. We then maintained the consistency of the existing coffered ceiling in main living room. Streamline's role was GC, and we self performed the millwork.",6000,"General Contractor + Millwork","Fury Design",
1835,"69th st townhouse","2019-12-10 17:11:00",https://www.staging8.streamlineusa.com/residential/upper-west-side-townhouse/,https://www.staging8.streamlineusa.com/wp-content/uploads/2020/02/UES-8-e1595540404244.jpg,Residential,0,https://www.staging8.streamlineusa.com/wp-content/uploads/2020/02/UES-8-e1595540404244.jpg|https://www.staging8.streamlineusa.com/wp-content/uploads/2020/02/UES-Townhouse-2.jpg|https://www.staging8.streamlineusa.com/wp-content/uploads/2020/02/UES-11.jpg|https://www.staging8.streamlineusa.com/wp-content/uploads/2020/02/UES-4.jpg|https://www.staging8.streamlineusa.com/wp-content/uploads/2020/02/UES-6.jpg|https://www.staging8.streamlineusa.com/wp-content/uploads/2020/02/UES-5.jpg|https://www.staging8.streamlineusa.com/wp-content/uploads/2020/02/46883486.jpg|https://www.staging8.streamlineusa.com/wp-content/uploads/2020/02/UES-7.jpg|https://www.staging8.streamlineusa.com/wp-content/uploads/2020/02/UES-9.jpg|https://www.staging8.streamlineusa.com/wp-content/uploads/2020/02/UES-10.jpg|https://www.staging8.streamlineusa.com/wp-content/uploads/2020/02/UES-Townhouse-3.jpg|https://www.staging8.streamlineusa.com/wp-content/uploads/2020/02/UES-12.jpg|https://www.staging8.streamlineusa.com/wp-content/uploads/2020/02/UES-13.jpg,"Upper East Side","A 4,500 sq foot restoration and interior upgrade of a century old townhouse formerly owned by Andy Warhol.  With new mechanicals and millwork throughout the 5 floor home, this build out was both challenging and rewarding when the finished product was unveiled.  Many of the rooms were restored to their original state but colors changed to modernize them. This has an Eggerman kitchen and the highest grade plumbing fixtures from Waterworks. Streamline was the General Contractor for this project.",4500,,"Salvatore LaRosa","B5 Studio Architects"
1907,"Sullivan St duplex","2019-12-30 19:09:00",https://www.staging8.streamlineusa.com/residential/sullivan-st-duplex-2/,https://www.staging8.streamlineusa.com/wp-content/uploads/2020/02/DSC_0847-scaled.jpg,Residential,0,https://www.staging8.streamlineusa.com/wp-content/uploads/2020/02/DSC_0872-scaled.jpeg|https://www.staging8.streamlineusa.com/wp-content/uploads/2020/02/DSC_0862-scaled.jpeg|https://www.staging8.streamlineusa.com/wp-content/uploads/2020/02/DSC_0867-scaled.jpeg|https://www.staging8.streamlineusa.com/wp-content/uploads/2020/02/DSC_0850-scaled.jpeg|https://www.staging8.streamlineusa.com/wp-content/uploads/2020/02/DSC_0863-scaled.jpg|https://www.staging8.streamlineusa.com/wp-content/uploads/2020/02/DSC_0839-scaled.jpeg|https://www.staging8.streamlineusa.com/wp-content/uploads/2020/02/DSC_0844-scaled.jpg|https://www.staging8.streamlineusa.com/wp-content/uploads/2020/02/DSC_0853-scaled.jpeg|https://www.staging8.streamlineusa.com/wp-content/uploads/2020/02/DSC_0855-scaled.jpeg|https://www.staging8.streamlineusa.com/wp-content/uploads/2020/02/DSC_0847-scaled.jpg|https://www.staging8.streamlineusa.com/wp-content/uploads/2020/02/DSC_0858-scaled.jpeg|https://www.staging8.streamlineusa.com/wp-content/uploads/2020/02/DSC_0860-scaled.jpeg|https://www.staging8.streamlineusa.com/wp-content/uploads/2020/02/DSC_0857-scaled.jpg|https://www.staging8.streamlineusa.com/wp-content/uploads/2020/02/DSC_0871-scaled.jpg|https://www.staging8.streamlineusa.com/wp-content/uploads/2020/02/DSC_0873-scaled.jpg|https://www.staging8.streamlineusa.com/wp-content/uploads/2020/02/DSC_0870-scaled.jpg,"West Village","This duplex renovation consisted of new millwork, interior finishes throughout, electrical upgrades and light fixtures. This incredible apartment with high ceilings and vast floor space has it all. Streamline performed the interior finishes for this project.",6000,,"Butter and Eggs Design","Michael Tower Architecture"
1931,"Mackage SoHo","2020-02-13 19:25:38",https://www.staging8.streamlineusa.com/commercial/mackage-soho-2/,https://www.staging8.streamlineusa.com/wp-content/uploads/2020/02/IMG_8648-scaled.jpg,Commercial,0,https://www.staging8.streamlineusa.com/wp-content/uploads/2020/02/IMG_8618-scaled.jpg|https://www.staging8.streamlineusa.com/wp-content/uploads/2020/02/IMG_8626-scaled.jpg|https://www.staging8.streamlineusa.com/wp-content/uploads/2020/02/IMG_8629-scaled.jpg|https://www.staging8.streamlineusa.com/wp-content/uploads/2020/02/IMG_8634-scaled.jpg|https://www.staging8.streamlineusa.com/wp-content/uploads/2020/02/IMG_8635-scaled.jpg|https://www.staging8.streamlineusa.com/wp-content/uploads/2020/02/IMG_8638-scaled.jpg|https://www.staging8.streamlineusa.com/wp-content/uploads/2020/02/IMG_8643-scaled.jpg|https://www.staging8.streamlineusa.com/wp-content/uploads/2020/02/IMG_8644-scaled.jpg|https://www.staging8.streamlineusa.com/wp-content/uploads/2020/02/IMG_8645-scaled.jpg|https://www.staging8.streamlineusa.com/wp-content/uploads/2020/02/IMG_8647-scaled.jpg|https://www.staging8.streamlineusa.com/wp-content/uploads/2020/02/IMG_8648-scaled.jpg,SoHo,"Full scale renovation of this SOHO retail store. New millwork, floors, cash wrap, lighting details and features throughout. Streamline was the General Contractor for this project.",4500,,Burdifilek,
2306,"East Side Townhouse","2020-05-12 00:00:26",https://www.staging8.streamlineusa.com/residential/east-side-townhouse/,https://www.staging8.streamlineusa.com/wp-content/uploads/2020/05/20200416_118East64th-3022.jpg,Residential,0,https://www.staging8.streamlineusa.com/wp-content/uploads/2020/05/East-Side-Townhouse-Featured.jpg|https://www.staging8.streamlineusa.com/wp-content/uploads/2020/05/20200416_118East64th-3037.jpg|https://www.staging8.streamlineusa.com/wp-content/uploads/2020/05/20200416_118East64th-3067.jpg|https://www.staging8.streamlineusa.com/wp-content/uploads/2020/05/20200416_118East64th-3022.jpg|https://www.staging8.streamlineusa.com/wp-content/uploads/2020/05/20200416_118East64th-3077.jpg|https://www.staging8.streamlineusa.com/wp-content/uploads/2020/05/20200416_118East64th-3102.jpg|https://www.staging8.streamlineusa.com/wp-content/uploads/2020/05/20200416_118East64th-3112.jpg|https://www.staging8.streamlineusa.com/wp-content/uploads/2020/05/20200416_118East64th-3132.jpg|https://www.staging8.streamlineusa.com/wp-content/uploads/2020/05/20200416_118East64th-3152.jpg|https://www.staging8.streamlineusa.com/wp-content/uploads/2020/05/20200416_118East64th-3162.jpg|https://www.staging8.streamlineusa.com/wp-content/uploads/2020/05/20200416_118East64th-3172.jpg|https://www.staging8.streamlineusa.com/wp-content/uploads/2020/05/20200416_118East64th-3142.jpg|https://www.staging8.streamlineusa.com/wp-content/uploads/2020/05/20200416_118East64th-3182.jpg|https://www.staging8.streamlineusa.com/wp-content/uploads/2020/05/20200416_118East64th-3362.jpg|https://www.staging8.streamlineusa.com/wp-content/uploads/2020/05/20200416_118East64th-3322.jpg|https://www.staging8.streamlineusa.com/wp-content/uploads/2020/05/20200416_118East64th-3402.jpg|https://www.staging8.streamlineusa.com/wp-content/uploads/2020/05/20200416_118East64th-3417.jpg|https://www.staging8.streamlineusa.com/wp-content/uploads/2020/05/20200416_118East64th-3332.jpg|https://www.staging8.streamlineusa.com/wp-content/uploads/2020/05/20200416_118East64th-3422.jpg|https://www.staging8.streamlineusa.com/wp-content/uploads/2020/05/20200416_118East64th-3412.jpg|https://www.staging8.streamlineusa.com/wp-content/uploads/2020/05/20200416_118East64th-3327.jpg|https://www.staging8.streamlineusa.com/wp-content/uploads/2020/05/20200416_118East64th-3307.jpg|https://www.staging8.streamlineusa.com/wp-content/uploads/2020/05/20200416_118East64th-3282.jpg|https://www.staging8.streamlineusa.com/wp-content/uploads/2020/05/20200416_118East64th-3227.jpg|https://www.staging8.streamlineusa.com/wp-content/uploads/2020/05/20200416_118East64th-3242.jpg|https://www.staging8.streamlineusa.com/wp-content/uploads/2020/05/20200416_118East64th-3302.jpg|https://www.staging8.streamlineusa.com/wp-content/uploads/2020/05/20200416_118East64th-3232.jpg|https://www.staging8.streamlineusa.com/wp-content/uploads/2020/05/20200416_118East64th-3297.jpg|https://www.staging8.streamlineusa.com/wp-content/uploads/2020/05/20200416_118East64th-3277.jpg|https://www.staging8.streamlineusa.com/wp-content/uploads/2020/05/20200416_118East64th-3212.jpg,"Upper East Side","A 3800 sq foot 90% gut renovation. The clients chose to keep some of the historical features intact for this amazing build out.  The door trims, the staircase, and the window moldings are all original and refurbished.  All new mechanicals and windows throughout modernize the project while the millwork fits in perfectly with the style of the home.  Level 5 finishing throughout and upholstered walls make this house a perfect 10. Streamline was the General Contractor for this project.",3800,,"Virginia Tupker Interiors","MZA Architecture"
2345,"Motel 23 Lounge","2020-05-12 00:11:41",https://www.staging8.streamlineusa.com/commercial/motel-23-lounge/,https://www.staging8.streamlineusa.com/wp-content/uploads/2020/05/Motel-23-Featured.jpg,Commercial,0,https://www.staging8.streamlineusa.com/wp-content/uploads/2020/05/20200422_161West23rdSt-3688-Edit-2.jpg|https://www.staging8.streamlineusa.com/wp-content/uploads/2020/05/20200422_161West23rdSt-3612.jpg|https://www.staging8.streamlineusa.com/wp-content/uploads/2020/05/20200422_161West23rdSt-3617.jpg|https://www.staging8.streamlineusa.com/wp-content/uploads/2020/05/20200422_161West23rdSt-3698.jpg|https://www.staging8.streamlineusa.com/wp-content/uploads/2020/05/20200422_161West23rdSt-3677.jpg|https://www.staging8.streamlineusa.com/wp-content/uploads/2020/05/20200422_161West23rdSt-3592.jpg|https://www.staging8.streamlineusa.com/wp-content/uploads/2020/05/20200422_161West23rdSt-3572.jpg|https://www.staging8.streamlineusa.com/wp-content/uploads/2020/05/20200422_161West23rdSt-3587.jpg|https://www.staging8.streamlineusa.com/wp-content/uploads/2020/05/20200422_161West23rdSt-3662.jpg|https://www.staging8.streamlineusa.com/wp-content/uploads/2020/05/20200422_161West23rdSt-3632.jpg|https://www.staging8.streamlineusa.com/wp-content/uploads/2020/05/Motel-23-Featured.jpg|https://www.staging8.streamlineusa.com/wp-content/uploads/2020/05/20200422_161West23rdSt-3602.jpg|https://www.staging8.streamlineusa.com/wp-content/uploads/2020/05/20200422_161West23rdSt-3667.jpg|https://www.staging8.streamlineusa.com/wp-content/uploads/2020/05/20200422_161West23rdSt-3657.jpg|https://www.staging8.streamlineusa.com/wp-content/uploads/2020/05/20200422_161West23rdSt-3672.jpg|https://www.staging8.streamlineusa.com/wp-content/uploads/2020/05/20200422_161West23rdSt-3652.jpg|https://www.staging8.streamlineusa.com/wp-content/uploads/2020/05/20200422_161West23rdSt-3642.jpg|https://www.staging8.streamlineusa.com/wp-content/uploads/2020/05/20200422_161West23rdSt-3637.jpg,Chelsea,"This iconic location has been transformed into a motel themed cocktail lounge nestled on 23rd st in the heart of Chelsea.  Owner Operator Michael Cohen’s vision combines stage shows and high end decor.  Streamline’s team of finishers created most of the millwork on site and delivered the project in record time straight through the holiday season. Streamline was the General Contractor for this project.",3500,,"Colin Fuda","Atelier New York"
2366,"Wainscott, East Hampton Residence","2020-05-12 00:20:39",https://www.staging8.streamlineusa.com/residential/wainscott-east-hampton-residence/,https://www.staging8.streamlineusa.com/wp-content/uploads/2020/05/IMG_1256.png,Residential,0,https://www.staging8.streamlineusa.com/wp-content/uploads/2020/05/IMG_1256.png|https://www.staging8.streamlineusa.com/wp-content/uploads/2020/05/IMG_1257.png|https://www.staging8.streamlineusa.com/wp-content/uploads/2020/05/IMG_2545.png|https://www.staging8.streamlineusa.com/wp-content/uploads/2020/05/IMG_2544.png|https://www.staging8.streamlineusa.com/wp-content/uploads/2020/05/IMG_1267.png|https://www.staging8.streamlineusa.com/wp-content/uploads/2020/05/IMG_2543.png|https://www.staging8.streamlineusa.com/wp-content/uploads/2020/05/IMG_1262.png|https://www.staging8.streamlineusa.com/wp-content/uploads/2020/05/IMG_1265.png|https://www.staging8.streamlineusa.com/wp-content/uploads/2020/05/IMG_1259.png|https://www.staging8.streamlineusa.com/wp-content/uploads/2020/05/IMG_1264.png|https://www.staging8.streamlineusa.com/wp-content/uploads/2020/05/IMG_1263.png|https://www.staging8.streamlineusa.com/wp-content/uploads/2020/05/IMG_1260.png|https://www.staging8.streamlineusa.com/wp-content/uploads/2020/05/IMG_1266.png|https://www.staging8.streamlineusa.com/wp-content/uploads/2020/05/IMG_1261.png|https://www.staging8.streamlineusa.com/wp-content/uploads/2020/05/IMG_1258.png,"Wainscott, East Hampton","This incredible country style home was designed by owners Nathalie and John.  The wood beams and custom kitchen make the house a stunning piece of work for the Wainscott area. A 5 bedroom 6 bathroom house makes it as comfortable as it gets.  A new roof and new siding were the last items on the list, and were completed this off-season. Streamline was the General Contractor for this project.",3200,,"Nathalie Akiya Design",
2384,"Ground Central Coffee Company","2020-05-12 00:26:29",https://www.staging8.streamlineusa.com/commercial/ground-central-coffee-company-2/,https://www.staging8.streamlineusa.com/wp-content/uploads/2020/05/Ground-Central-Featured.jpg,Commercial,0,https://www.staging8.streamlineusa.com/wp-content/uploads/2020/05/Ground-Central-Featured.jpg|https://www.staging8.streamlineusa.com/wp-content/uploads/2020/05/20200422_2ndAveGroundCentral-3773.jpg|https://www.staging8.streamlineusa.com/wp-content/uploads/2020/05/20200422_2ndAveGroundCentral-3728.jpg|https://www.staging8.streamlineusa.com/wp-content/uploads/2020/05/20200422_2ndAveGroundCentral-3763.jpg|https://www.staging8.streamlineusa.com/wp-content/uploads/2020/05/20200422_2ndAveGroundCentral-3753.jpg|https://www.staging8.streamlineusa.com/wp-content/uploads/2020/05/20200422_2ndAveGroundCentral-3788.jpg|https://www.staging8.streamlineusa.com/wp-content/uploads/2020/05/20200422_2ndAveGroundCentral-3708.jpg|https://www.staging8.streamlineusa.com/wp-content/uploads/2020/05/20200422_2ndAveGroundCentral-3733.jpg|https://www.staging8.streamlineusa.com/wp-content/uploads/2020/05/20200422_2ndAveGroundCentral-3718.jpg,"Murray Hill","This multi-location retail coffee shop operation has its own look and feel that has evolved over the years.  With may locations across the city, this 2nd Av shop has an amazing design that draws in the customers.  Ownership was very involved in the build-out process making sure we had their taste in mind when we installed all the finishes. We are very proud of how this little gem turned out! Streamline was the General Contractor for this project.",550,,"Daniel O'Connor Architects","Daniel O'Connor Architects"
2396,"Jackson heights Townhouse","2020-05-12 00:35:37",https://www.staging8.streamlineusa.com/residential/jackson-heights-townhouse-2/,https://www.staging8.streamlineusa.com/wp-content/uploads/2020/05/Jackson-Heights-Featured.png,Residential,0,https://www.staging8.streamlineusa.com/wp-content/uploads/2020/05/Jackson-Heights-Featured.png|https://www.staging8.streamlineusa.com/wp-content/uploads/2020/05/IMG_0457.png|https://www.staging8.streamlineusa.com/wp-content/uploads/2020/05/IMG_0458.png|https://www.staging8.streamlineusa.com/wp-content/uploads/2020/05/IMG_0449.png|https://www.staging8.streamlineusa.com/wp-content/uploads/2020/05/IMG_0462.png|https://www.staging8.streamlineusa.com/wp-content/uploads/2020/05/IMG_0448.png|https://www.staging8.streamlineusa.com/wp-content/uploads/2020/05/IMG_0450.png|https://www.staging8.streamlineusa.com/wp-content/uploads/2020/05/IMG_0452.png|https://www.staging8.streamlineusa.com/wp-content/uploads/2020/05/IMG_0455.png,"Jackson Heights","A full gut renovation of this century old townhouse, we maximized the space and brought all the mechanicals to brand new high-tech status. A massive bathroom with steam shower and sunken tub, reclaimed wood, custom kitchen and rebuilding the front window bay are only a few of the major new features in this house.  3 bedrooms and 3 bathrooms overall. Interiors and furniture designed by owner Nathalie Akiya and co-managed by husband John Murray, this build out was one to remember. Streamline was the General Contractor for this project.",2200,,"Nathalie Akiya Design","SWA Architecture"
2409,"Upper West Side Apartment","2020-05-12 00:42:03",https://www.staging8.streamlineusa.com/residential/upper-west-side-apartment/,https://www.staging8.streamlineusa.com/wp-content/uploads/2020/05/Upper-West-Side-Apt-Featured.jpg,Residential,0,https://www.staging8.streamlineusa.com/wp-content/uploads/2020/05/Upper-West-Side-Apt-Featured.jpg|https://www.staging8.streamlineusa.com/wp-content/uploads/2020/05/IMG_7306.jpg|https://www.staging8.streamlineusa.com/wp-content/uploads/2020/05/IMG_7300.jpg|https://www.staging8.streamlineusa.com/wp-content/uploads/2020/05/IMG_7299.jpg|https://www.staging8.streamlineusa.com/wp-content/uploads/2020/05/IMG_7302.jpg|https://www.staging8.streamlineusa.com/wp-content/uploads/2020/05/IMG_7311.jpg|https://www.staging8.streamlineusa.com/wp-content/uploads/2020/05/IMG_7313.jpg|https://www.staging8.streamlineusa.com/wp-content/uploads/2020/05/IMG_7318.jpg,"Upper West Side","This West End Ave beauty has its own NYC style.  A gut renovation that included turning a powder room into a full bathroom with a new custom kitchen brought this unique apartment to the next level in its class.  The closet with shelves for a DJ booth and classic record player gives the place a fun feel from the second you step in the door. Streamline was the General Contractor for this project.",1400,,"Yael and Ori Morag","MZA Architecture"
2425,"My Darling Ivy","2020-05-21 18:07:10",https://www.staging8.streamlineusa.com/commercial/my-darling-ivy/,https://www.staging8.streamlineusa.com/wp-content/uploads/2020/05/My-Darling-Ivy-Featured.jpg,Commercial,0,https://www.staging8.streamlineusa.com/wp-content/uploads/2020/05/20200507_444W17MyDarlingIvy-4826_27_28_29_30.jpg|https://www.staging8.streamlineusa.com/wp-content/uploads/2020/05/20200507_444W17MyDarlingIvy-4836_37_38_39_40.jpg|https://www.staging8.streamlineusa.com/wp-content/uploads/2020/05/20200507_444W17MyDarlingIvy-4841_2_3_4_5.jpg|https://www.staging8.streamlineusa.com/wp-content/uploads/2020/05/20200507_444W17MyDarlingIvy-4846_47_48_49_50.jpg|https://www.staging8.streamlineusa.com/wp-content/uploads/2020/05/20200507_444W17MyDarlingIvy-4851_2_3_4_5.jpg|https://www.staging8.streamlineusa.com/wp-content/uploads/2020/05/20200507_444W17MyDarlingIvy-4856_57_58_59_60.jpg|https://www.staging8.streamlineusa.com/wp-content/uploads/2020/05/20200507_444W17MyDarlingIvy-4861_2_3_4_5.jpg|https://www.staging8.streamlineusa.com/wp-content/uploads/2020/05/20200507_444W17MyDarlingIvy-4866_67_68_69_70.jpg|https://www.staging8.streamlineusa.com/wp-content/uploads/2020/05/20200507_444W17MyDarlingIvy-4871_2_3_4_5.jpg|https://www.staging8.streamlineusa.com/wp-content/uploads/2020/05/20200507_444W17MyDarlingIvy-4876_77_78_79_80.jpg|https://www.staging8.streamlineusa.com/wp-content/uploads/2020/05/20200507_444W17MyDarlingIvy-4881_2_3_4_5.jpg|https://www.staging8.streamlineusa.com/wp-content/uploads/2020/05/20200507_444W17MyDarlingIvy-4886_87_88_89_90.jpg|https://www.staging8.streamlineusa.com/wp-content/uploads/2020/05/20200507_444W17MyDarlingIvy-4891_2_3_4_5.jpg|https://www.staging8.streamlineusa.com/wp-content/uploads/2020/05/20200507_444W17MyDarlingIvy-4901_2_3_4_5.jpg|https://www.staging8.streamlineusa.com/wp-content/uploads/2020/05/20200507_444W17MyDarlingIvy-4906_07_08_09_10.jpg|https://www.staging8.streamlineusa.com/wp-content/uploads/2020/05/20200507_444W17MyDarlingIvy-4911_2_3_4_5.jpg|https://www.staging8.streamlineusa.com/wp-content/uploads/2020/05/20200507_444W17MyDarlingIvy-4921_2_3_4_5.jpg|https://www.staging8.streamlineusa.com/wp-content/uploads/2020/05/20200507_444W17MyDarlingIvy-4926_27_28_29_30.jpg|https://www.staging8.streamlineusa.com/wp-content/uploads/2020/05/20200507_444W17MyDarlingIvy-4931_2_3_4_5.jpg|https://www.staging8.streamlineusa.com/wp-content/uploads/2020/05/20200507_444W17MyDarlingIvy-4941_2_3_4_5.jpg|https://www.staging8.streamlineusa.com/wp-content/uploads/2020/05/20200507_444W17MyDarlingIvy-4946_47_48_49_50.jpg|https://www.staging8.streamlineusa.com/wp-content/uploads/2020/05/20200507_444W17MyDarlingIvy-4956_57_58_59_60.jpg|https://www.staging8.streamlineusa.com/wp-content/uploads/2020/05/20200507_444W17MyDarlingIvy-4961_2_3_4_5.jpg|https://www.staging8.streamlineusa.com/wp-content/uploads/2020/05/20200507_444W17MyDarlingIvy-4966_67_68_69_70.jpg|https://www.staging8.streamlineusa.com/wp-content/uploads/2020/05/20200507_444W17MyDarlingIvy-4971_2_3_4_5.jpg|https://www.staging8.streamlineusa.com/wp-content/uploads/2020/05/20200507_444W17MyDarlingIvy-4976_77_78_79_80.jpg|https://www.staging8.streamlineusa.com/wp-content/uploads/2020/05/20200507_444W17MyDarlingIvy-4981_2_3_4_5.jpg|https://www.staging8.streamlineusa.com/wp-content/uploads/2020/05/20200507_444W17MyDarlingIvy-4986_87_88_89_90.jpg|https://www.staging8.streamlineusa.com/wp-content/uploads/2020/05/20200507_444W17MyDarlingIvy-5001_2_3_4_5.jpg|https://www.staging8.streamlineusa.com/wp-content/uploads/2020/05/20200507_444W17MyDarlingIvy-5006_07_08_09_10.jpg|https://www.staging8.streamlineusa.com/wp-content/uploads/2020/05/20200507_444W17MyDarlingIvy-5016_17_18_19_20.jpg|https://www.staging8.streamlineusa.com/wp-content/uploads/2020/05/My-Darling-Ivy-Featured.jpg,Chelsea,"Custom built from scratch, this boutique salon will service the West side elites.  A combination of hexagon tile integrated into the clear oak flooring and the blackened steel mirrors with custom millwork give it an industrial yet classy feel with super high ceilings.  The electric operable door takes the location to the next level of cool! Streamline was the General Contractor for this project.",1500,,"VJ Moscaritola","Studio Stigsby"
2504,"12th st townhouse","2020-07-22 00:35:11",https://www.staging8.streamlineusa.com/commercial/12th-st-townhouse-greenwich-village/,https://www.staging8.streamlineusa.com/wp-content/uploads/2020/07/5th-Ave-Featured-copy.jpg,Commercial,0,https://www.staging8.streamlineusa.com/wp-content/uploads/2020/07/5th-Ave-9495-copy.jpg|https://www.staging8.streamlineusa.com/wp-content/uploads/2020/07/5th-Ave-9493-copy.jpg|https://www.staging8.streamlineusa.com/wp-content/uploads/2020/07/5th-Ave-9491-copy.jpg|https://www.staging8.streamlineusa.com/wp-content/uploads/2020/07/5th-Ave-9490-copy.jpg|https://www.staging8.streamlineusa.com/wp-content/uploads/2020/07/5th-Ave-9488-copy.jpg|https://www.staging8.streamlineusa.com/wp-content/uploads/2020/07/5th-Ave-9485-copy.jpg|https://www.staging8.streamlineusa.com/wp-content/uploads/2020/07/5th-Ave-9492-copy.jpg|https://www.staging8.streamlineusa.com/wp-content/uploads/2020/07/5th-Ave-9496-copy.jpg|https://www.staging8.streamlineusa.com/wp-content/uploads/2020/07/5th-Ave-9494-copy.jpg|https://www.staging8.streamlineusa.com/wp-content/uploads/2020/07/5th-Ave-9483-copy.jpg|https://www.staging8.streamlineusa.com/wp-content/uploads/2020/07/5th-Ave-9481-copy.jpg|https://www.staging8.streamlineusa.com/wp-content/uploads/2020/07/5th-Ave-Featured-copy.jpg,"5th Avenue","A 7000 sq ft 5 floor townhouse overlooking Washington Sq Park with a stunning IPE Roofdeck and a gorgeous blue stone back yard. This project was a full gut renovation that kept all the integrity of the original house in the brick and moldings that were landmarked. Streamline performed all the carpentry, finish carpentry and assisted in the millwork and finishes throughout.",7000,,"Elisabeth de Kergorlay",
2520,"Haus Nightclub","2020-07-22 00:41:33",https://www.staging8.streamlineusa.com/commercial/haus-nightclub/,https://www.staging8.streamlineusa.com/wp-content/uploads/2020/07/Haus-Featured.jpg,Commercial,0,https://www.staging8.streamlineusa.com/wp-content/uploads/2020/07/IMG_6905.jpg|https://www.staging8.streamlineusa.com/wp-content/uploads/2020/07/IMG_6910.jpg|https://www.staging8.streamlineusa.com/wp-content/uploads/2020/07/IMG_6906.jpg|https://www.staging8.streamlineusa.com/wp-content/uploads/2020/07/Haus-Featured.jpg|https://www.staging8.streamlineusa.com/wp-content/uploads/2020/07/IMG_6913.jpg|https://www.staging8.streamlineusa.com/wp-content/uploads/2020/07/IMG_6917.jpg|https://www.staging8.streamlineusa.com/wp-content/uploads/2020/07/IMG_6916.jpg|https://www.staging8.streamlineusa.com/wp-content/uploads/2020/07/IMG_6914.jpg|https://www.staging8.streamlineusa.com/wp-content/uploads/2020/07/IMG_6915.jpg|https://www.staging8.streamlineusa.com/wp-content/uploads/2020/07/IMG_6909.jpg|https://www.staging8.streamlineusa.com/wp-content/uploads/2020/07/IMG_6908.jpg,"Lower Manhattan","Located at the corner of Canal St and West Broadway, this location is in the prime zone of NYC hospitality. Canal Street has come a very long way over the years and Haus nightclub has helped take it into the direction of up. This 5500 sq foot space boasts stadium seating, a custom LED chandelier and tiger eye stone bar top. Ownership spares no expense to bring the best display of finishes they could to the customers. The front doors are part o the show. Streamline's role was GC, and we self performed the millwork and finishes.",5500,,"John Rawlins Design","SWA Architecture"
2838,"Sullivan St duplex","2022-03-01 14:58:28",https://www.staging8.streamlineusa.com/residential/sullivan-st-duplex/,https://www.staging8.streamlineusa.com/wp-content/uploads/2022/02/20210310_425West53rdSt-3669.jpg,Residential,0,https://www.staging8.streamlineusa.com/wp-content/uploads/2022/02/20210310_425West53rdSt-3619.jpg|https://www.staging8.streamlineusa.com/wp-content/uploads/2022/02/20210310_425West53rdSt-3639.jpg|https://www.staging8.streamlineusa.com/wp-content/uploads/2022/02/20210310_425West53rdSt-3629.jpg|https://www.staging8.streamlineusa.com/wp-content/uploads/2022/02/20210310_425West53rdSt-3659.jpg|https://www.staging8.streamlineusa.com/wp-content/uploads/2022/02/20210310_425West53rdSt-3664.jpg|https://www.staging8.streamlineusa.com/wp-content/uploads/2022/02/20210310_425West53rdSt-3634.jpg|https://www.staging8.streamlineusa.com/wp-content/uploads/2022/02/20210310_425West53rdSt-3669.jpg|https://www.staging8.streamlineusa.com/wp-content/uploads/2022/02/20210310_425West53rdSt-3674.jpg|https://www.staging8.streamlineusa.com/wp-content/uploads/2022/02/20210310_425West53rdSt-3684.jpg|https://www.staging8.streamlineusa.com/wp-content/uploads/2022/02/20210310_425West53rdSt-3679.jpg|https://www.staging8.streamlineusa.com/wp-content/uploads/2022/02/20210310_425West53rdSt-3699.jpg|https://www.staging8.streamlineusa.com/wp-content/uploads/2022/02/20210310_425West53rdSt-3709.jpg|https://www.staging8.streamlineusa.com/wp-content/uploads/2022/02/20210310_425West53rdSt-3739.jpg|https://www.staging8.streamlineusa.com/wp-content/uploads/2022/02/20210310_425West53rdSt-3719.jpg|https://www.staging8.streamlineusa.com/wp-content/uploads/2022/02/20210310_425West53rdSt-3752.jpg|https://www.staging8.streamlineusa.com/wp-content/uploads/2019/12/SL-_-Residential-_-215-Madision-_-Residence-3.425x3.jpg,"Hell's Kitchen","A gut renovation of a studio apartment that transforms into an elaborate bedroom at night. With designer Lynh Nguyen touch, the millwork was carefully integrated into the layout to make the space super dynamic for the client. She utilized the window wall and the long kitchen to make this beautiful studio apartment feel like home in a crowded city like NY.",750,"General Contractor","LDN interiors",
2842,"Riverside Apartment","2022-03-01 15:00:56",https://www.staging8.streamlineusa.com/residential/riverside-apartment/,https://www.staging8.streamlineusa.com/wp-content/uploads/2022/02/420-riverside-134.jpg,Residential,0,https://www.staging8.streamlineusa.com/wp-content/uploads/2022/02/420-riverside-102.jpg|https://www.staging8.streamlineusa.com/wp-content/uploads/2022/02/420-riverside-121.jpg|https://www.staging8.streamlineusa.com/wp-content/uploads/2022/02/420-riverside-134.jpg|https://www.staging8.streamlineusa.com/wp-content/uploads/2022/02/420-riverside-150.jpg|https://www.staging8.streamlineusa.com/wp-content/uploads/2022/02/420-riverside-158.jpg|https://www.staging8.streamlineusa.com/wp-content/uploads/2022/02/420-riverside-194.jpg|https://www.staging8.streamlineusa.com/wp-content/uploads/2022/02/420-riverside-249.jpg|https://www.staging8.streamlineusa.com/wp-content/uploads/2022/02/420-riverside-254.jpg|https://www.staging8.streamlineusa.com/wp-content/uploads/2022/02/420-riverside-265.jpg|https://www.staging8.streamlineusa.com/wp-content/uploads/2022/02/420-riverside-36.jpg|https://www.staging8.streamlineusa.com/wp-content/uploads/2022/02/420-riverside-50.jpg|https://www.staging8.streamlineusa.com/wp-content/uploads/2022/02/420-riverside-75.jpg,"Riverside Drive","A gut renovation of a large scale pre war apartment overlooking the riverwalk park on the Hudson. This project was a full redesign of the existing space. The relocation of the bathrooms and kitchen were very difficult while moving the waste lines below the cinder filled sleeper boards under the floor. We outfitted a service closet to house the new high tech hvac unit and added many high gloss paint features throughout. This beauty keeps alot of the original traditional taste of the apartment while modernizing every system.",2900,"General Contractor","Samantha Orley Interiors","MZA Architecture"
2847,"WARREN ST APT","2022-03-01 15:04:14",https://www.staging8.streamlineusa.com/residential/mexicue/,https://www.staging8.streamlineusa.com/wp-content/uploads/2022/02/20210222_30WarrenSt-0178.jpg,Residential,0,https://www.staging8.streamlineusa.com/wp-content/uploads/2022/02/20210222_30WarrenSt-0133.jpg|https://www.staging8.streamlineusa.com/wp-content/uploads/2022/02/20210222_30WarrenSt-0138.jpg|https://www.staging8.streamlineusa.com/wp-content/uploads/2022/02/20210222_30WarrenSt-0143.jpg|https://www.staging8.streamlineusa.com/wp-content/uploads/2022/02/20210222_30WarrenSt-0153.jpg|https://www.staging8.streamlineusa.com/wp-content/uploads/2022/02/20210222_30WarrenSt-0158.jpg|https://www.staging8.streamlineusa.com/wp-content/uploads/2022/02/20210222_30WarrenSt-0163-2.jpg|https://www.staging8.streamlineusa.com/wp-content/uploads/2022/02/20210222_30WarrenSt-0163.jpg|https://www.staging8.streamlineusa.com/wp-content/uploads/2022/02/20210222_30WarrenSt-0168-2.jpg|https://www.staging8.streamlineusa.com/wp-content/uploads/2022/02/20210222_30WarrenSt-0168.jpg|https://www.staging8.streamlineusa.com/wp-content/uploads/2022/02/20210222_30WarrenSt-0173-2.jpg|https://www.staging8.streamlineusa.com/wp-content/uploads/2022/02/20210222_30WarrenSt-0173.jpg|https://www.staging8.streamlineusa.com/wp-content/uploads/2022/02/20210222_30WarrenSt-0178-2.jpg|https://www.staging8.streamlineusa.com/wp-content/uploads/2022/02/20210222_30WarrenSt-0178.jpg|https://www.staging8.streamlineusa.com/wp-content/uploads/2022/02/20210222_30WarrenSt-0183-2.jpg|https://www.staging8.streamlineusa.com/wp-content/uploads/2022/02/20210222_30WarrenSt-0183.jpg|https://www.staging8.streamlineusa.com/wp-content/uploads/2022/02/20210222_30WarrenSt-0208-2.jpg|https://www.staging8.streamlineusa.com/wp-content/uploads/2022/02/20210222_30WarrenSt-0208.jpg|https://www.staging8.streamlineusa.com/wp-content/uploads/2022/02/20210222_30WarrenSt-0213.jpg|https://www.staging8.streamlineusa.com/wp-content/uploads/2022/02/20210222_30WarrenSt-0218.jpg|https://www.staging8.streamlineusa.com/wp-content/uploads/2022/02/20210222_30WarrenSt-0228-2.jpg|https://www.staging8.streamlineusa.com/wp-content/uploads/2022/02/20210222_30WarrenSt-0228.jpg|https://www.staging8.streamlineusa.com/wp-content/uploads/2022/02/20210222_30WarrenSt-0238-2.jpg|https://www.staging8.streamlineusa.com/wp-content/uploads/2022/02/20210222_30WarrenSt-0238.jpg|https://www.staging8.streamlineusa.com/wp-content/uploads/2022/02/20210222_30WarrenSt-0248.jpg|https://www.staging8.streamlineusa.com/wp-content/uploads/2022/02/20210222_30WarrenSt-0253.jpg|https://www.staging8.streamlineusa.com/wp-content/uploads/2022/02/20210222_30WarrenSt-0258.jpg|https://www.staging8.streamlineusa.com/wp-content/uploads/2022/02/20210222_30WarrenSt-0263.jpg|https://www.staging8.streamlineusa.com/wp-content/uploads/2022/02/20210222_30WarrenSt-0273.jpg,Tribeca,"To remodel this newly constructed penthouse and roof-deck with custom finishes and fixtures throughout. We fabricated a full scale millwork package including kitchen, vanities, and closets. The construction brought the client, architect and designers vision to life. On the roof, a 2000 sq foot deck with pavers, gas fire pit and a kid play area with stunning views of the west side and Hudson.",2600,"General Contractor","Current Interiors","Michael Tower Architecture"
2850,"Hudson Yards Mall","2022-03-01 15:06:56",https://www.staging8.streamlineusa.com/commercial/hudson-yards-mall/,https://www.staging8.streamlineusa.com/wp-content/uploads/2022/02/20210222_HudsonYardsMall-0087-scaled.jpg,Commercial,0,https://www.staging8.streamlineusa.com/wp-content/uploads/2022/02/20210222_HudsonYardsMall-0002-scaled.jpg|https://www.staging8.streamlineusa.com/wp-content/uploads/2022/02/20210222_HudsonYardsMall-0007-scaled.jpg|https://www.staging8.streamlineusa.com/wp-content/uploads/2022/02/20210222_HudsonYardsMall-0012-scaled.jpg|https://www.staging8.streamlineusa.com/wp-content/uploads/2022/02/20210222_HudsonYardsMall-0017-scaled.jpg|https://www.staging8.streamlineusa.com/wp-content/uploads/2022/02/20210222_HudsonYardsMall-0022-scaled.jpg|https://www.staging8.streamlineusa.com/wp-content/uploads/2022/02/20210222_HudsonYardsMall-0027-scaled.jpg|https://www.staging8.streamlineusa.com/wp-content/uploads/2022/02/20210222_HudsonYardsMall-0032-scaled.jpg|https://www.staging8.streamlineusa.com/wp-content/uploads/2022/02/20210222_HudsonYardsMall-0037-scaled.jpg|https://www.staging8.streamlineusa.com/wp-content/uploads/2022/02/20210222_HudsonYardsMall-0042-scaled.jpg|https://www.staging8.streamlineusa.com/wp-content/uploads/2022/02/20210222_HudsonYardsMall-0047-scaled.jpg|https://www.staging8.streamlineusa.com/wp-content/uploads/2022/02/20210222_HudsonYardsMall-0057-scaled.jpg|https://www.staging8.streamlineusa.com/wp-content/uploads/2022/02/20210222_HudsonYardsMall-0062-scaled.jpg|https://www.staging8.streamlineusa.com/wp-content/uploads/2022/02/20210222_HudsonYardsMall-0067-scaled.jpg|https://www.staging8.streamlineusa.com/wp-content/uploads/2022/02/20210222_HudsonYardsMall-0072-scaled.jpg|https://www.staging8.streamlineusa.com/wp-content/uploads/2022/02/20210222_HudsonYardsMall-0077-scaled.jpg|https://www.staging8.streamlineusa.com/wp-content/uploads/2022/02/20210222_HudsonYardsMall-0082-scaled.jpg|https://www.staging8.streamlineusa.com/wp-content/uploads/2022/02/20210222_HudsonYardsMall-0087-scaled.jpg|https://www.staging8.streamlineusa.com/wp-content/uploads/2022/02/20210222_HudsonYardsMall-0092-scaled.jpg|https://www.staging8.streamlineusa.com/wp-content/uploads/2022/02/20210222_HudsonYardsMall-0097-scaled.jpg|https://www.staging8.streamlineusa.com/wp-content/uploads/2022/02/20210222_HudsonYardsMall-0127-scaled.jpg|https://www.staging8.streamlineusa.com/wp-content/uploads/2022/02/20210222_HudsonYardsMall-0102-scaled.jpg|https://www.staging8.streamlineusa.com/wp-content/uploads/2022/02/20210222_HudsonYardsMall-0107-scaled.jpg|https://www.staging8.streamlineusa.com/wp-content/uploads/2022/02/20210222_HudsonYardsMall-0112-scaled.jpg|https://www.staging8.streamlineusa.com/wp-content/uploads/2022/02/20210222_HudsonYardsMall-0117-scaled.jpg|https://www.staging8.streamlineusa.com/wp-content/uploads/2022/02/20210222_HudsonYardsMall-0122-scaled.jpg,"Hudson Yards","To simultaneously build two stores at the same time.This all happened during the last minute crunch time and launch of the new Hudson Yards Mall. Our first and larger sized project Jack's Stir Brew coffee was not easy. Tying in to building systems and working with the buildings liaisons for access and qualifications. Our second and small project being the Body Shop retail store. As a GC, we were lucky to have both projects kick off and finish at the same time.",3500,"General Contractor",,
2853,"Vivvi Daycare","2022-03-01 15:10:23",https://www.staging8.streamlineusa.com/commercial/vivvi-daycare-hudson-yards/,https://www.staging8.streamlineusa.com/wp-content/uploads/2022/02/20210219_55HudsonYards-5373-scaled.jpg,Commercial,0,https://www.staging8.streamlineusa.com/wp-content/uploads/2022/02/20210219_55HudsonYards-5128-scaled.jpg|https://www.staging8.streamlineusa.com/wp-content/uploads/2022/02/20210219_55HudsonYards-5133-scaled.jpg|https://www.staging8.streamlineusa.com/wp-content/uploads/2022/02/20210219_55HudsonYards-5138-scaled.jpg|https://www.staging8.streamlineusa.com/wp-content/uploads/2022/02/20210219_55HudsonYards-5143-scaled.jpg|https://www.staging8.streamlineusa.com/wp-content/uploads/2022/02/20210219_55HudsonYards-5148-scaled.jpg|https://www.staging8.streamlineusa.com/wp-content/uploads/2022/02/20210219_55HudsonYards-5158-scaled.jpg|https://www.staging8.streamlineusa.com/wp-content/uploads/2022/02/20210219_55HudsonYards-5178-scaled.jpg|https://www.staging8.streamlineusa.com/wp-content/uploads/2022/02/20210219_55HudsonYards-5183-scaled.jpg|https://www.staging8.streamlineusa.com/wp-content/uploads/2022/02/20210219_55HudsonYards-5188-scaled.jpg|https://www.staging8.streamlineusa.com/wp-content/uploads/2022/02/20210219_55HudsonYards-5193-scaled.jpg|https://www.staging8.streamlineusa.com/wp-content/uploads/2022/02/20210219_55HudsonYards-5203-scaled.jpg|https://www.staging8.streamlineusa.com/wp-content/uploads/2022/02/20210219_55HudsonYards-5223-scaled.jpg|https://www.staging8.streamlineusa.com/wp-content/uploads/2022/02/20210219_55HudsonYards-5238-scaled.jpg|https://www.staging8.streamlineusa.com/wp-content/uploads/2022/02/20210219_55HudsonYards-5248-scaled.jpg|https://www.staging8.streamlineusa.com/wp-content/uploads/2022/02/20210219_55HudsonYards-5253-scaled.jpg|https://www.staging8.streamlineusa.com/wp-content/uploads/2022/02/20210219_55HudsonYards-5258-scaled.jpg|https://www.staging8.streamlineusa.com/wp-content/uploads/2022/02/20210219_55HudsonYards-5268-scaled.jpg|https://www.staging8.streamlineusa.com/wp-content/uploads/2022/02/20210219_55HudsonYards-5363-scaled.jpg|https://www.staging8.streamlineusa.com/wp-content/uploads/2022/02/20210219_55HudsonYards-5278-scaled.jpg|https://www.staging8.streamlineusa.com/wp-content/uploads/2022/02/20210219_55HudsonYards-5293-scaled.jpg|https://www.staging8.streamlineusa.com/wp-content/uploads/2022/02/20210219_55HudsonYards-5298-scaled.jpg|https://www.staging8.streamlineusa.com/wp-content/uploads/2022/02/20210219_55HudsonYards-5303-scaled.jpg|https://www.staging8.streamlineusa.com/wp-content/uploads/2022/02/20210219_55HudsonYards-5308-scaled.jpg|https://www.staging8.streamlineusa.com/wp-content/uploads/2022/02/20210219_55HudsonYards-5313-scaled.jpg|https://www.staging8.streamlineusa.com/wp-content/uploads/2022/02/20210219_55HudsonYards-5323-scaled.jpg|https://www.staging8.streamlineusa.com/wp-content/uploads/2022/02/20210219_55HudsonYards-5328-scaled.jpg|https://www.staging8.streamlineusa.com/wp-content/uploads/2022/02/20210219_55HudsonYards-5333-scaled.jpg|https://www.staging8.streamlineusa.com/wp-content/uploads/2022/02/20210219_55HudsonYards-5338-scaled.jpg|https://www.staging8.streamlineusa.com/wp-content/uploads/2022/02/20210219_55HudsonYards-5343-scaled.jpg|https://www.staging8.streamlineusa.com/wp-content/uploads/2022/02/20210219_55HudsonYards-5348-scaled.jpg|https://www.staging8.streamlineusa.com/wp-content/uploads/2022/02/20210219_55HudsonYards-5353-scaled.jpg|https://www.staging8.streamlineusa.com/wp-content/uploads/2022/02/20210219_55HudsonYards-5368-scaled.jpg|https://www.staging8.streamlineusa.com/wp-content/uploads/2022/02/20210219_55HudsonYards-5373-scaled.jpg,"Hudson Yards","To build out one of the most high profile storefront locations in the city. This awesome space came stubbed out and wide open ready for construction. We added a massive floor detail which included wall to wall waterproofing and a liquid membrane below the sub floor. This space, located across from the Jacob Javitz center, is the center point of hudson yards development. We added sona spray sound insulation to the entire ceiling and brought in all of Vivvi Day Cares signiture looks and millwork creating one of the best day care's in the city.",7500,"General Contractor","Eleven of Eleven design","Carol Gretter Elven of Eleven architecture"
2860,"Wyckoff Townhouse","2018-03-20 20:26:00",https://www.staging8.streamlineusa.com/residential/wyckoff-townhouse/,https://www.staging8.streamlineusa.com/wp-content/uploads/2022/02/20211202_118WyckoffSt-0964-scaled.jpg,Residential,0,https://www.staging8.streamlineusa.com/wp-content/uploads/2022/02/20211202_118WyckoffSt-0964-scaled.jpg|https://www.staging8.streamlineusa.com/wp-content/uploads/2022/02/20211202_118WyckoffSt-0974-scaled.jpg|https://www.staging8.streamlineusa.com/wp-content/uploads/2022/02/20211202_118WyckoffSt-0994-scaled.jpg|https://www.staging8.streamlineusa.com/wp-content/uploads/2022/02/20211202_118WyckoffSt-1009-scaled.jpg|https://www.staging8.streamlineusa.com/wp-content/uploads/2022/02/20211202_118WyckoffSt-1039-scaled.jpg|https://www.staging8.streamlineusa.com/wp-content/uploads/2022/02/20211202_118WyckoffSt-1074-scaled.jpg|https://www.staging8.streamlineusa.com/wp-content/uploads/2022/02/20211202_118WyckoffSt-1099-scaled.jpg|https://www.staging8.streamlineusa.com/wp-content/uploads/2022/02/20211202_118WyckoffSt-1104-scaled.jpg|https://www.staging8.streamlineusa.com/wp-content/uploads/2022/02/20211202_118WyckoffSt-1159-scaled.jpg|https://www.staging8.streamlineusa.com/wp-content/uploads/2022/02/20211202_118WyckoffSt-1174-scaled.jpg|https://www.staging8.streamlineusa.com/wp-content/uploads/2022/02/20211202_118WyckoffSt-1179-scaled.jpg|https://www.staging8.streamlineusa.com/wp-content/uploads/2022/02/20211202_118WyckoffSt-1184-scaled.jpg,Brooklyn,"To gut renovate the garden floor, outfit with all new millwork and refinish all of the upper floors. The floors were sanded throughout so the colors matched on the older and new floor areas. We did a full level 5 paint job which included the stairs, moldings and doors throughout. There was installation of new recessed lighting in all the areas on the main floor as well as relocation of the AV system for the house. This classic century-old Brooklyn townhouse looks brand new!",4500,"General Contractor","Current Interiors, Rachel Kane, and Xandro Aventajado",
